Candace,Roach,CA,candace.roach@gmail.com,1958-10-20
Jason,Hayes,GB,jason.hayes@yahoo.com,2006-07-02
Amanda,Ross,GB,amanda.ross@gmail.com,1962-10-31
Aaron,Bowen,DE,aaron.bowen@yahoo.com,1990-11-02
Brianna,Mills,US,brianna.mills@yahoo.com,1954-10-22
Shawn,Juarez,US,shawn.juarez@yahoo.com,1992-10-08
Corey,Garza,US,corey.garza@gmail.com,1960-05-23
Christopher,Williams,US,christopher.williams@yahoo.com,1975-01-27
Timothy,Munoz,CA,timothy.munoz@gmail.com,1995-05-03
Catherine,Browning,CA,catherine.browning@yahoo.com,1961-06-30
Jasmine,Frederick,CA,jasmine.frederick@yahoo.com,1959-02-08
Mark,Russo,GB,mark.russo@gmail.com,2003-11-10
Samuel,Ball,NL,samuel.ball@hotmail.com,1970-05-19
Tiffany,Ryan,US,tiffany.ryan@hotmail.com,1980-11-24
Norma,Williams,US,norma.williams@gmail.com,2001-08-10
Sheila,Hall,US,sheila.hall@hotmail.com,2004-11-11
Aaron,Murphy,CA,aaron.murphy@gmail.com,1958-11-03
Tammy,Bell,US,tammy.bell@yahoo.com,1954-06-20
David,Williams,US,david.williams@gmail.com,1953-04-10
Amanda,Rasmussen,US,amanda.rasmussen@hotmail.com,1963-01-29
Susan,Fitzgerald,US,susan.fitzgerald@yahoo.com,1969-07-28
Jeffery,Parker,US,jeffery.parker@yahoo.com,1963-03-25
Kristin,Harvey,CA,kristin.harvey@hotmail.com,1982-06-05
James,Jefferson,DE,james.jefferson@hotmail.com,1963-12-14
Renee,Horton,US,renee.horton@yahoo.com,2002-06-24
Mary,Mcdonald,GB,mary.mcdonald@yahoo.com,1963-05-09
Steven,Taylor,US,steven.taylor@gmail.com,1989-04-14
Janet,Brown,US,janet.brown@gmail.com,1986-03-18
Philip,Bates,US,philip.bates@yahoo.com,1952-10-30
Carolyn,Watts,CA,carolyn.watts@yahoo.com,1978-04-11
John,Stein,CA,john.stein@hotmail.com,1993-02-13
Jason,Cruz,GB,jason.cruz@hotmail.com,1964-09-11
Elizabeth,Lam,US,elizabeth.lam@gmail.com,1993-10-28
Gregory,White,US,gregory.white@gmail.com,1978-08-12
Lori,Garza,NL,lori.garza@yahoo.com,2002-03-06
Joanne,Mckinney,AU,joanne.mckinney@hotmail.com,1997-09-06
Sean,Hernandez,NL,sean.hernandez@yahoo.com,1974-12-26
Katie,Potter,CA,katie.potter@hotmail.com,1962-05-22
Kimberly,Mcdowell,NL,kimberly.mcdowell@hotmail.com,1958-08-02
Dennis,Perez,CA,dennis.perez@yahoo.com,1997-02-21
Michael,Boyd,US,michael.boyd@gmail.com,1985-09-05
Patrick,Thomas,CA,patrick.thomas@gmail.com,1967-04-30
Breanna,Gilbert,DE,breanna.gilbert@yahoo.com,2001-06-02
Shawn,Cunningham,US,shawn.cunningham@yahoo.com,1998-07-22
Erik,Schultz,US,erik.schultz@yahoo.com,2007-03-15
Cody,Benson,US,cody.benson@hotmail.com,1958-05-06
Phillip,Padilla,DE,phillip.padilla@gmail.com,1952-12-02
Troy,Johnson,GB,troy.johnson@yahoo.com,1973-11-07
Jasmine,Garza,NL,jasmine.garza@hotmail.com,1968-11-21
Molly,Willis,US,molly.willis@hotmail.com,1978-01-08
Caleb,Johnson,US,caleb.johnson@yahoo.com,1995-11-19
Marie,Ball,US,marie.ball@gmail.com,1955-05-29
Larry,Rodriguez,US,larry.rodriguez@hotmail.com,1985-02-04
Paul,Wolfe,US,paul.wolfe@yahoo.com,2007-09-30
Jesse,Roman,FR,jesse.roman@gmail.com,1997-08-10
Timothy,Sexton,US,timothy.sexton@hotmail.com,1991-11-15
John,Garcia,CA,john.garcia@hotmail.com,1955-06-27
Dominique,Jones,US,dominique.jones@hotmail.com,1976-01-03
Terri,Davis,CA,terri.davis@gmail.com,1996-01-08
Jeffrey,Pollard,US,jeffrey.pollard@hotmail.com,1990-06-10
Diane,Hughes,CA,diane.hughes@gmail.com,1956-08-30
Lauren,Wallace,US,lauren.wallace@gmail.com,1969-05-23
Gary,Johnson,US,gary.johnson@hotmail.com,1961-08-19
Kendra,Guerrero,CA,kendra.guerrero@gmail.com,1999-10-15
Taylor,Sanchez,US,taylor.sanchez@yahoo.com,1955-11-07
Cody,Zimmerman,AU,cody.zimmerman@yahoo.com,1990-11-02
Dylan,Figueroa,NL,dylan.figueroa@gmail.com,2000-03-07
James,Delgado,US,james.delgado@hotmail.com,1990-07-11
Tammy,Fisher,CA,tammy.fisher@yahoo.com,2005-04-18
Daniel,Anderson,AU,daniel.anderson@yahoo.com,1960-12-26
Melissa,Rivera,CA,melissa.rivera@hotmail.com,1987-03-24
Katherine,Robinson,US,katherine.robinson@hotmail.com,2002-10-23
Amber,Graves,US,amber.graves@yahoo.com,1999-02-23
Sean,Day,US,sean.day@yahoo.com,1998-05-30
Corey,French,US,corey.french@yahoo.com,1992-09-01
Bradley,Ramirez,US,bradley.ramirez@hotmail.com,2005-04-10
Derrick,Robinson,GB,derrick.robinson@gmail.com,1957-11-10
Hunter,Chang,US,hunter.chang@gmail.com,1962-05-12
Jeremy,White,GB,jeremy.white@yahoo.com,1999-12-25
Brittany,Hunt,SE,brittany.hunt@yahoo.com,1993-10-09
Justin,Henry,AU,justin.henry@hotmail.com,1975-09-12
Victoria,White,US,victoria.white@yahoo.com,1997-12-17
Rachel,Figueroa,GB,rachel.figueroa@hotmail.com,1986-10-14
Todd,Ramsey,US,todd.ramsey@gmail.com,2000-06-16
Rachael,Doyle,US,rachael.doyle@hotmail.com,1995-08-28
Karen,Collins,CA,karen.collins@gmail.com,2007-12-21
Nathaniel,Rhodes,GB,nathaniel.rhodes@yahoo.com,1968-05-06
Sabrina,Lam,US,sabrina.lam@yahoo.com,1959-01-08
Stephanie,Brennan,CA,stephanie.brennan@gmail.com,1967-09-21
Brenda,Mayo,FR,brenda.mayo@hotmail.com,1954-11-09
John,Smith,US,w1MtUajohn.smith@yahoo.com,1977-01-31
Jose,Burke,US,jose.burke@gmail.com,1970-11-13
Eddie,Lester,US,eddie.lester@gmail.com,1990-08-13
Terri,Gaines,US,terri.gaines@hotmail.com,1992-03-10
Mark,Gallagher,AU,mark.gallagher@hotmail.com,2000-06-12
Travis,Blackwell,NL,travis.blackwell@hotmail.com,1964-12-24
Jennifer,Dunn,CA,OFkAVdjennifer.dunn@hotmail.com,1950-11-19
Charles,Brown,US,charles.brown@hotmail.com,1958-11-04
Sandra,Charles,CA,sandra.charles@hotmail.com,1981-05-26
Denise,Phillips,US,denise.phillips@hotmail.com,1977-08-21
Kristine,Tucker,US,kristine.tucker@hotmail.com,1957-05-19
Megan,Jenkins,CA,megan.jenkins@gmail.com,1987-01-05
Briana,Morse,CA,briana.morse@gmail.com,1989-06-23
Paula,Moon,NL,paula.moon@hotmail.com,1982-07-19
Susan,Ward,US,susan.ward@yahoo.com,1968-08-24
Christopher,Owens,AU,christopher.owens@yahoo.com,1988-10-09
Lauren,Young,AU,lauren.young@gmail.com,1990-11-12
Rebecca,Holmes,AU,rebecca.holmes@hotmail.com,1995-07-08
Jonathan,Trevino,US,jonathan.trevino@hotmail.com,1954-10-19
Rebecca,Walsh,US,rebecca.walsh@yahoo.com,1979-04-02
Joanna,Berger,US,joanna.berger@hotmail.com,2006-02-22
Brittany,Welch,US,brittany.welch@gmail.com,1999-05-07
James,Moore,DE,james.moore@yahoo.com,1953-07-25
Jason,Daniels,US,jason.daniels@gmail.com,1991-06-12
David,Delacruz,US,david.delacruz@hotmail.com,1985-12-29
Jorge,Cross,GB,jorge.cross@yahoo.com,1997-07-01
Cynthia,Johnson,US,cynthia.johnson@hotmail.com,1950-10-20
Linda,Harvey,US,linda.harvey@yahoo.com,1965-07-22
Maria,Munoz,DE,maria.munoz@yahoo.com,1973-09-20
Calvin,Brown,NL,calvin.brown@yahoo.com,2000-01-21
Jeremy,Herrera,US,jeremy.herrera@yahoo.com,1961-05-13
Erika,Weiss,US,erika.weiss@gmail.com,1995-01-06
Elizabeth,Hebert,US,elizabeth.hebert@yahoo.com,1988-09-27
Deanna,Compton,US,deanna.compton@hotmail.com,1999-05-28
Ricky,Williams,DE,ricky.williams@gmail.com,1962-04-20
Joyce,Li,US,joyce.li@yahoo.com,2006-10-30
Rebekah,Gonzalez,US,rebekah.gonzalez@gmail.com,1989-06-14
Steven,Jackson,NL,hfKgxmsteven.jackson@gmail.com,1953-06-22
Jennifer,Bailey,US,jennifer.bailey@hotmail.com,1975-07-26
Jeffrey,Johnson,US,JjM7ihjeffrey.johnson@gmail.com,1991-12-24
Christine,Kirk,US,christine.kirk@yahoo.com,2006-07-20
Ryan,Tran,US,ryan.tran@hotmail.com,1994-08-11
Matthew,Reynolds,US,matthew.reynolds@yahoo.com,1991-09-23
Melissa,Hernandez,GB,melissa.hernandez@hotmail.com,1975-09-19
Steven,Farmer,CA,steven.farmer@gmail.com,1966-05-15
Christopher,Lee,US,UaWJAqchristopher.lee@yahoo.com,1970-07-12
Lisa,Davis,US,lisa.davis@hotmail.com,1955-09-03
Evelyn,Walker,CA,evelyn.walker@hotmail.com,1961-09-02
Jacqueline,Anderson,US,jacqueline.anderson@yahoo.com,1972-05-19
Dan,Page,GB,dan.page@gmail.com,1957-09-20
Todd,Butler,US,todd.butler@gmail.com,1989-12-17
Tanner,Garcia,AU,tanner.garcia@hotmail.com,1989-11-29
Sara,Caldwell,US,sara.caldwell@yahoo.com,1991-07-10
Anthony,Harrison,FR,anthony.harrison@hotmail.com,1997-06-01
Danielle,Blackburn,US,danielle.blackburn@hotmail.com,1978-11-12
Chad,Soto,US,chad.soto@hotmail.com,1957-06-05
Kelly,Daniel,US,kelly.daniel@gmail.com,1969-08-14
Lisa,Jones,US,lisa.jones@gmail.com,1982-09-27
Anna,Torres,US,wyHwBYanna.torres@hotmail.com,1993-05-02
William,Mcdonald,US,william.mcdonald@yahoo.com,2008-01-28
Brenda,Gray,US,brenda.gray@hotmail.com,2006-06-13
Jason,Mcintosh,US,jason.mcintosh@hotmail.com,1967-04-22
Thomas,Robles,US,thomas.robles@yahoo.com,1975-03-14
Jodi,Hamilton,US,jodi.hamilton@yahoo.com,1985-12-28
Rachel,Phillips,CA,rachel.phillips@hotmail.com,1950-11-20
Holly,Moss,CA,holly.moss@yahoo.com,1958-11-30
Matthew,Wagner,FR,matthew.wagner@gmail.com,1987-03-01
Michelle,Hampton,DE,michelle.hampton@gmail.com,1979-06-25
Jessica,Johnson,US,MqIZQljessica.johnson@yahoo.com,1960-08-27
Jonathan,Goodman,CA,jonathan.goodman@hotmail.com,1984-03-04
Randall,Rosales,GB,randall.rosales@yahoo.com,1996-05-09
Daniel,Sosa,NL,daniel.sosa@gmail.com,1954-12-29
Randy,Love,CA,randy.love@yahoo.com,1956-12-24
Spencer,Powell,FR,spencer.powell@hotmail.com,1971-05-27
Stephen,Bentley,US,stephen.bentley@gmail.com,1975-02-01
William,Chapman,US,william.chapman@hotmail.com,1978-12-14
Nicole,Thompson,NL,nicole.thompson@yahoo.com,1999-12-10
Sara,Howard,US,sara.howard@yahoo.com,1991-11-27
Amanda,Sweeney,US,amanda.sweeney@gmail.com,1969-10-05
Ashley,Campbell,CA,ashley.campbell@yahoo.com,1983-10-07
Brenda,Davis,DE,brenda.davis@hotmail.com,1989-06-10
Lindsey,Meza,US,lindsey.meza@hotmail.com,1967-01-17
Felicia,Scott,US,felicia.scott@yahoo.com,1988-03-04
Jessica,Fleming,FR,jessica.fleming@yahoo.com,2006-05-16
Lisa,Dennis,AU,lisa.dennis@yahoo.com,1978-08-30
Meagan,Cooper,CA,meagan.cooper@yahoo.com,1955-09-05
Lisa,Mooney,SE,lisa.mooney@hotmail.com,1994-07-22
Denise,Ford,US,denise.ford@gmail.com,1989-06-13
Joan,Peters,US,joan.peters@gmail.com,1968-11-21
Caitlin,Nelson,CA,caitlin.nelson@hotmail.com,1997-06-06
Brittney,Santos,GB,brittney.santos@gmail.com,1958-08-26
Phillip,Bowen,US,phillip.bowen@hotmail.com,1968-07-23
Matthew,Floyd,US,matthew.floyd@hotmail.com,1952-10-14
Kara,Duncan,DE,kara.duncan@hotmail.com,1953-09-23
Patricia,Richardson,CA,patricia.richardson@gmail.com,1963-11-27
Nicole,Manning,US,nicole.manning@gmail.com,2001-02-02
Adam,Mills,US,adam.mills@hotmail.com,1997-07-13
Joshua,Velasquez,US,joshua.velasquez@yahoo.com,1992-02-21
Michelle,Martin,CA,michelle.martin@gmail.com,1953-10-30
Jill,Pearson,US,jill.pearson@gmail.com,1993-07-06
Joseph,Williams,US,joseph.williams@gmail.com,1979-10-05
Jeffrey,Thompson,US,jeffrey.thompson@hotmail.com,1979-08-17
Steven,Mueller,US,steven.mueller@gmail.com,2002-06-03
Alejandro,Stephens,NL,alejandro.stephens@gmail.com,2005-09-08
David,Wilson,US,david.wilson@hotmail.com,1992-03-11
Zachary,Williams,US,zachary.williams@hotmail.com,1950-12-01
Joshua,Frank,US,joshua.frank@yahoo.com,1983-02-27
Alan,Williams,AU,alan.williams@gmail.com,1992-04-25
Ryan,Mcintyre,US,ryan.mcintyre@hotmail.com,1983-02-14
Jacqueline,Martinez,US,jacqueline.martinez@yahoo.com,1972-01-04
Christian,Clark,US,christian.clark@gmail.com,1951-11-03
Gerald,Yates,US,gerald.yates@yahoo.com,1969-05-25
Marcus,Rodriguez,DE,marcus.rodriguez@gmail.com,1960-10-12
Amber,Glenn,NL,amber.glenn@gmail.com,1955-10-20
Jeremy,Kelly,GB,jeremy.kelly@yahoo.com,1996-06-23
Donna,Richardson,GB,donna.richardson@yahoo.com,1963-09-20
Mary,Wells,GB,mary.wells@hotmail.com,1954-05-30
Jacob,Smith,US,jacob.smith@hotmail.com,1983-12-15
Dawn,Torres,GB,dawn.torres@hotmail.com,1992-07-07
Jason,Johnson,US,1WA2Vajason.johnson@gmail.com,1982-02-05
Brooke,Garcia,US,brooke.garcia@yahoo.com,1999-09-18
Jasmine,Lopez,DE,jasmine.lopez@hotmail.com,1990-07-30
Billy,Gardner,US,billy.gardner@gmail.com,1964-08-20
Brenda,Nguyen,US,brenda.nguyen@yahoo.com,1996-05-09
Jane,Adams,GB,jane.adams@yahoo.com,1997-10-28
Tamara,Phelps,GB,tamara.phelps@hotmail.com,1975-04-07
Carol,Martin,US,carol.martin@gmail.com,1975-07-12
David,Flores,US,david.flores@yahoo.com,1970-10-27
Martha,Frost,GB,martha.frost@hotmail.com,1985-10-13
Robin,Rivera,US,robin.rivera@yahoo.com,1998-04-21
Pam,Henderson,US,pam.henderson@gmail.com,1956-02-18
Adam,Stewart,SE,adam.stewart@gmail.com,1979-01-30
Julia,Frost,US,julia.frost@yahoo.com,1979-08-10
Joshua,Ward,US,joshua.ward@gmail.com,2003-01-11
Shelly,Mann,US,shelly.mann@hotmail.com,1998-12-01
Susan,Sweeney,AU,susan.sweeney@gmail.com,1972-11-25
Jimmy,Oneill,DE,jimmy.oneill@yahoo.com,1953-02-01
Margaret,Bowen,FR,margaret.bowen@gmail.com,1974-01-31
Teresa,Mcdonald,US,teresa.mcdonald@gmail.com,1972-09-19
Michael,Young,US,michael.young@yahoo.com,1988-10-09
Jessica,Moore,FR,DDaKCXjessica.moore@gmail.com,1962-09-07
Sarah,Simmons,DE,sarah.simmons@hotmail.com,1971-04-19
Mary,Davis,SE,UBcBIDmary.davis@hotmail.com,1978-04-07
Kara,Rollins,CA,kara.rollins@hotmail.com,1951-03-13
Amanda,Wells,US,amanda.wells@hotmail.com,1970-09-01
Richard,Grant,US,richard.grant@hotmail.com,1953-08-16
Samuel,Whitaker,US,samuel.whitaker@yahoo.com,1980-09-23
James,Ortiz,US,james.ortiz@hotmail.com,1955-12-15
Brooke,Gutierrez,NL,brooke.gutierrez@gmail.com,1998-12-04
William,Johnson,US,HiA7Vrwilliam.johnson@yahoo.com,1958-08-16
Melissa,Stanley,US,melissa.stanley@hotmail.com,1991-05-27
Emily,Warren,SE,emily.warren@yahoo.com,1972-10-02
Charles,Walsh,US,charles.walsh@yahoo.com,1994-01-08
Ronald,Newton,US,ronald.newton@hotmail.com,1987-08-07
Victoria,Hamilton,US,victoria.hamilton@gmail.com,1970-02-03
Tiffany,Nolan,US,tiffany.nolan@hotmail.com,2002-07-23
Victoria,Campbell,US,victoria.campbell@gmail.com,1994-01-07
Levi,Maynard,DE,levi.maynard@yahoo.com,1964-01-05
Raymond,Garcia,GB,raymond.garcia@hotmail.com,1984-05-18
Mary,Miller,US,VsVMwCmary.miller@gmail.com,1963-08-16
Sandra,Rodriguez,FR,sandra.rodriguez@hotmail.com,1962-08-12
Joshua,Clements,CA,joshua.clements@yahoo.com,1970-01-17
Justin,Rogers,US,justin.rogers@hotmail.com,1962-10-19
Megan,Warren,GB,megan.warren@yahoo.com,1962-02-09
Steven,Moore,US,BPUERtsteven.moore@hotmail.com,1957-02-03
Kristin,King,AU,kristin.king@hotmail.com,2002-02-09
Fred,Hammond,AU,fred.hammond@gmail.com,1972-10-18
Carly,Cox,GB,carly.cox@yahoo.com,1984-02-20
Charles,Gregory,SE,charles.gregory@yahoo.com,1961-08-26
Nathaniel,Beck,US,nathaniel.beck@hotmail.com,1993-03-14
Frank,Hodge,CA,frank.hodge@hotmail.com,1972-07-05
Stephanie,Wilcox,AU,stephanie.wilcox@hotmail.com,1974-09-10
Keith,Rogers,AU,TuAFZVkeith.rogers@hotmail.com,1961-05-27
Monica,Thomas,US,monica.thomas@yahoo.com,1989-12-04
John,Levine,US,john.levine@yahoo.com,1994-08-06
Stacy,Dunlap,US,stacy.dunlap@hotmail.com,1985-03-01
Felicia,Shaffer,GB,felicia.shaffer@yahoo.com,1974-06-29
Lisa,Mcdowell,US,lisa.mcdowell@gmail.com,1955-02-05
Andrea,Nelson,US,andrea.nelson@gmail.com,1997-01-21
Thomas,Abbott,US,thomas.abbott@gmail.com,1960-01-02
Ashley,Giles,AU,ashley.giles@hotmail.com,1962-07-20
Stephen,Weeks,AU,stephen.weeks@hotmail.com,1965-10-28
Shelly,Gonzalez,US,shelly.gonzalez@yahoo.com,1988-09-12
Leslie,Martinez,US,leslie.martinez@yahoo.com,1985-06-05
Anthony,Edwards,CA,anthony.edwards@hotmail.com,1956-03-12
Allison,Greer,SE,allison.greer@yahoo.com,1997-06-07
Jennifer,Campbell,US,jennifer.campbell@hotmail.com,1957-12-25
Sabrina,Marshall,GB,sabrina.marshall@yahoo.com,1961-03-03
Laurie,Edwards,US,laurie.edwards@yahoo.com,2001-06-02
Edward,Tran,FR,edward.tran@yahoo.com,1995-02-14
Tyler,Johnson,US,tyler.johnson@hotmail.com,2000-06-09
Nicole,Schmidt,GB,nicole.schmidt@hotmail.com,1972-11-17
Rachael,Nunez,US,rachael.nunez@gmail.com,1991-09-23
David,Fuller,US,david.fuller@yahoo.com,1978-01-12
Evelyn,Buckley,US,evelyn.buckley@yahoo.com,1979-11-29
Pamela,Coleman,CA,pamela.coleman@gmail.com,1989-05-11
Juan,Russell,AU,juan.russell@yahoo.com,1995-01-31
Heather,Gonzales,US,heather.gonzales@gmail.com,1971-10-07
Jeffrey,Johnson,US,yuXcjYjeffrey.johnson@gmail.com,1974-01-16
Stephanie,Delgado,AU,stephanie.delgado@yahoo.com,1951-07-25
John,Moyer,US,john.moyer@gmail.com,1973-04-08
Barbara,Fernandez,US,barbara.fernandez@yahoo.com,1969-02-23
Andrew,Stevens,NL,andrew.stevens@gmail.com,1970-07-27
Aaron,King,US,aaron.king@yahoo.com,1988-12-09
Sherri,Miller,US,sherri.miller@gmail.com,1953-09-21
Nicholas,Logan,NL,nicholas.logan@gmail.com,2005-07-27
David,Norris,US,david.norris@hotmail.com,1987-01-29
Donald,Williams,CA,donald.williams@gmail.com,1974-04-14
Daniel,Burton,US,daniel.burton@yahoo.com,1980-12-07
Joshua,Bell,US,joshua.bell@yahoo.com,1998-03-17
Teresa,Keller,CA,teresa.keller@yahoo.com,1981-12-22
Megan,Stewart,CA,megan.stewart@hotmail.com,2008-04-01
Sherri,Dunn,US,sherri.dunn@yahoo.com,1992-05-07
Tiffany,Hawkins,US,tiffany.hawkins@yahoo.com,1999-06-26
Michael,Nguyen,GB,iTnxD5michael.nguyen@gmail.com,1968-07-31
Catherine,Vang,US,catherine.vang@hotmail.com,1987-06-05
Dennis,Whitehead,US,dennis.whitehead@yahoo.com,1982-10-16
Caleb,Day,DE,caleb.day@yahoo.com,1994-12-17
Tina,Gutierrez,US,tina.gutierrez@gmail.com,1993-02-11
Holly,Edwards,US,holly.edwards@gmail.com,1979-04-10
Brian,Larsen,AU,brian.larsen@yahoo.com,1994-06-07
Tracey,Collins,US,tracey.collins@yahoo.com,1977-08-08
Robert,Ball,US,hiGEt4robert.ball@gmail.com,1990-10-01
Jessica,King,US,jessica.king@yahoo.com,1970-11-10
Rebecca,Wagner,US,rebecca.wagner@yahoo.com,1980-07-17
Grace,Fisher,CA,grace.fisher@gmail.com,1999-05-03
Joseph,Nguyen,AU,joseph.nguyen@gmail.com,1958-04-05
Rodney,Cohen,DE,rodney.cohen@yahoo.com,1960-04-04
Brian,Howard,AU,brian.howard@gmail.com,1951-09-27
Heather,Long,US,heather.long@hotmail.com,1953-08-01
Jasmine,Roberts,US,jasmine.roberts@yahoo.com,2002-08-15
Tyler,Wade,CA,tyler.wade@hotmail.com,1997-08-28
Christian,Lopez,GB,christian.lopez@hotmail.com,1955-12-21
Jamie,Mullins,AU,jamie.mullins@gmail.com,1997-05-07
Patricia,Nielsen,US,patricia.nielsen@hotmail.com,1999-07-26
Jason,Hughes,US,jason.hughes@gmail.com,1989-01-18
Ethan,Wilson,US,ethan.wilson@hotmail.com,2005-02-13
Jessica,Alvarez,CA,jessica.alvarez@gmail.com,1982-08-29
Anthony,Wright,US,anthony.wright@gmail.com,1951-06-03
Brian,Vega,US,brian.vega@hotmail.com,2001-02-11
Timothy,Wright,US,timothy.wright@gmail.com,1982-06-06
Kimberly,Nelson,DE,jfVzjxkimberly.nelson@hotmail.com,1957-02-14
Kimberly,Reynolds,CA,kimberly.reynolds@hotmail.com,1960-03-24
Martha,Foster,US,martha.foster@hotmail.com,1969-06-20
Tracy,Bowers,US,tracy.bowers@hotmail.com,1969-01-24
Xavier,Barrera,AU,xavier.barrera@hotmail.com,1971-05-22
Matthew,Graves,CA,matthew.graves@yahoo.com,1963-01-08
Peter,Murphy,GB,peter.murphy@gmail.com,1992-09-04
James,Wagner,US,james.wagner@gmail.com,1966-04-07
Jamie,Cooper,US,jamie.cooper@hotmail.com,1973-04-18
Robert,Mayer,US,robert.mayer@yahoo.com,1961-04-30
Jacob,Carr,FR,jacob.carr@hotmail.com,1978-05-24
Joseph,Wallace,CA,joseph.wallace@hotmail.com,1962-07-16
Douglas,Miller,NL,douglas.miller@gmail.com,2004-07-17
Shawn,Brown,US,shawn.brown@gmail.com,1999-11-06
Ernest,Booker,US,ernest.booker@gmail.com,1953-12-08
Mary,Hunt,US,mary.hunt@hotmail.com,1971-03-08
William,Valenzuela,CA,william.valenzuela@hotmail.com,1953-11-15
Brittany,Wilson,US,brittany.wilson@hotmail.com,1996-06-03
Peter,Nelson,SE,peter.nelson@yahoo.com,1998-01-16
Lori,Hampton,US,lori.hampton@yahoo.com,1988-09-09
Maria,Ramsey,CA,maria.ramsey@yahoo.com,1959-08-03
David,Ellison,GB,david.ellison@hotmail.com,2006-04-09
Michelle,Roman,US,michelle.roman@hotmail.com,1965-10-20
Lisa,Lee,DE,lisa.lee@gmail.com,1983-12-06
Tony,French,CA,tony.french@yahoo.com,1987-06-04
Wendy,Wood,CA,wendy.wood@hotmail.com,1978-12-28
Carla,Gomez,US,carla.gomez@yahoo.com,1957-09-26
Christopher,Cole,US,christopher.cole@gmail.com,1982-01-02
Gregory,Sanders,US,gregory.sanders@yahoo.com,1967-10-10
Ronald,Smith,US,ronald.smith@yahoo.com,1955-02-13
Dennis,Allen,AU,dennis.allen@hotmail.com,1962-10-27
Brian,Moore,US,BgQG9ubrian.moore@yahoo.com,1963-02-05
Timothy,Torres,US,timothy.torres@yahoo.com,1963-06-07
Keith,Hamilton,US,keith.hamilton@gmail.com,1975-03-01
Julie,Snyder,GB,julie.snyder@hotmail.com,2007-11-16
Amy,Ware,US,amy.ware@yahoo.com,2002-10-28
Bruce,Dunn,US,bruce.dunn@gmail.com,1986-12-14
Daniel,Valentine,CA,daniel.valentine@hotmail.com,1960-01-14
Vanessa,Mann,CA,vanessa.mann@gmail.com,1956-09-30
Wayne,Sweeney,US,wayne.sweeney@gmail.com,1983-11-10
Elizabeth,Cherry,CA,elizabeth.cherry@yahoo.com,1954-07-08
Stephen,Freeman,US,stephen.freeman@gmail.com,1997-12-18
Michele,Hudson,CA,michele.hudson@yahoo.com,1982-11-19
Jeremy,Lynch,US,jeremy.lynch@gmail.com,2001-03-15
Angela,Burke,CA,angela.burke@gmail.com,1986-06-22
Debra,Dixon,US,debra.dixon@gmail.com,1950-06-12
Jerome,Harding,US,jerome.harding@hotmail.com,1959-10-27
April,Schneider,CA,april.schneider@yahoo.com,1988-02-04
Michael,Johnson,NL,michael.johnson@gmail.com,2000-12-25
Laura,Carpenter,GB,laura.carpenter@yahoo.com,1981-01-14
Christopher,Hogan,CA,christopher.hogan@gmail.com,1964-10-24
Tonya,Nguyen,GB,tonya.nguyen@yahoo.com,1995-08-30
Scott,Copeland,AU,scott.copeland@yahoo.com,2007-10-22
John,Stewart,US,john.stewart@gmail.com,1954-09-24
Vanessa,Oliver,CA,vanessa.oliver@hotmail.com,2008-04-16
Gina,Rich,DE,gina.rich@yahoo.com,1977-10-04
Caleb,Haynes,US,caleb.haynes@yahoo.com,1995-02-14
James,Wilson,GB,ahackOjames.wilson@hotmail.com,1996-07-09
Tina,Edwards,CA,tina.edwards@hotmail.com,1969-01-17
Elizabeth,Joyce,CA,elizabeth.joyce@hotmail.com,1976-09-06
Ashley,Wyatt,CA,ashley.wyatt@gmail.com,1951-06-14
Amy,Montgomery,US,amy.montgomery@hotmail.com,1968-10-24
Tanner,Wallace,US,tanner.wallace@hotmail.com,1997-02-03
Melinda,Santos,US,melinda.santos@gmail.com,2001-10-05
Ann,Oconnor,US,ann.oconnor@hotmail.com,1998-02-08
Frank,Doyle,AU,frank.doyle@yahoo.com,1961-11-07
Kelly,Lee,US,kelly.lee@hotmail.com,1985-07-27
Thomas,Wheeler,CA,thomas.wheeler@hotmail.com,1973-10-01
Brooke,Cruz,AU,brooke.cruz@hotmail.com,1960-03-03
Kristy,Gardner,US,kristy.gardner@gmail.com,1984-04-07
Sue,Smith,US,sue.smith@yahoo.com,2003-05-24
Sandra,Wood,US,sandra.wood@hotmail.com,1985-12-28
Jessica,Clark,US,jessica.clark@hotmail.com,1988-05-14
William,Lewis,US,william.lewis@yahoo.com,1980-02-06
Jessica,Davidson,US,jessica.davidson@gmail.com,1952-12-22
John,Johnson,GB,john.johnson@yahoo.com,1980-05-21
Thomas,Lee,US,thomas.lee@yahoo.com,1955-12-28
John,Elliott,US,john.elliott@gmail.com,1987-02-19
Julie,Curtis,US,julie.curtis@hotmail.com,1959-06-26
Jose,Mueller,US,jose.mueller@hotmail.com,1990-05-11
Austin,Hoover,GB,austin.hoover@yahoo.com,2000-01-09
Richard,Newton,US,richard.newton@yahoo.com,2002-03-16
John,Thomas,AU,john.thomas@gmail.com,1966-04-19
Rebecca,Joyce,US,rebecca.joyce@gmail.com,1975-07-15
Justin,Wright,US,justin.wright@hotmail.com,1975-11-06
Jillian,Steele,GB,jillian.steele@hotmail.com,1978-11-15
Andrew,Mills,US,andrew.mills@gmail.com,1970-01-05
Christopher,Smith,GB,christopher.smith@hotmail.com,1960-09-03
Tara,Hernandez,US,tara.hernandez@gmail.com,1994-06-09
Donald,Wade,US,donald.wade@gmail.com,1971-03-11
Gloria,Rodriguez,US,gloria.rodriguez@yahoo.com,1988-12-20
Christopher,Welch,US,christopher.welch@gmail.com,1980-04-10
Jocelyn,Sexton,GB,jocelyn.sexton@hotmail.com,1960-01-15
Kristen,Frazier,US,kristen.frazier@gmail.com,1952-07-26
Amanda,Schmidt,GB,amanda.schmidt@hotmail.com,1971-01-04
Riley,Thompson,FR,riley.thompson@gmail.com,1951-06-16
Amber,Scott,DE,amber.scott@hotmail.com,2001-08-23
Joel,Rodriguez,DE,joel.rodriguez@yahoo.com,1960-11-24
Donna,Jones,US,donna.jones@gmail.com,1999-08-15
Lisa,Moore,FR,lisa.moore@yahoo.com,2007-01-27
Jacob,Garcia,FR,jacob.garcia@hotmail.com,1995-11-12
Marie,Stewart,US,marie.stewart@hotmail.com,2000-02-26
Stephen,Collins,US,stephen.collins@yahoo.com,1985-03-08
Julie,Perry,GB,julie.perry@yahoo.com,1982-02-24
Bradley,Norman,GB,bradley.norman@hotmail.com,1993-06-17
Timothy,Hayes,AU,timothy.hayes@yahoo.com,1972-09-02
Amy,Thomas,SE,amy.thomas@yahoo.com,1965-04-02
Scott,Pearson,CA,scott.pearson@gmail.com,1960-12-24
Kevin,Richardson,GB,kevin.richardson@yahoo.com,1970-03-25
Christopher,King,CA,christopher.king@gmail.com,1964-12-13
Peter,Long,US,peter.long@hotmail.com,1976-09-16
Amanda,Taylor,US,nGWFPpamanda.taylor@gmail.com,1957-06-17
Evelyn,Franklin,US,evelyn.franklin@hotmail.com,1950-08-25
Joshua,Williams,AU,XvYkSXjoshua.williams@gmail.com,1959-11-08
Robert,Stokes,US,robert.stokes@gmail.com,1999-03-18
Thomas,White,US,RTdtVrthomas.white@yahoo.com,1998-10-31
David,Johnson,FR,c09yUFdavid.johnson@yahoo.com,1999-02-05
Shannon,Saunders,NL,shannon.saunders@yahoo.com,1978-02-22
Dorothy,Santiago,FR,dorothy.santiago@yahoo.com,1990-04-10
David,Jones,US,david.jones@hotmail.com,1969-11-14
Stephanie,Wilson,US,stephanie.wilson@hotmail.com,1984-03-21
Eric,Dawson,US,eric.dawson@gmail.com,1984-05-07
Michael,Koch,US,michael.koch@hotmail.com,1996-01-23
Christine,Mcmillan,GB,christine.mcmillan@yahoo.com,2004-10-23
Daniel,Nguyen,FR,daniel.nguyen@hotmail.com,1999-06-18
James,Larsen,US,james.larsen@yahoo.com,1962-11-02
Lisa,Hernandez,GB,oXvje2lisa.hernandez@gmail.com,1959-10-17
Diane,Rice,US,diane.rice@gmail.com,1976-02-24
Jacob,Willis,US,jacob.willis@hotmail.com,1994-03-17
Dana,Mcneil,US,dana.mcneil@yahoo.com,1987-05-03
Kirsten,Shah,AU,kirsten.shah@gmail.com,1972-03-25
Zoe,Bailey,FR,zoe.bailey@hotmail.com,2004-09-24
Alexis,Mcdaniel,FR,alexis.mcdaniel@yahoo.com,1957-06-19
Bryan,Conner,US,bryan.conner@gmail.com,1951-10-21
Cory,Love,US,cory.love@gmail.com,1977-02-04
Joshua,King,CA,joshua.king@gmail.com,1952-01-25
Julie,Williamson,AU,julie.williamson@gmail.com,1985-02-23
Brittney,Ortiz,US,brittney.ortiz@yahoo.com,1985-05-02
Rebecca,Rogers,US,rebecca.rogers@hotmail.com,1954-03-20
Nicholas,Deleon,US,nicholas.deleon@gmail.com,1954-01-10
Justin,Brady,FR,justin.brady@hotmail.com,1962-04-02
Shirley,Powell,US,shirley.powell@yahoo.com,1951-07-20
Brian,Jones,US,brian.jones@yahoo.com,1967-03-06
Linda,Marshall,US,linda.marshall@yahoo.com,1960-06-19
Clayton,Adams,US,clayton.adams@gmail.com,1970-06-30
Rachael,Evans,US,rachael.evans@yahoo.com,1958-08-02
Stephen,Mcbride,US,stephen.mcbride@hotmail.com,2002-01-03
Miranda,Christian,AU,miranda.christian@gmail.com,1958-09-12
Leroy,Bryan,GB,leroy.bryan@hotmail.com,1983-08-16
Jason,Ellis,US,jason.ellis@hotmail.com,1958-02-27
Emily,Carter,NL,emily.carter@hotmail.com,1958-05-10
Shawn,Best,US,shawn.best@hotmail.com,1997-07-22
April,Elliott,US,april.elliott@yahoo.com,1968-04-17
John,Contreras,AU,john.contreras@gmail.com,1958-04-02
Richard,Garcia,US,richard.garcia@yahoo.com,1979-04-02
Jennifer,Williams,AU,lzcaE5jennifer.williams@gmail.com,1992-07-10
Amy,Walsh,US,amy.walsh@yahoo.com,1961-09-05
Craig,Williams,GB,craig.williams@yahoo.com,1967-01-19
Jared,Ray,GB,jared.ray@gmail.com,1970-08-11
Tiffany,Perkins,AU,tiffany.perkins@gmail.com,1984-01-04
Shawn,Smith,US,EXr93sshawn.smith@hotmail.com,2002-09-30
Laura,Melton,CA,laura.melton@yahoo.com,1952-10-01
April,Henry,SE,april.henry@gmail.com,1962-10-20
Taylor,Cain,US,taylor.cain@hotmail.com,1970-04-05
Jeffrey,Anderson,US,caGlvWjeffrey.anderson@gmail.com,1985-06-04
Kelly,Williams,US,kelly.williams@yahoo.com,2003-09-15
Jennifer,Small,DE,jennifer.small@yahoo.com,1976-08-24
John,Francis,SE,john.francis@yahoo.com,1963-12-15
Regina,Montes,CA,regina.montes@gmail.com,2000-03-15
Marcia,Prince,US,marcia.prince@yahoo.com,2004-08-24
David,Young,US,david.young@hotmail.com,1992-10-05
Vincent,Benton,CA,vincent.benton@gmail.com,1991-05-28
Michael,Moore,NL,michael.moore@hotmail.com,2005-01-11
Roger,White,US,roger.white@yahoo.com,1981-09-13
Isaac,Jackson,US,isaac.jackson@hotmail.com,1957-08-18
Cindy,Williams,GB,cindy.williams@hotmail.com,1998-02-07
Jessica,Moore,AU,LuZuGajessica.moore@gmail.com,1953-01-20
Thomas,Rogers,GB,thomas.rogers@yahoo.com,1952-11-02
Mark,Glover,GB,mark.glover@gmail.com,1986-03-21
Brenda,Lopez,US,brenda.lopez@yahoo.com,1952-11-15
Oscar,Ramos,GB,oscar.ramos@yahoo.com,1977-04-16
Mary,Marshall,CA,mary.marshall@gmail.com,1988-12-14
Jeff,Collins,US,jeff.collins@gmail.com,1992-08-18
Danielle,Dillon,US,danielle.dillon@hotmail.com,1959-02-13
Amber,Hardin,US,amber.hardin@yahoo.com,1970-09-02
Kevin,Flowers,US,kevin.flowers@gmail.com,1975-11-12
Jennifer,Gordon,US,jennifer.gordon@gmail.com,2008-03-02
Russell,Martin,NL,russell.martin@gmail.com,1969-08-03
Riley,Daniels,US,riley.daniels@yahoo.com,1999-03-14
Melissa,Thompson,NL,melissa.thompson@hotmail.com,1993-11-15
Patrick,Henderson,US,patrick.henderson@hotmail.com,1969-09-29
Mary,Wade,AU,mary.wade@hotmail.com,1986-06-08
Claire,Burke,US,claire.burke@yahoo.com,1988-08-17
Jason,Vaughn,GB,jason.vaughn@hotmail.com,1989-09-11
Barbara,Wilson,US,wl7CNRbarbara.wilson@gmail.com,1974-02-05
Joshua,Trevino,GB,joshua.trevino@gmail.com,1998-05-21
Adam,Christensen,DE,adam.christensen@yahoo.com,1960-03-07
Brittany,Gonzalez,CA,brittany.gonzalez@yahoo.com,1998-05-15
John,Webb,FR,john.webb@gmail.com,1998-01-13
James,Skinner,NL,james.skinner@hotmail.com,1963-11-07
John,Forbes,DE,john.forbes@hotmail.com,1975-11-17
John,Smith,AU,john.smith@gmail.com,1957-06-02
Angelica,Jefferson,CA,angelica.jefferson@gmail.com,1987-03-05
Annette,Williams,US,annette.williams@yahoo.com,1984-01-10
Ashley,Allen,US,ashley.allen@yahoo.com,1967-09-09
Linda,Stevens,US,linda.stevens@gmail.com,1987-11-05
Nicole,Summers,GB,nicole.summers@hotmail.com,1962-01-16
Eric,Gordon,US,eric.gordon@gmail.com,1995-12-06
Misty,Watson,US,misty.watson@hotmail.com,1983-12-03
Daniel,Williams,SE,FTb2Xydaniel.williams@gmail.com,1979-06-10
Brian,Graham,CA,brian.graham@hotmail.com,1984-03-31
Stephanie,Young,US,stephanie.young@yahoo.com,1987-01-19
Stephanie,Wood,US,stephanie.wood@hotmail.com,1992-05-02
Angela,Mendoza,DE,angela.mendoza@gmail.com,1992-07-19
Robert,Taylor,CA,robert.taylor@gmail.com,1997-07-29
Robert,Williams,GB,z1CX6hrobert.williams@hotmail.com,1998-04-02
William,Cuevas,US,william.cuevas@gmail.com,1991-08-19
Christina,Maxwell,US,christina.maxwell@yahoo.com,1971-09-12
Sharon,Cole,CA,sharon.cole@yahoo.com,1993-10-26
Ronnie,Martinez,AU,ronnie.martinez@gmail.com,1985-08-02
Richard,Ortiz,AU,richard.ortiz@hotmail.com,1961-06-10
Zachary,Hammond,US,zachary.hammond@hotmail.com,1960-05-12
Jessica,Lawrence,FR,jessica.lawrence@hotmail.com,1981-01-25
Logan,Frederick,US,logan.frederick@yahoo.com,1997-10-03
Douglas,Bell,US,douglas.bell@hotmail.com,2001-06-09
Brittany,Ortiz,US,brittany.ortiz@gmail.com,1987-11-30
Jodi,Henry,CA,jodi.henry@yahoo.com,1959-01-14
Kaitlyn,Nichols,US,kaitlyn.nichols@yahoo.com,1951-02-26
Brian,Hale,US,brian.hale@yahoo.com,1962-06-26
Joseph,Adkins,US,joseph.adkins@yahoo.com,1988-08-25
Rose,Wilson,US,rose.wilson@gmail.com,2000-06-27
Teresa,Waters,US,teresa.waters@hotmail.com,1957-01-19
Andrew,Golden,SE,andrew.golden@yahoo.com,1959-05-23
David,Clark,US,david.clark@hotmail.com,1997-08-27
James,Swanson,US,james.swanson@yahoo.com,1993-03-19
Joseph,Carlson,NL,joseph.carlson@gmail.com,1997-03-29
Matthew,Patel,NL,matthew.patel@gmail.com,1954-05-17
Ricky,Bird,US,ricky.bird@hotmail.com,1965-12-06
Calvin,Carter,CA,calvin.carter@yahoo.com,2001-11-20
Rodney,Gibbs,US,rodney.gibbs@gmail.com,1972-02-25
Mario,Hoffman,US,mario.hoffman@hotmail.com,1987-06-20
Valerie,Tucker,US,valerie.tucker@yahoo.com,1989-11-19
Bryan,Gregory,AU,bryan.gregory@yahoo.com,1987-11-10
Michael,Schmidt,CA,michael.schmidt@gmail.com,2004-11-06
Cody,Peterson,US,cody.peterson@yahoo.com,1984-04-30
Amanda,Barrett,US,amanda.barrett@gmail.com,1963-09-03
Daniel,Wyatt,NL,daniel.wyatt@gmail.com,1968-04-14
Vincent,Hart,US,vincent.hart@yahoo.com,1963-05-16
Rebecca,Fuller,US,rebecca.fuller@yahoo.com,1984-07-29
Wanda,Steele,GB,wanda.steele@gmail.com,1981-06-21
Frank,Frank,SE,frank.frank@hotmail.com,1978-04-17
Debra,Mitchell,DE,debra.mitchell@yahoo.com,1962-05-03
Corey,Bailey,GB,corey.bailey@hotmail.com,1974-03-28
Joseph,Meza,US,joseph.meza@gmail.com,1985-11-11
Charles,Golden,AU,charles.golden@gmail.com,1990-08-27
Tim,Henderson,US,tim.henderson@yahoo.com,1988-12-03
Joseph,King,US,joseph.king@gmail.com,1978-04-11
Robert,Williams,FR,robert.williams@gmail.com,2003-11-10
Ashley,Zuniga,US,ashley.zuniga@yahoo.com,1959-01-05
Kimberly,Duke,US,kimberly.duke@yahoo.com,2002-04-29
Thomas,Humphrey,US,thomas.humphrey@gmail.com,1983-03-18
Melissa,Mullen,US,melissa.mullen@hotmail.com,1951-07-03
Daniel,Savage,GB,daniel.savage@gmail.com,1957-06-20
Ashley,Anderson,US,ashley.anderson@hotmail.com,1986-01-17
Leonard,Mcneil,US,leonard.mcneil@yahoo.com,1986-05-23
Michael,Gibbs,GB,michael.gibbs@yahoo.com,1996-05-15
Nancy,Ray,US,nancy.ray@gmail.com,1973-09-03
Jesse,Bryant,NL,jesse.bryant@gmail.com,2005-02-24
Rachel,Williams,CA,rachel.williams@gmail.com,1993-10-25
Ryan,Neal,CA,ryan.neal@hotmail.com,2000-10-05
Wanda,Shannon,CA,wanda.shannon@yahoo.com,1953-01-14
Mark,Ross,GB,mark.ross@gmail.com,1968-07-16
Miguel,Morales,NL,miguel.morales@hotmail.com,2007-02-08
William,Hernandez,DE,william.hernandez@gmail.com,2000-07-25
John,Hopkins,US,john.hopkins@gmail.com,1981-12-17
Nicholas,Miller,US,nicholas.miller@gmail.com,1988-08-08
Diana,Thompson,AU,diana.thompson@yahoo.com,1997-04-12
David,Hicks,GB,vSuyZOdavid.hicks@yahoo.com,2003-05-16
Valerie,Smith,GB,valerie.smith@yahoo.com,1959-06-20
Paige,Parker,FR,paige.parker@yahoo.com,1979-01-04
Christopher,Brady,CA,christopher.brady@hotmail.com,1987-12-21
Cindy,Richmond,NL,cindy.richmond@yahoo.com,1990-07-31
Tiffany,Coleman,US,tiffany.coleman@hotmail.com,1982-12-29
Rodney,Gray,CA,rodney.gray@gmail.com,1967-05-20
Pamela,Martinez,CA,pamela.martinez@yahoo.com,2000-04-18
Ralph,Ellis,CA,ralph.ellis@yahoo.com,1981-12-24
Ronald,Griffin,NL,ronald.griffin@yahoo.com,1988-12-01
Kristopher,Blake,US,kristopher.blake@yahoo.com,1982-10-30
Stanley,Summers,US,stanley.summers@gmail.com,1951-12-31
Victor,Ramirez,US,victor.ramirez@hotmail.com,1989-09-14
Edward,Hughes,GB,edward.hughes@gmail.com,1970-09-27
Mackenzie,Roberts,NL,mackenzie.roberts@gmail.com,2007-08-24
Michael,Garcia,US,michael.garcia@hotmail.com,1985-02-11
Amy,Kim,US,amy.kim@gmail.com,1962-04-23
Rebecca,Mitchell,US,rebecca.mitchell@hotmail.com,1972-01-31
Matthew,Spears,US,matthew.spears@gmail.com,1965-12-17
Theodore,Valdez,US,theodore.valdez@yahoo.com,1961-04-14
Shawn,Smith,CA,shawn.smith@gmail.com,1988-10-21
Gina,Morris,US,gina.morris@hotmail.com,2001-10-10
Linda,Johnson,US,linda.johnson@yahoo.com,1991-01-14
Jacob,Benjamin,CA,jacob.benjamin@gmail.com,1999-10-13
Nathan,Williams,US,nathan.williams@gmail.com,1990-01-19
Patrick,Smith,US,EaYb0apatrick.smith@yahoo.com,1950-09-23
Damon,Moore,US,damon.moore@yahoo.com,1961-12-04
Michael,Arias,FR,michael.arias@hotmail.com,1976-07-28
David,Johnson,US,mOTiBNdavid.johnson@yahoo.com,1995-10-10
Elizabeth,Haynes,GB,elizabeth.haynes@gmail.com,1951-05-19
Emily,Brady,GB,emily.brady@gmail.com,1963-05-08
Nicholas,Perkins,CA,nicholas.perkins@gmail.com,1984-10-04
Melissa,Brooks,US,u4xUA0melissa.brooks@gmail.com,1965-06-13
Derek,Jarvis,DE,derek.jarvis@gmail.com,2000-07-16
Peter,Franklin,US,peter.franklin@hotmail.com,1983-10-25
Barbara,Moore,US,barbara.moore@yahoo.com,1955-02-12
Shannon,Freeman,US,shannon.freeman@yahoo.com,1952-02-01
Carl,Taylor,US,carl.taylor@hotmail.com,1957-05-22
Richard,Christensen,CA,richard.christensen@hotmail.com,1977-09-05
Michelle,Dennis,GB,michelle.dennis@yahoo.com,1980-01-19
Brandi,Bowman,AU,brandi.bowman@gmail.com,1955-11-05
Cynthia,Whitehead,US,cynthia.whitehead@yahoo.com,1965-07-20
Bryan,Perkins,US,bryan.perkins@gmail.com,1963-08-21
Hannah,Smith,US,hannah.smith@hotmail.com,1967-08-03
Tammy,White,DE,tammy.white@gmail.com,1995-11-07
Eric,Harrison,NL,eric.harrison@yahoo.com,1992-05-21
Christopher,Ellis,US,christopher.ellis@yahoo.com,1990-12-04
Edward,Clark,US,edward.clark@gmail.com,1981-04-16
Timothy,Boyd,US,timothy.boyd@hotmail.com,1957-01-06
Gary,Moran,US,gary.moran@hotmail.com,1994-04-08
Lisa,Howard,CA,lisa.howard@hotmail.com,1998-08-22
Marissa,Knox,CA,marissa.knox@gmail.com,1990-02-05
Jill,Rodriguez,GB,jill.rodriguez@hotmail.com,1986-10-07
Christopher,Johnson,SE,3O71hMchristopher.johnson@gmail.com,1977-02-18
Peter,Houston,US,peter.houston@hotmail.com,1976-12-07
Tyler,Collins,CA,tyler.collins@gmail.com,2001-05-19
Stephanie,Marshall,US,stephanie.marshall@yahoo.com,1987-02-01
Teresa,Beck,US,teresa.beck@yahoo.com,1985-04-11
Justin,Hicks,AU,justin.hicks@hotmail.com,1968-02-23
Ann,Valenzuela,US,ann.valenzuela@hotmail.com,1983-08-28
Karen,Lee,AU,karen.lee@gmail.com,1982-01-21
Megan,Castaneda,CA,megan.castaneda@hotmail.com,1955-07-07
Phillip,Petty,CA,phillip.petty@hotmail.com,1990-05-13
Rebecca,Morrison,AU,rebecca.morrison@gmail.com,1966-06-07
Donald,Bailey,NL,donald.bailey@yahoo.com,1954-09-01
Lisa,Ramos,US,lisa.ramos@hotmail.com,1955-01-29
Kimberly,Henry,US,kimberly.henry@yahoo.com,1964-03-06
Michelle,Murphy,US,michelle.murphy@gmail.com,1962-01-03
Samantha,Diaz,CA,samantha.diaz@hotmail.com,1981-10-21
Drew,Thompson,GB,drew.thompson@gmail.com,1960-04-30
Sean,Cruz,US,sean.cruz@hotmail.com,1977-04-21
Amanda,Morgan,US,amanda.morgan@hotmail.com,1996-02-12
Timothy,Tyler,FR,timothy.tyler@yahoo.com,1975-07-21
Whitney,Castillo,CA,whitney.castillo@hotmail.com,1967-12-27
Michael,Nunez,AU,michael.nunez@hotmail.com,1961-05-15
Amy,Bishop,US,amy.bishop@gmail.com,1983-11-23
William,Hernandez,GB,william.hernandez@yahoo.com,1994-01-29
Kenneth,Barnes,US,kenneth.barnes@hotmail.com,1952-12-20
Jennifer,Mclean,FR,jennifer.mclean@hotmail.com,1983-02-02
Michael,Wilson,US,michael.wilson@yahoo.com,1989-12-25
Joel,Love,GB,joel.love@gmail.com,1962-12-03
David,Wilson,CA,david.wilson@yahoo.com,1989-12-11
Wesley,Murphy,US,wesley.murphy@hotmail.com,2004-07-27
Katie,Briggs,CA,katie.briggs@hotmail.com,1996-02-29
Kimberly,Bautista,US,kimberly.bautista@yahoo.com,1974-05-20
Allen,Williams,DE,allen.williams@yahoo.com,1982-05-04
Rachel,Brown,US,rachel.brown@yahoo.com,1980-07-17
Samantha,Ellis,AU,samantha.ellis@gmail.com,1989-10-29
Kimberly,Lambert,US,kimberly.lambert@gmail.com,1955-12-25
Brian,Jimenez,AU,brian.jimenez@gmail.com,1988-08-12
Jennifer,Brown,US,17jIEOjennifer.brown@gmail.com,1956-11-03
Sandra,Andrews,AU,sandra.andrews@yahoo.com,2002-07-06
Marcus,Logan,US,marcus.logan@hotmail.com,1961-09-24
Jennifer,Haas,US,jennifer.haas@hotmail.com,1994-10-08
Kayla,Barr,US,kayla.barr@hotmail.com,1980-06-20
Sandra,Vargas,CA,sandra.vargas@yahoo.com,1958-08-07
Sydney,Porter,DE,sydney.porter@gmail.com,1983-06-08
Maria,Stephens,US,maria.stephens@hotmail.com,1970-08-01
David,Lloyd,SE,david.lloyd@gmail.com,1973-12-27
Brenda,Contreras,CA,brenda.contreras@yahoo.com,2004-08-12
Robert,Bennett,US,robert.bennett@hotmail.com,1992-10-25
Colin,Waller,US,colin.waller@gmail.com,1956-07-28
Susan,Phillips,FR,susan.phillips@yahoo.com,1990-07-28
Jesse,Herrera,GB,jesse.herrera@hotmail.com,1966-11-19
Travis,Harrison,US,travis.harrison@hotmail.com,1964-01-25
Amanda,Hernandez,US,amanda.hernandez@hotmail.com,1989-08-24
Michael,Webb,US,michael.webb@gmail.com,1965-07-04
Kevin,Green,GB,kevin.green@yahoo.com,1962-02-08
Jared,Stone,US,jared.stone@hotmail.com,1952-12-30
Monica,Evans,DE,monica.evans@gmail.com,1985-06-06
Johnny,Li,US,johnny.li@hotmail.com,1984-02-27
David,Andersen,NL,david.andersen@yahoo.com,2007-09-07
Timothy,Rivera,FR,timothy.rivera@hotmail.com,1973-10-23
Laurie,Brown,US,laurie.brown@yahoo.com,1993-04-07
Robin,Newman,US,robin.newman@yahoo.com,2007-07-21
Jessica,Lowe,NL,jessica.lowe@yahoo.com,1976-04-20
Sarah,Shah,CA,sarah.shah@gmail.com,1983-05-12
Alan,Holmes,NL,alan.holmes@yahoo.com,1952-01-25
Christopher,Hall,CA,christopher.hall@hotmail.com,2004-03-01
Jacob,Rodriguez,US,jacob.rodriguez@hotmail.com,1956-08-02
Ashley,Lloyd,NL,ashley.lloyd@yahoo.com,1972-06-30
Diane,Blair,GB,diane.blair@gmail.com,1957-12-06
Andrew,Burns,US,andrew.burns@yahoo.com,1958-11-05
Joseph,Mendoza,US,Cqkfjqjoseph.mendoza@yahoo.com,1952-05-31
Ricky,Singh,US,ricky.singh@gmail.com,1984-08-13
Kayla,Hall,US,kayla.hall@gmail.com,1979-08-03
Jacob,Robinson,SE,jacob.robinson@gmail.com,2007-06-11
William,Wilson,US,william.wilson@hotmail.com,1957-01-29
Joshua,Thomas,GB,joshua.thomas@yahoo.com,2004-05-02
Julie,James,NL,julie.james@gmail.com,1993-01-28
Stephen,Brown,AU,stephen.brown@gmail.com,1951-07-04
Alexa,Diaz,US,alexa.diaz@yahoo.com,2000-10-29
Patricia,Owens,CA,patricia.owens@gmail.com,1984-05-24
Allison,Bennett,GB,allison.bennett@gmail.com,2006-04-16
Melanie,Aguirre,US,melanie.aguirre@hotmail.com,1974-05-20
Robert,Williams,CA,27s6LYrobert.williams@hotmail.com,1980-09-06
Alex,Garcia,NL,alex.garcia@yahoo.com,2006-06-19
Lisa,Gomez,US,lisa.gomez@gmail.com,1964-11-14
Renee,Chan,CA,renee.chan@yahoo.com,1994-12-25
Kristina,Castro,CA,kristina.castro@yahoo.com,1964-03-16
Miguel,Gonzalez,FR,miguel.gonzalez@gmail.com,1995-08-08
Andrew,Cain,US,andrew.cain@yahoo.com,1966-01-23
Edward,Castro,US,edward.castro@gmail.com,1959-09-23
Kimberly,Sullivan,CA,kimberly.sullivan@yahoo.com,1985-06-15
Joel,Arnold,US,joel.arnold@gmail.com,1955-03-21
Luis,Molina,GB,luis.molina@yahoo.com,2007-06-19
Ashley,Christian,AU,ashley.christian@yahoo.com,1962-05-28
Mary,Gonzalez,NL,obHiJ0mary.gonzalez@yahoo.com,1953-03-10
Natalie,Jones,US,natalie.jones@hotmail.com,1953-04-01
John,Butler,US,9uBbAIjohn.butler@gmail.com,1973-06-04
James,Taylor,AU,aIXU5Bjames.taylor@yahoo.com,1995-07-08
Russell,Thornton,CA,russell.thornton@yahoo.com,1958-01-29
Holly,Woods,US,holly.woods@hotmail.com,1997-04-27
Crystal,Smith,US,crystal.smith@gmail.com,1953-06-08
Holly,Willis,US,holly.willis@gmail.com,1965-09-14
Allen,Gomez,CA,allen.gomez@gmail.com,1954-05-20
Wendy,Miller,US,Uuve6xwendy.miller@yahoo.com,1974-02-08
Anthony,Scott,AU,anthony.scott@hotmail.com,1982-11-24
Jacqueline,Cooke,US,jacqueline.cooke@gmail.com,1976-12-05
Kenneth,Chavez,AU,kenneth.chavez@yahoo.com,1992-06-25
David,Moon,US,david.moon@yahoo.com,1963-05-19
Frances,Adams,CA,frances.adams@hotmail.com,1950-09-30
Savannah,Davis,US,savannah.davis@hotmail.com,1964-08-19
Hunter,Valencia,CA,hunter.valencia@yahoo.com,1967-09-02
Colton,Gibson,DE,colton.gibson@hotmail.com,1988-08-13
Angie,Pittman,NL,angie.pittman@yahoo.com,1951-05-08
Jonathan,Lee,CA,jonathan.lee@hotmail.com,1982-03-14
Regina,Rodriguez,US,regina.rodriguez@yahoo.com,1994-06-27
Stephanie,Edwards,AU,stephanie.edwards@yahoo.com,1954-07-14
James,Bruce,US,james.bruce@hotmail.com,1975-12-01
Jennifer,Cross,NL,jennifer.cross@gmail.com,1981-03-27
Chris,Spence,US,chris.spence@gmail.com,1990-08-20
Adrian,Lee,CA,adrian.lee@hotmail.com,1975-06-13
Shawn,Nguyen,NL,shawn.nguyen@hotmail.com,1994-01-20
Elizabeth,Mcguire,CA,elizabeth.mcguire@yahoo.com,1959-05-24
Sarah,Knight,CA,sarah.knight@hotmail.com,1967-08-06
Amber,Warren,US,amber.warren@gmail.com,1957-02-19
David,Nunez,AU,david.nunez@yahoo.com,1971-08-25
Colton,Williams,SE,colton.williams@gmail.com,1982-12-22
Megan,Washington,CA,megan.washington@gmail.com,2003-08-15
Tara,Boyer,NL,tara.boyer@yahoo.com,1997-02-14
Gabriela,Tate,SE,gabriela.tate@gmail.com,1989-12-21
Jonathan,Vasquez,US,jonathan.vasquez@hotmail.com,1959-02-27
Alexis,Gardner,CA,alexis.gardner@yahoo.com,2001-09-03
James,Thompson,GB,james.thompson@yahoo.com,1997-10-19
Edwin,Olson,US,edwin.olson@gmail.com,1951-12-20
Ashley,Rodriguez,AU,6RSJqXashley.rodriguez@hotmail.com,1951-09-03
Katie,Miles,SE,katie.miles@yahoo.com,1990-12-02
Zachary,Richmond,US,zachary.richmond@gmail.com,1976-04-17
William,Smith,US,b4ctESwilliam.smith@hotmail.com,1983-05-18
Andrea,Novak,FR,andrea.novak@hotmail.com,1991-08-17
Karen,Hernandez,US,karen.hernandez@hotmail.com,1984-09-13
Sandra,Holmes,SE,sandra.holmes@hotmail.com,2005-12-08
Linda,Richards,US,linda.richards@hotmail.com,1957-05-09
Nicole,Harris,DE,nicole.harris@yahoo.com,1962-09-28
Michael,Jackson,US,cBlLajmichael.jackson@hotmail.com,1971-08-28
Yvette,Miller,US,yvette.miller@hotmail.com,2006-01-28
Sara,Kerr,US,sara.kerr@yahoo.com,1987-10-31
Thomas,Obrien,US,thomas.obrien@yahoo.com,1983-12-26
Emily,Robinson,GB,emily.robinson@yahoo.com,1967-06-08
Theresa,Mcdowell,US,theresa.mcdowell@yahoo.com,1962-12-17
Alyssa,Strickland,US,alyssa.strickland@hotmail.com,1998-07-19
Alan,Huffman,CA,alan.huffman@hotmail.com,1979-07-17
Courtney,Sampson,GB,courtney.sampson@hotmail.com,1952-10-16
Victor,Cook,US,victor.cook@hotmail.com,1992-09-29
Brad,Walsh,US,brad.walsh@gmail.com,1958-05-28
Valerie,Johnson,US,valerie.johnson@yahoo.com,1968-07-19
Elizabeth,Campbell,US,elizabeth.campbell@hotmail.com,2004-07-29
Jennifer,Diaz,US,jennifer.diaz@gmail.com,1992-09-28
Sierra,Nelson,AU,UAqQQPsierra.nelson@yahoo.com,1979-01-18
Justin,Howe,AU,justin.howe@gmail.com,2001-10-20
Kristen,Johns,CA,kristen.johns@gmail.com,1950-09-01
Ronnie,Jensen,AU,ronnie.jensen@gmail.com,1969-08-19
Ashley,Arnold,US,ashley.arnold@yahoo.com,1993-09-13
Erin,Brown,US,erin.brown@yahoo.com,1965-10-28
Louis,Lopez,US,louis.lopez@gmail.com,2003-02-23
Nicholas,Wong,US,nicholas.wong@hotmail.com,1968-05-11
Nicholas,Moore,US,nicholas.moore@yahoo.com,1972-11-19
Thomas,Fernandez,CA,thomas.fernandez@gmail.com,1976-06-08
Carla,Gonzalez,US,carla.gonzalez@hotmail.com,2006-07-22
Susan,Walker,AU,susan.walker@hotmail.com,1989-07-05
Ryan,Hess,GB,ryan.hess@yahoo.com,1980-08-01
Steven,Koch,GB,steven.koch@gmail.com,2000-09-17
William,Wallace,AU,william.wallace@gmail.com,1995-03-02
Brandon,Ashley,CA,brandon.ashley@gmail.com,1960-03-14
Ellen,Gordon,US,ellen.gordon@gmail.com,1987-03-31
Christian,Castillo,GB,christian.castillo@hotmail.com,1951-07-29
Caroline,Cervantes,DE,caroline.cervantes@gmail.com,1981-11-20
Krista,Bell,CA,krista.bell@hotmail.com,2001-10-03
Kimberly,Long,AU,kimberly.long@yahoo.com,1950-10-15
Sean,Jackson,US,sean.jackson@gmail.com,1996-09-26
Justin,Daniels,NL,justin.daniels@hotmail.com,1989-10-26
Jennifer,Soto,CA,jennifer.soto@gmail.com,1961-12-04
Rachel,Blanchard,US,rachel.blanchard@yahoo.com,1961-11-16
Nathan,Mclaughlin,US,nathan.mclaughlin@gmail.com,2005-05-22
Francisco,Williams,US,francisco.williams@hotmail.com,1993-03-16
Joshua,Murray,US,joshua.murray@hotmail.com,1958-12-19
Joshua,Hull,US,joshua.hull@gmail.com,1970-03-17
Jamie,Richardson,CA,jamie.richardson@gmail.com,2000-03-27
Jason,Hester,US,jason.hester@hotmail.com,1978-09-04
Timothy,Owens,US,timothy.owens@yahoo.com,1990-09-17
James,Harris,US,james.harris@gmail.com,1962-11-06
Kimberly,Martin,SE,kimberly.martin@gmail.com,1986-05-13
Jill,Allen,DE,jill.allen@hotmail.com,1967-07-21
Kristin,Wright,US,kristin.wright@hotmail.com,1981-12-27
Holly,Mckay,US,holly.mckay@gmail.com,2007-07-05
Emily,Rios,US,emily.rios@gmail.com,1979-12-03
Jessica,Schultz,GB,jessica.schultz@yahoo.com,1982-01-08
April,Henry,US,april.henry@hotmail.com,1967-05-24
Robert,Griffin,FR,robert.griffin@gmail.com,1999-10-20
Karen,Brown,AU,94tIgZkaren.brown@hotmail.com,1952-02-11
David,Jackson,AU,3bI3Dcdavid.jackson@yahoo.com,2008-01-06
Lindsay,Cohen,US,lindsay.cohen@hotmail.com,1981-12-26
Christopher,Williams,CA,christopher.williams@gmail.com,1959-03-31
Tony,Lee,US,tony.lee@yahoo.com,1952-09-08
Dylan,Lewis,US,dylan.lewis@hotmail.com,1988-04-20
Kelli,Woods,GB,kelli.woods@gmail.com,1969-04-29
Scott,Wagner,US,scott.wagner@gmail.com,1971-12-09
Deanna,Campbell,US,deanna.campbell@gmail.com,1956-06-03
Joseph,Roberts,FR,joseph.roberts@hotmail.com,1970-10-25
Manuel,Boyle,US,manuel.boyle@hotmail.com,1997-07-19
Ann,Castro,CA,ann.castro@hotmail.com,1985-07-01
Cody,Yang,CA,cody.yang@gmail.com,2005-03-10
Abigail,Lawson,AU,abigail.lawson@gmail.com,1965-01-10
Vincent,Crosby,US,vincent.crosby@gmail.com,2005-11-08
Susan,Mejia,GB,susan.mejia@hotmail.com,1994-03-11
Carolyn,Welch,CA,carolyn.welch@gmail.com,2007-04-20
Kathryn,Wells,US,kathryn.wells@gmail.com,1986-12-08
Willie,Winters,US,willie.winters@hotmail.com,1996-04-23
Hannah,Patrick,US,hannah.patrick@hotmail.com,1991-07-02
Paul,Mclaughlin,US,paul.mclaughlin@hotmail.com,1960-06-13
Stacey,Landry,US,stacey.landry@gmail.com,1970-07-08
Elizabeth,Jackson,US,elizabeth.jackson@hotmail.com,2000-06-24
Luis,Benson,NL,luis.benson@hotmail.com,1967-10-01
Samantha,Houston,GB,samantha.houston@yahoo.com,1961-04-04
Jessica,Daniels,DE,jessica.daniels@hotmail.com,1966-07-29
Elizabeth,Sims,US,elizabeth.sims@hotmail.com,1957-02-07
George,Lewis,US,george.lewis@hotmail.com,1977-12-24
Timothy,Morris,US,timothy.morris@yahoo.com,1952-09-10
Lisa,Rivera,US,lisa.rivera@hotmail.com,1990-05-18
Brent,Chandler,US,brent.chandler@yahoo.com,1987-03-22
Nathaniel,Booth,DE,nathaniel.booth@yahoo.com,1976-10-30
Olivia,Sampson,FR,olivia.sampson@yahoo.com,1951-07-27
Katherine,Smith,US,katherine.smith@hotmail.com,2002-02-06
Amanda,Thompson,CA,amanda.thompson@gmail.com,1952-01-04
Daniel,Miller,US,daniel.miller@yahoo.com,1982-04-18
Martin,Mclean,GB,martin.mclean@hotmail.com,1965-12-13
Lori,Summers,DE,lori.summers@yahoo.com,2001-04-02
David,White,FR,david.white@gmail.com,1987-11-12
Richard,Hall,US,richard.hall@gmail.com,1957-02-06
Nicole,Thompson,US,nicole.thompson@hotmail.com,1995-02-24
David,Thomas,NL,TW9pKjdavid.thomas@hotmail.com,1960-03-09
Lori,Dickerson,US,lori.dickerson@hotmail.com,1956-07-19
Donna,Taylor,GB,donna.taylor@yahoo.com,1966-05-20
Anne,Thompson,NL,anne.thompson@hotmail.com,1972-04-11
Robert,Acosta,AU,robert.acosta@hotmail.com,1986-03-23
Stephanie,Rivas,US,stephanie.rivas@hotmail.com,2006-05-17
Danielle,Valencia,US,danielle.valencia@gmail.com,2001-10-09
Heather,Dillon,US,heather.dillon@gmail.com,1953-12-22
Roy,Edwards,CA,roy.edwards@gmail.com,1951-11-29
William,Montgomery,US,william.montgomery@yahoo.com,2002-03-21
Sandra,Lee,US,sandra.lee@yahoo.com,1994-04-14
Michael,Davis,NL,michael.davis@gmail.com,1965-09-13
Craig,Thompson,US,craig.thompson@gmail.com,1968-05-02
Roberto,Powell,GB,roberto.powell@hotmail.com,1999-05-25
Charles,Pearson,US,charles.pearson@yahoo.com,1990-10-11
Marilyn,Bell,DE,marilyn.bell@gmail.com,1974-06-18
Katrina,Harris,US,katrina.harris@yahoo.com,1975-03-11
Monique,Johnson,NL,monique.johnson@gmail.com,1960-08-12
Megan,Burns,CA,megan.burns@gmail.com,1994-06-06
William,Allen,CA,william.allen@yahoo.com,1965-08-10
Carol,Perry,US,carol.perry@yahoo.com,1996-04-12
Holly,Sparks,GB,holly.sparks@gmail.com,1958-03-30
Randall,Carrillo,US,randall.carrillo@yahoo.com,1992-12-11
Sheila,Hammond,US,sheila.hammond@hotmail.com,1983-04-08
Roberto,Frazier,AU,roberto.frazier@hotmail.com,1956-04-29
Shaun,Jones,US,shaun.jones@gmail.com,1991-09-27
Susan,Jefferson,US,susan.jefferson@hotmail.com,1964-04-05
Anthony,Shields,CA,anthony.shields@yahoo.com,1981-09-18
Brian,Perez,US,brian.perez@hotmail.com,1979-10-12
Jennifer,Caldwell,US,jennifer.caldwell@yahoo.com,1952-05-02
Bobby,Vaughan,US,bobby.vaughan@yahoo.com,2005-02-13
Samantha,Miller,US,samantha.miller@hotmail.com,1961-06-08
Lisa,Leon,US,lisa.leon@gmail.com,2008-02-28
Joshua,Mills,US,joshua.mills@gmail.com,2000-04-02
Tyler,Sharp,FR,tyler.sharp@hotmail.com,1996-07-03
Charles,Elliott,US,charles.elliott@hotmail.com,1966-01-03
Natalie,Parsons,US,natalie.parsons@gmail.com,1954-05-14
Paul,Obrien,CA,paul.obrien@gmail.com,1956-06-27
William,Soto,CA,william.soto@gmail.com,1986-05-19
Kathleen,Ward,CA,kathleen.ward@hotmail.com,1957-11-09
Sherri,Randolph,CA,sherri.randolph@yahoo.com,2007-03-02
James,Mathis,US,james.mathis@yahoo.com,1999-10-05
Michelle,Stevenson,US,michelle.stevenson@gmail.com,1988-05-26
Jennifer,Ballard,US,jennifer.ballard@yahoo.com,2004-01-06
Victor,Anderson,CA,victor.anderson@yahoo.com,2000-03-03
Paul,Brooks,US,w1kIPypaul.brooks@yahoo.com,1988-07-12
Gary,Holmes,US,gary.holmes@yahoo.com,1988-07-19
Jessica,Stuart,CA,jessica.stuart@yahoo.com,1958-03-18
Shari,Hill,US,shari.hill@hotmail.com,1963-01-09
Emily,Berg,FR,emily.berg@yahoo.com,1958-05-27
Samuel,Parks,DE,samuel.parks@yahoo.com,1969-11-06
Linda,Avery,US,linda.avery@yahoo.com,1963-02-05
Robert,Walters,AU,robert.walters@hotmail.com,1953-08-01
Jamie,Morales,FR,jamie.morales@gmail.com,1982-03-01
Steven,Miller,US,steven.miller@gmail.com,1956-10-01
Brian,Allison,DE,brian.allison@yahoo.com,1958-11-08
Crystal,Dean,CA,crystal.dean@gmail.com,1983-04-17
Michael,Schmidt,GB,michael.schmidt@hotmail.com,1958-10-31
Matthew,Griffith,CA,matthew.griffith@hotmail.com,1970-01-29
Taylor,Boyer,GB,taylor.boyer@yahoo.com,1988-02-03
Becky,Cook,CA,becky.cook@yahoo.com,1955-06-26
Charles,Peterson,US,charles.peterson@hotmail.com,2005-05-07
Nathaniel,Jackson,US,nathaniel.jackson@yahoo.com,1995-09-30
Michael,Brock,SE,michael.brock@gmail.com,2004-01-03
Stephen,White,US,stephen.white@hotmail.com,1966-05-30
Bryan,Smith,US,XdfzIabryan.smith@gmail.com,1976-11-07
Rhonda,Brooks,US,rhonda.brooks@yahoo.com,1988-05-31
Christine,Perez,US,christine.perez@hotmail.com,1963-10-04
Billy,Buchanan,CA,billy.buchanan@gmail.com,1993-01-29
Jennifer,Park,AU,jennifer.park@gmail.com,1998-07-25
Sean,Anderson,CA,sean.anderson@yahoo.com,1977-01-09
John,Logan,FR,john.logan@hotmail.com,2004-09-15
Marc,Jones,US,marc.jones@hotmail.com,1960-05-29
Hunter,Phillips,US,hunter.phillips@yahoo.com,2001-11-10
Carmen,Doyle,NL,carmen.doyle@gmail.com,1950-11-20
Karen,Moore,US,karen.moore@yahoo.com,1990-05-21
Alexa,Diaz,US,alexa.diaz@gmail.com,1951-12-27
William,Turner,US,william.turner@gmail.com,1978-09-02
Beth,Hays,US,beth.hays@gmail.com,1953-08-16
Kimberly,Hernandez,GB,kimberly.hernandez@gmail.com,1962-10-17
Kimberly,Mitchell,US,kimberly.mitchell@yahoo.com,1992-01-27
Debra,Schmitt,CA,debra.schmitt@yahoo.com,1965-10-21
Christian,Ray,GB,christian.ray@gmail.com,1988-05-27
Janet,Horn,AU,janet.horn@hotmail.com,1978-09-27
Jon,Hogan,US,jon.hogan@hotmail.com,1974-10-05
Suzanne,Moore,NL,suzanne.moore@hotmail.com,1951-08-02
Ashley,Richards,US,ashley.richards@yahoo.com,1996-05-07
Anthony,Garcia,US,anthony.garcia@hotmail.com,2006-11-26
Thomas,Mathews,US,thomas.mathews@gmail.com,1973-10-24
Sonya,Ramirez,CA,sonya.ramirez@gmail.com,1997-04-01
Courtney,Smith,GB,courtney.smith@gmail.com,2007-05-27
William,Smith,US,Fg2MKJwilliam.smith@yahoo.com,1970-02-26
Debbie,Reed,US,debbie.reed@gmail.com,1954-10-20
Cory,Torres,CA,cory.torres@yahoo.com,1958-08-02
Gabriel,Jackson,GB,gabriel.jackson@yahoo.com,2001-07-23
Mary,Cabrera,AU,mary.cabrera@gmail.com,1955-05-31
Mark,Mullins,CA,mark.mullins@yahoo.com,2001-02-14
Timothy,Hunt,CA,timothy.hunt@yahoo.com,1978-03-07
Eric,Smith,FR,eric.smith@hotmail.com,2000-01-20
Katherine,Miller,GB,katherine.miller@yahoo.com,1973-03-30
Amanda,Sherman,US,amanda.sherman@gmail.com,1978-06-29
Adam,Krueger,CA,adam.krueger@yahoo.com,1984-08-13
Dennis,Hill,DE,dennis.hill@yahoo.com,1985-06-30
Melissa,Rogers,US,melissa.rogers@hotmail.com,1955-01-08
Kathryn,Holden,CA,kathryn.holden@gmail.com,2006-12-08
Tyler,Walter,US,tyler.walter@yahoo.com,1981-10-01
Barbara,Williams,AU,barbara.williams@gmail.com,1985-07-19
Courtney,Ward,US,courtney.ward@hotmail.com,1973-09-17
Barry,Figueroa,CA,barry.figueroa@hotmail.com,1980-11-15
Jennifer,Powers,CA,jennifer.powers@yahoo.com,2000-12-11
Sean,Miller,US,sean.miller@yahoo.com,1999-02-04
John,Ruiz,GB,john.ruiz@yahoo.com,1988-10-06
Katherine,Forbes,GB,katherine.forbes@hotmail.com,1955-08-01
Maria,Horton,US,maria.horton@yahoo.com,1956-04-11
Katherine,Hunter,GB,katherine.hunter@gmail.com,2005-11-05
Troy,Lewis,CA,troy.lewis@hotmail.com,1991-01-03
John,Murphy,US,john.murphy@gmail.com,1954-06-07
Beth,Johnson,CA,48AvIkbeth.johnson@gmail.com,1954-03-17
Robert,Ramirez,CA,robert.ramirez@hotmail.com,1980-11-27
Stephanie,Rivera,CA,stephanie.rivera@hotmail.com,1987-02-11
Richard,Johnson,GB,richard.johnson@yahoo.com,1982-01-08
Danielle,Camacho,DE,danielle.camacho@yahoo.com,1953-11-01
Deborah,Mathews,FR,deborah.mathews@hotmail.com,1984-06-20
Richard,Anderson,US,richard.anderson@yahoo.com,1953-06-23
Emma,Branch,US,emma.branch@gmail.com,1977-01-13
Shaun,Carson,US,shaun.carson@hotmail.com,2004-07-07
Lucas,Smith,US,lucas.smith@hotmail.com,1961-01-23
Ashley,Anderson,US,paSs4mashley.anderson@gmail.com,2002-03-19
Charles,Cox,FR,charles.cox@yahoo.com,1966-10-05
Natasha,Downs,US,natasha.downs@yahoo.com,1994-02-10
Jennifer,Russell,NL,jennifer.russell@gmail.com,1993-04-26
Lauren,Garza,US,lauren.garza@yahoo.com,1996-11-18
Tiffany,Bryant,US,tiffany.bryant@yahoo.com,1980-06-30
Barbara,Norton,DE,barbara.norton@hotmail.com,2000-10-03
Brianna,Fernandez,US,brianna.fernandez@gmail.com,1975-05-26
Jane,Davis,US,jane.davis@hotmail.com,1950-10-03
Wanda,Evans,US,wanda.evans@yahoo.com,1970-02-26
Amanda,Hodge,US,amanda.hodge@yahoo.com,1975-01-06
Jose,Archer,US,jose.archer@yahoo.com,1982-11-06
Lisa,Huff,US,lisa.huff@yahoo.com,1988-05-17
Kevin,Johnson,US,kevin.johnson@hotmail.com,1991-11-10
Kathleen,Sims,AU,kathleen.sims@yahoo.com,1973-02-01
Mark,Graham,FR,mark.graham@yahoo.com,1978-12-17
Lauren,Bridges,GB,lauren.bridges@hotmail.com,1955-08-12
Tanya,Brandt,US,tanya.brandt@hotmail.com,1989-10-17
Anthony,Zamora,CA,anthony.zamora@yahoo.com,1971-12-22
Shannon,Phillips,US,shannon.phillips@yahoo.com,1996-02-25
Donna,Morton,AU,donna.morton@gmail.com,1999-01-22
Tammy,Gibson,NL,iD0GE6tammy.gibson@hotmail.com,2005-03-21
Sandra,Mathis,US,sandra.mathis@yahoo.com,1975-04-21
Matthew,Thomas,US,matthew.thomas@hotmail.com,1972-07-28
Kevin,Powell,US,kevin.powell@gmail.com,1960-09-07
Joel,Thompson,US,joel.thompson@yahoo.com,1968-12-06
Amanda,Parsons,GB,amanda.parsons@yahoo.com,2005-11-09
Virginia,Gutierrez,DE,virginia.gutierrez@yahoo.com,1995-10-25
Joseph,Reed,CA,joseph.reed@yahoo.com,1990-07-22
Nicole,Vance,US,nicole.vance@yahoo.com,1988-02-05
Annette,Escobar,US,annette.escobar@yahoo.com,1961-05-30
Michael,Ponce,US,ZbQG5Rmichael.ponce@yahoo.com,1994-02-20
Stacy,Hobbs,CA,stacy.hobbs@hotmail.com,2002-06-15
Lisa,Turner,US,lisa.turner@hotmail.com,1960-04-06
Robert,Scott,GB,robert.scott@hotmail.com,2002-02-17
Eileen,Hernandez,CA,eileen.hernandez@hotmail.com,1968-08-03
Noah,Ellison,US,noah.ellison@yahoo.com,1988-11-04
Jessica,Benson,US,jessica.benson@gmail.com,1992-01-14
Brian,Martinez,US,brian.martinez@gmail.com,1996-10-12
Alison,Frank,NL,alison.frank@gmail.com,2002-03-31
Dillon,Hensley,US,dillon.hensley@yahoo.com,1982-12-10
Amanda,Sellers,US,amanda.sellers@gmail.com,1995-10-03
Krista,Gomez,AU,krista.gomez@hotmail.com,1983-03-29
Edward,Underwood,US,edward.underwood@yahoo.com,1966-12-17
Shannon,Jones,US,shannon.jones@yahoo.com,1994-05-16
Anita,Nelson,US,anita.nelson@yahoo.com,1978-07-20
Benjamin,Shields,FR,benjamin.shields@hotmail.com,1955-10-11
Michele,Singleton,CA,michele.singleton@yahoo.com,1953-03-21
Jim,Delgado,US,jim.delgado@hotmail.com,1971-01-02
Stephanie,Robertson,GB,stephanie.robertson@gmail.com,1998-04-01
Jonathan,Stephenson,US,jonathan.stephenson@gmail.com,1979-03-17
Tyler,Mckee,GB,tyler.mckee@yahoo.com,1974-06-16
Sarah,Andrade,US,sarah.andrade@hotmail.com,1985-09-25
Christina,Walton,CA,christina.walton@hotmail.com,1996-04-25
Christopher,Jones,US,christopher.jones@gmail.com,1980-12-16
Mario,Rice,AU,mario.rice@yahoo.com,1981-02-21
Cynthia,Scott,US,cynthia.scott@hotmail.com,1976-10-04
Amanda,Cabrera,CA,amanda.cabrera@yahoo.com,1987-09-01
Tim,Padilla,FR,tim.padilla@gmail.com,1985-02-10
John,Jones,SE,5k4fTrjohn.jones@gmail.com,1951-09-20
Robert,Cole,SE,robert.cole@hotmail.com,1969-06-26
Kimberly,Smith,US,kimberly.smith@hotmail.com,1963-11-08
Adam,Bradford,DE,adam.bradford@yahoo.com,1953-09-15
Robert,Koch,DE,robert.koch@hotmail.com,1975-08-29
Donna,Sharp,NL,donna.sharp@gmail.com,1988-11-24
Lisa,Perkins,US,59eBB8lisa.perkins@gmail.com,1983-08-05
Michael,Henderson,FR,michael.henderson@gmail.com,1983-03-25
Rebecca,Berger,US,rebecca.berger@yahoo.com,1963-02-08
Jennifer,Caldwell,US,jennifer.caldwell@hotmail.com,1982-10-04
Vanessa,Walker,US,vanessa.walker@hotmail.com,2004-05-17
Gregory,Smith,AU,IcIUsngregory.smith@yahoo.com,1951-10-12
Cody,Barnes,US,bLe2ticody.barnes@yahoo.com,1997-01-13
Anne,Garcia,US,anne.garcia@hotmail.com,1962-11-30
Eduardo,Wheeler,DE,eduardo.wheeler@hotmail.com,2007-09-28
Lauren,Clark,US,lauren.clark@gmail.com,1974-10-06
Bonnie,Bradley,US,bonnie.bradley@hotmail.com,1997-12-20
Jesus,Johnson,FR,jesus.johnson@hotmail.com,1999-10-05
Robin,Richard,FR,robin.richard@gmail.com,1985-09-08
Sandra,Campbell,US,sandra.campbell@gmail.com,1984-10-30
David,Chavez,GB,david.chavez@yahoo.com,1958-01-22
Richard,Davis,GB,richard.davis@hotmail.com,1988-12-14
Amy,Carpenter,DE,amy.carpenter@hotmail.com,2003-05-21
Kevin,Smith,CA,kevin.smith@gmail.com,1950-09-16
Alexis,Norris,US,alexis.norris@hotmail.com,1956-08-22
Rachel,Flynn,CA,rachel.flynn@yahoo.com,1999-03-11
Donald,Baker,US,donald.baker@hotmail.com,1994-03-20
Lisa,White,AU,CT6B6ilisa.white@gmail.com,1955-07-18
Colleen,Wallace,DE,colleen.wallace@gmail.com,1990-01-10
Shelia,Hernandez,CA,shelia.hernandez@hotmail.com,1964-12-17
Juan,Booker,CA,juan.booker@yahoo.com,1980-10-06
Thomas,Thomas,US,thomas.thomas@gmail.com,1956-04-17
Kristy,Knight,US,kristy.knight@yahoo.com,1979-07-01
Heidi,Bryant,CA,heidi.bryant@yahoo.com,1976-12-24
Timothy,Moss,US,timothy.moss@gmail.com,1966-03-22
Brandon,Salazar,CA,brandon.salazar@yahoo.com,1972-05-25
William,Johnson,US,rJpVlGwilliam.johnson@yahoo.com,1960-06-09
Michael,Williams,GB,dvLYtwmichael.williams@hotmail.com,1983-08-29
Erin,Hawkins,GB,erin.hawkins@yahoo.com,2004-12-26
William,Burton,GB,william.burton@hotmail.com,1955-11-16
Tammy,Lopez,US,tammy.lopez@hotmail.com,1995-07-17
Jenny,Dyer,US,jenny.dyer@hotmail.com,1980-07-20
Andrew,Stark,CA,andrew.stark@hotmail.com,1972-02-18
Ashley,Rivera,AU,ashley.rivera@hotmail.com,2005-06-19
Stephanie,Ware,CA,stephanie.ware@yahoo.com,2007-07-21
Austin,Farrell,US,austin.farrell@hotmail.com,2006-02-11
Daniel,Robinson,US,daniel.robinson@gmail.com,1963-06-13
Connie,Gonzales,GB,connie.gonzales@hotmail.com,1964-12-28
Colleen,Allen,CA,colleen.allen@hotmail.com,1981-05-14
Lisa,Cole,CA,lisa.cole@hotmail.com,1996-07-14
Randall,Webb,US,randall.webb@yahoo.com,1964-01-13
Alexis,Little,CA,alexis.little@yahoo.com,1986-05-01
Jasmine,Kelly,AU,jasmine.kelly@hotmail.com,1977-10-01
Logan,Arias,GB,logan.arias@hotmail.com,1982-02-13
Sandra,Williams,FR,sandra.williams@yahoo.com,2002-05-23
Michael,Scott,GB,michael.scott@yahoo.com,1991-02-21
Benjamin,Cowan,US,benjamin.cowan@gmail.com,1983-12-19
Tammy,Huynh,GB,tammy.huynh@gmail.com,1957-11-16
Kristin,Sullivan,SE,kristin.sullivan@hotmail.com,1995-11-19
Robert,Rodriguez,CA,X46diUrobert.rodriguez@hotmail.com,1968-01-16
James,Sullivan,US,james.sullivan@gmail.com,2000-07-08
Gregory,Rodriguez,FR,gregory.rodriguez@hotmail.com,1966-05-20
Christina,Smith,US,christina.smith@gmail.com,1994-10-12
Bradley,Barber,US,bradley.barber@hotmail.com,1980-09-15
Steven,Schmidt,CA,steven.schmidt@hotmail.com,2006-09-27
Robin,Lee,US,robin.lee@gmail.com,1996-07-21
Austin,Fletcher,DE,austin.fletcher@hotmail.com,1976-08-24
Stephanie,Bowman,US,stephanie.bowman@hotmail.com,1960-03-05
Peter,Sheppard,US,peter.sheppard@gmail.com,1968-02-19
David,Flores,AU,david.flores@gmail.com,1997-12-11
Jean,Wells,US,jean.wells@gmail.com,1996-06-26
Melinda,Reynolds,US,melinda.reynolds@gmail.com,1965-12-12
Jackson,Young,NL,jackson.young@hotmail.com,1950-11-21
Jose,Briggs,US,jose.briggs@yahoo.com,1965-08-03
Scott,Johnson,US,scott.johnson@yahoo.com,1977-04-24
Rachel,Wang,US,rachel.wang@hotmail.com,1986-02-09
Hailey,Powell,AU,hailey.powell@yahoo.com,1961-03-14
Tara,Davis,AU,tara.davis@gmail.com,1973-07-20
Nicholas,White,CA,nicholas.white@gmail.com,1961-02-19
Emily,Anderson,FR,emily.anderson@gmail.com,1964-01-27
Jennifer,Turner,US,jennifer.turner@hotmail.com,1994-06-01
Joseph,Murray,US,joseph.murray@yahoo.com,1981-03-24
Johnny,Gonzalez,US,johnny.gonzalez@hotmail.com,1996-07-22
Benjamin,Morrison,DE,benjamin.morrison@yahoo.com,2001-02-18
Shannon,Miller,NL,shannon.miller@gmail.com,1972-09-18
Kimberly,Joseph,NL,kimberly.joseph@hotmail.com,1952-04-04
Justin,Duran,CA,justin.duran@gmail.com,1986-09-30
Holly,Rodriguez,CA,holly.rodriguez@yahoo.com,1996-09-18
Steven,Morrison,US,steven.morrison@yahoo.com,1999-02-09
Christy,Hull,US,christy.hull@gmail.com,1999-04-07
Elizabeth,Barrett,US,elizabeth.barrett@yahoo.com,1990-03-12
Alison,Velasquez,US,alison.velasquez@hotmail.com,1983-12-13
Seth,Jones,US,seth.jones@yahoo.com,1998-12-11
Matthew,Rodriguez,CA,matthew.rodriguez@hotmail.com,1961-09-02
Ralph,Sawyer,CA,ralph.sawyer@gmail.com,1994-08-16
Curtis,Michael,US,curtis.michael@hotmail.com,1958-03-05
Stephanie,Conner,US,stephanie.conner@gmail.com,1994-07-31
Tiffany,Tran,US,tiffany.tran@yahoo.com,1992-01-23
Francis,Barber,CA,francis.barber@yahoo.com,1993-06-03
Melissa,Phillips,US,melissa.phillips@hotmail.com,1962-01-05
Jonathan,Reed,US,jonathan.reed@gmail.com,1963-06-16
Randall,Turner,US,randall.turner@yahoo.com,1978-10-02
Tina,Moyer,AU,tina.moyer@yahoo.com,1987-08-03
Pamela,Johnston,GB,pamela.johnston@yahoo.com,1968-08-20
Richard,Bolton,GB,richard.bolton@yahoo.com,1954-05-04
Tammy,Rodriguez,US,tammy.rodriguez@yahoo.com,1951-03-31
Sarah,Miranda,GB,sarah.miranda@yahoo.com,1967-12-24
Stephen,Nelson,CA,stephen.nelson@gmail.com,1966-04-01
Bryan,Lawrence,US,bryan.lawrence@hotmail.com,1969-10-10
Lori,Edwards,US,lori.edwards@gmail.com,1959-10-02
Leah,Thornton,US,leah.thornton@yahoo.com,1978-08-16
Jason,Murphy,GB,jason.murphy@yahoo.com,1953-01-18
Carla,Kane,US,carla.kane@hotmail.com,2003-07-29
Elizabeth,Wilson,US,elizabeth.wilson@yahoo.com,1985-04-08
Christian,Taylor,US,christian.taylor@gmail.com,1997-11-16
Holly,Beard,US,holly.beard@gmail.com,1956-01-09
Emily,Cabrera,US,emily.cabrera@yahoo.com,2006-09-04
Jacqueline,Obrien,GB,jacqueline.obrien@hotmail.com,1996-12-19
Eric,Moore,CA,eric.moore@hotmail.com,1994-03-10
Katherine,Martin,US,katherine.martin@yahoo.com,1955-03-21
Linda,Perez,US,linda.perez@yahoo.com,1958-07-12
George,Harris,US,george.harris@hotmail.com,1985-12-12
Wesley,Harris,NL,wesley.harris@gmail.com,1974-12-18
Sarah,Johnson,US,sarah.johnson@yahoo.com,1980-08-06
Gary,Ortega,US,gary.ortega@hotmail.com,1962-11-07
Dana,Smith,US,dana.smith@yahoo.com,1994-04-20
Laurie,Gonzalez,US,laurie.gonzalez@gmail.com,1985-09-09
Shannon,Eaton,US,shannon.eaton@yahoo.com,1964-07-24
Andrew,Smith,AU,5gBWAPandrew.smith@yahoo.com,1976-07-19
Tiffany,Wall,FR,tiffany.wall@yahoo.com,2004-03-03
Jeremy,Medina,US,jeremy.medina@hotmail.com,1984-08-31
Victoria,Lam,SE,victoria.lam@gmail.com,1969-07-29
Kenneth,Dunn,DE,kenneth.dunn@yahoo.com,1973-08-28
Sally,Lee,GB,sally.lee@hotmail.com,1968-11-05
Derrick,White,US,derrick.white@hotmail.com,1958-11-12
Ashley,Mckinney,US,ashley.mckinney@hotmail.com,1975-05-12
Debra,Ward,FR,debra.ward@hotmail.com,1985-09-13
Michael,Newman,US,michael.newman@hotmail.com,2005-07-31
Laura,Franklin,US,laura.franklin@gmail.com,1980-07-12
Jessica,Fletcher,GB,jessica.fletcher@yahoo.com,1962-01-21
William,Jordan,US,william.jordan@gmail.com,2003-05-28
Kevin,Rodriguez,US,L5b6jpkevin.rodriguez@yahoo.com,2007-11-15
Shannon,Burke,GB,shannon.burke@gmail.com,1982-06-20
Nicole,Holland,AU,nicole.holland@hotmail.com,1958-08-06
Heidi,Holland,GB,heidi.holland@yahoo.com,1991-02-23
Adam,Lawson,US,adam.lawson@hotmail.com,1987-10-22
Brenda,Ramirez,NL,brenda.ramirez@yahoo.com,1983-02-26
Jeremiah,Castillo,US,jeremiah.castillo@yahoo.com,1967-04-21
Lori,Carter,CA,lori.carter@gmail.com,1974-01-31
Robert,Rivers,US,robert.rivers@hotmail.com,1971-07-10
James,May,US,james.may@gmail.com,1960-01-24
Russell,Williams,AU,russell.williams@gmail.com,1978-11-23
Amy,Mitchell,US,amy.mitchell@gmail.com,1971-06-17
Renee,Smith,US,vdee6Zrenee.smith@hotmail.com,1970-08-20
Jessica,Harrison,US,jessica.harrison@gmail.com,1963-07-18
John,Mason,GB,john.mason@yahoo.com,1997-04-12
Marisa,Wilson,AU,marisa.wilson@yahoo.com,1982-12-15
Dana,Rodriguez,SE,dana.rodriguez@hotmail.com,2002-09-21
Jason,Hawkins,CA,jason.hawkins@gmail.com,1962-05-09
Audrey,Perez,US,audrey.perez@hotmail.com,1995-06-25
Jonathan,Romero,DE,jonathan.romero@hotmail.com,1971-10-22
Darryl,Cantrell,SE,darryl.cantrell@gmail.com,2005-12-20
Charles,Atkinson,US,charles.atkinson@hotmail.com,1991-11-23
Stephen,Castaneda,US,stephen.castaneda@gmail.com,2003-03-30
Karen,Brewer,US,karen.brewer@hotmail.com,1989-03-16
Dustin,Chung,CA,dustin.chung@yahoo.com,1971-02-23
Brenda,Green,SE,brenda.green@yahoo.com,2000-07-14
Jamie,Anderson,CA,jamie.anderson@yahoo.com,1974-02-25
Kimberly,James,US,kimberly.james@gmail.com,1992-09-25
Meghan,Matthews,NL,meghan.matthews@gmail.com,1977-02-07
Kathryn,Warren,US,kathryn.warren@gmail.com,1965-08-01
Mary,Watson,FR,mary.watson@yahoo.com,1957-11-05
Elizabeth,Hatfield,US,elizabeth.hatfield@hotmail.com,1999-07-03
Amanda,Morton,NL,amanda.morton@gmail.com,1954-11-10
Jeffrey,Hill,DE,jeffrey.hill@yahoo.com,1994-03-09
William,Garner,US,william.garner@hotmail.com,1968-06-15
Randy,Clark,CA,randy.clark@gmail.com,2007-12-24
George,Wells,US,george.wells@hotmail.com,1978-09-16
Brandon,Greene,US,brandon.greene@gmail.com,1951-12-16
Peter,Ramos,CA,peter.ramos@yahoo.com,1959-01-24
Derek,Dean,US,derek.dean@yahoo.com,1978-04-12
Christina,Scott,US,christina.scott@yahoo.com,1956-10-26
Glenn,Marquez,US,glenn.marquez@gmail.com,1960-06-03
Michael,Hernandez,US,6gzTZrmichael.hernandez@gmail.com,1980-03-22
Steven,Lopez,NL,steven.lopez@hotmail.com,1993-11-02
Patty,Todd,DE,patty.todd@yahoo.com,2006-10-28
Shelly,Skinner,US,shelly.skinner@hotmail.com,2004-04-02
Ashley,Gregory,US,ashley.gregory@hotmail.com,1953-04-18
Sandra,Ortega,GB,sandra.ortega@gmail.com,1960-07-03
Nicole,Hebert,US,nicole.hebert@gmail.com,1992-06-17
Chase,Elliott,US,chase.elliott@yahoo.com,1982-02-03
William,Stout,CA,william.stout@gmail.com,1976-04-15
Jennifer,Delgado,CA,jennifer.delgado@yahoo.com,2000-08-12
Monica,Davis,US,monica.davis@yahoo.com,1987-02-20
Todd,Williams,CA,todd.williams@gmail.com,1967-04-02
Anthony,Joseph,US,anthony.joseph@gmail.com,1970-02-18
John,Smith,US,32kOkUjohn.smith@yahoo.com,1996-04-06
Amanda,Bowers,CA,amanda.bowers@yahoo.com,1980-11-11
Steven,Prince,FR,steven.prince@gmail.com,1988-10-05
Jessica,Scott,US,jessica.scott@gmail.com,1963-09-17
Juan,King,GB,juan.king@hotmail.com,1971-12-08
Katelyn,Powell,US,katelyn.powell@hotmail.com,2001-05-04
Christopher,Wall,US,christopher.wall@hotmail.com,1992-01-08
Ricardo,Strickland,GB,ricardo.strickland@yahoo.com,2007-11-07
Joshua,Jones,US,bexSk2joshua.jones@hotmail.com,1975-12-02
Regina,Marshall,CA,regina.marshall@gmail.com,1970-10-27
Kelly,Spencer,AU,kelly.spencer@hotmail.com,1979-05-27
James,Alvarez,US,james.alvarez@yahoo.com,2007-06-09
Roger,Lewis,GB,roger.lewis@gmail.com,1982-02-14
Edward,Wilson,US,edward.wilson@yahoo.com,1983-01-03
Anthony,Daniel,DE,WVrdsYanthony.daniel@yahoo.com,1993-02-14
Grace,Reese,US,grace.reese@yahoo.com,1981-08-25
John,Brooks,DE,john.brooks@hotmail.com,1964-12-08
Michelle,Jordan,US,michelle.jordan@gmail.com,1966-10-14
Ellen,Estrada,US,ellen.estrada@gmail.com,1971-02-15
Stanley,Carter,US,stanley.carter@hotmail.com,1971-06-19
Heather,Taylor,US,heather.taylor@gmail.com,1998-12-14
Brandy,Munoz,CA,brandy.munoz@yahoo.com,1974-03-30
Scott,Barron,US,scott.barron@gmail.com,1989-07-17
Kathy,Tran,NL,kathy.tran@yahoo.com,1968-12-24
Douglas,Blair,CA,douglas.blair@hotmail.com,1993-01-31
Mary,Burke,CA,mary.burke@yahoo.com,1998-09-14
Howard,Jensen,US,howard.jensen@gmail.com,1998-02-18
Joseph,Stewart,SE,joseph.stewart@hotmail.com,1997-09-05
Heather,Stein,US,heather.stein@hotmail.com,1977-01-29
Michael,Prince,DE,michael.prince@gmail.com,1961-09-12
Adrian,Martin,AU,adrian.martin@hotmail.com,1983-04-22
Stanley,Chambers,FR,stanley.chambers@yahoo.com,1969-12-26
Jeremiah,Kelley,NL,jeremiah.kelley@yahoo.com,1988-01-01
Stephanie,Cordova,US,stephanie.cordova@hotmail.com,2001-09-15
Adam,Trevino,US,adam.trevino@gmail.com,1972-02-23
Victoria,Smith,CA,victoria.smith@yahoo.com,1997-03-02
Melanie,Ellis,GB,melanie.ellis@gmail.com,1974-04-17
Jason,Schultz,AU,jason.schultz@yahoo.com,1973-04-21
Justin,Norris,DE,justin.norris@hotmail.com,1953-09-06
Kendra,Cook,US,kendra.cook@gmail.com,1983-06-21
Carmen,Rivas,US,carmen.rivas@yahoo.com,1955-09-27
Kyle,King,US,kyle.king@hotmail.com,1952-05-29
Joshua,Meyer,DE,mH3Ev8joshua.meyer@yahoo.com,1972-02-23
Alan,Bentley,GB,alan.bentley@yahoo.com,1999-06-26
Amanda,Sanchez,US,amanda.sanchez@hotmail.com,1985-06-04
Greg,Shaw,FR,greg.shaw@gmail.com,2007-01-24
Curtis,Johnson,AU,curtis.johnson@yahoo.com,1964-10-07
James,Marsh,US,james.marsh@gmail.com,1963-02-09
Kristina,Sheppard,US,kristina.sheppard@yahoo.com,1963-11-09
Dillon,Price,DE,dillon.price@hotmail.com,1985-07-11
Sharon,Parsons,FR,sharon.parsons@hotmail.com,1970-12-08
Cody,Mclaughlin,US,cody.mclaughlin@gmail.com,1973-05-29
Christine,Quinn,US,christine.quinn@yahoo.com,1961-07-01
Jennifer,Erickson,US,jennifer.erickson@hotmail.com,1995-06-16
Julie,Mills,SE,julie.mills@hotmail.com,1965-05-31
Daniel,Martinez,US,jfKR88daniel.martinez@hotmail.com,1972-06-07
Christine,Dillon,US,christine.dillon@hotmail.com,1972-04-26
Michael,Smith,US,DSi7eJmichael.smith@yahoo.com,1970-11-11
Marie,Thomas,US,marie.thomas@yahoo.com,2000-08-11
James,Barker,US,james.barker@gmail.com,1966-12-28
Kimberly,Johnson,US,kimberly.johnson@yahoo.com,2007-11-27
Nathan,Miller,US,nathan.miller@gmail.com,1962-09-06
Kristopher,Manning,CA,kristopher.manning@gmail.com,1983-02-25
Lisa,Fitzpatrick,FR,lisa.fitzpatrick@gmail.com,1956-03-08
Donna,Moore,CA,donna.moore@gmail.com,1979-12-12
Jennifer,White,AU,jennifer.white@yahoo.com,1991-04-24
Summer,Wagner,CA,summer.wagner@yahoo.com,1972-08-03
Derrick,Jordan,US,derrick.jordan@hotmail.com,1977-07-11
Janice,Mann,US,janice.mann@gmail.com,1979-08-07
Jennifer,Thomas,US,jennifer.thomas@hotmail.com,1993-04-03
Emily,Wheeler,AU,emily.wheeler@gmail.com,2006-08-05
Rachel,Patterson,SE,rachel.patterson@yahoo.com,1979-05-20
Michael,Barton,GB,michael.barton@hotmail.com,1961-09-24
Randall,Rodriguez,CA,randall.rodriguez@gmail.com,1970-01-17
James,Wade,US,james.wade@gmail.com,1980-06-15
Melissa,Bowman,GB,melissa.bowman@yahoo.com,2004-01-20
Joyce,Hardy,DE,joyce.hardy@gmail.com,1987-07-01
Kristen,King,FR,kristen.king@gmail.com,1986-10-30
Paul,Davis,CA,paul.davis@yahoo.com,1964-05-11
Wayne,Blankenship,CA,wayne.blankenship@hotmail.com,1997-11-30
Cheryl,Smith,US,cheryl.smith@yahoo.com,1981-04-16
Brandi,Brown,AU,brandi.brown@hotmail.com,1960-03-03
Nicholas,Rodriguez,CA,wwtSjvnicholas.rodriguez@hotmail.com,1969-10-23
Brian,Russo,US,brian.russo@yahoo.com,1973-09-28
Victor,Miller,AU,victor.miller@yahoo.com,2003-10-26
Alicia,Doyle,FR,alicia.doyle@hotmail.com,1980-06-25
Diana,Swanson,SE,diana.swanson@gmail.com,1988-03-27
Adam,Schmidt,US,adam.schmidt@hotmail.com,1967-04-03
Megan,Johnson,US,megan.johnson@hotmail.com,1995-07-21
Tyler,Robinson,GB,tyler.robinson@yahoo.com,1963-08-07
Samantha,Diaz,DE,samantha.diaz@yahoo.com,1981-08-31
Michelle,Santiago,AU,michelle.santiago@hotmail.com,1990-12-14
Aaron,Phillips,AU,aaron.phillips@hotmail.com,1989-07-04
Brenda,Miller,AU,brenda.miller@gmail.com,1992-04-20
Andrea,Dixon,US,andrea.dixon@yahoo.com,1951-04-10
Craig,Parks,US,craig.parks@hotmail.com,1960-04-24
Rachel,Johnson,US,rachel.johnson@hotmail.com,1974-03-24
Joshua,Summers,US,joshua.summers@hotmail.com,1968-05-10
Tristan,Wells,US,tristan.wells@yahoo.com,1974-05-23
Bradley,Gay,GB,bradley.gay@gmail.com,1972-05-15
Emily,Thompson,CA,emily.thompson@gmail.com,1968-08-31
Patrick,Smith,US,XleAPApatrick.smith@yahoo.com,1954-02-15
Stephen,Garrett,US,stephen.garrett@gmail.com,1964-10-19
Jonathan,Johnson,US,jonathan.johnson@hotmail.com,1957-11-19
Deborah,Cunningham,GB,deborah.cunningham@hotmail.com,1987-12-12
Maria,Fields,US,maria.fields@yahoo.com,1998-10-15
Scott,Carr,FR,scott.carr@yahoo.com,1985-07-07
Keith,Williams,DE,keith.williams@gmail.com,1988-10-29
Kevin,Gardner,CA,kevin.gardner@gmail.com,1952-04-25
Jeremy,Walker,US,jeremy.walker@hotmail.com,1953-12-22
Calvin,Nguyen,US,calvin.nguyen@hotmail.com,1966-12-06
Kelli,Henderson,SE,kelli.henderson@hotmail.com,2004-03-07
Brandon,Buckley,US,brandon.buckley@hotmail.com,1957-12-03
Seth,Garza,CA,seth.garza@hotmail.com,1961-06-06
Maria,Johnson,SE,maria.johnson@hotmail.com,1980-09-07
Daniel,Lane,GB,daniel.lane@gmail.com,1951-10-26
Andrew,Harris,US,andrew.harris@gmail.com,1995-04-01
Megan,Blankenship,CA,megan.blankenship@gmail.com,1996-06-24
Miranda,Wood,US,miranda.wood@gmail.com,1992-03-23
Nicholas,Price,US,nicholas.price@hotmail.com,1989-06-11
John,Cole,US,john.cole@hotmail.com,1977-04-15
Erica,Garcia,GB,erica.garcia@yahoo.com,1994-05-13
Rick,Carter,US,rick.carter@hotmail.com,1976-05-01
Patricia,Roberts,US,patricia.roberts@hotmail.com,1959-01-03
Matthew,Hurst,US,matthew.hurst@hotmail.com,1985-01-15
Amy,Schneider,SE,amy.schneider@yahoo.com,2006-04-25
David,Leon,AU,david.leon@yahoo.com,1998-03-18
Teresa,Nash,US,teresa.nash@hotmail.com,1978-12-08
Amber,Hill,FR,amber.hill@yahoo.com,1973-07-03
Joseph,Shaffer,US,joseph.shaffer@hotmail.com,2002-06-06
Melissa,Hines,US,melissa.hines@gmail.com,1996-06-12
Andrea,Stone,US,andrea.stone@gmail.com,1960-03-17
Alyssa,Reynolds,CA,alyssa.reynolds@gmail.com,1991-12-13
James,Cervantes,GB,james.cervantes@yahoo.com,1967-12-20
Melissa,Perez,CA,melissa.perez@yahoo.com,1965-01-16
Emily,Cochran,FR,emily.cochran@gmail.com,1958-01-11
Dawn,Ortiz,NL,dawn.ortiz@yahoo.com,1954-02-16
Laura,Harris,US,laura.harris@gmail.com,1986-01-03
Ronald,Johnson,AU,CVbAenronald.johnson@yahoo.com,1968-11-07
Courtney,Wilson,CA,courtney.wilson@yahoo.com,1965-02-09
George,Sullivan,US,george.sullivan@yahoo.com,1985-05-23
Jason,Morales,US,jason.morales@yahoo.com,1999-04-01
Vanessa,Potter,US,vanessa.potter@gmail.com,1995-10-07
Jeremy,Collins,CA,jeremy.collins@yahoo.com,1983-07-26
Michelle,Moody,DE,michelle.moody@hotmail.com,1952-10-26
Crystal,Robinson,GB,crystal.robinson@yahoo.com,1983-11-06
Sean,King,CA,sean.king@hotmail.com,1979-03-08
Arthur,West,US,arthur.west@hotmail.com,1981-01-23
Ashlee,Brown,DE,ashlee.brown@gmail.com,1973-06-21
Jennifer,Garcia,DE,2N3buLjennifer.garcia@yahoo.com,1982-09-28
Matthew,Medina,GB,matthew.medina@gmail.com,1985-04-26
Brandon,Ware,AU,brandon.ware@yahoo.com,1959-05-29
Brittany,Carter,US,brittany.carter@yahoo.com,1981-04-22
Todd,Miller,US,todd.miller@gmail.com,2004-04-19
William,Holmes,US,william.holmes@yahoo.com,1961-01-22
Gregory,Jones,US,gregory.jones@gmail.com,1987-12-17
Frank,Woods,US,frank.woods@hotmail.com,2008-05-26
Carlos,Hensley,US,carlos.hensley@hotmail.com,1959-05-10
Lawrence,James,US,lawrence.james@yahoo.com,1978-02-01
Amy,Lee,US,amy.lee@yahoo.com,1959-12-29
Denise,Greene,US,denise.greene@yahoo.com,1997-07-17
Mary,Williams,GB,vlTw6jmary.williams@yahoo.com,1995-04-27
Taylor,Vargas,US,taylor.vargas@yahoo.com,1957-01-26
Jason,Martinez,US,jason.martinez@hotmail.com,1952-05-07
Travis,Mendoza,DE,travis.mendoza@yahoo.com,1995-07-13
Adam,Williams,US,adam.williams@hotmail.com,1981-09-28
Michael,Howard,US,michael.howard@hotmail.com,2004-01-08
Lisa,Herrera,US,lisa.herrera@hotmail.com,1976-09-25
Bryan,Hughes,AU,bryan.hughes@yahoo.com,1984-09-02
Thomas,Moore,US,thomas.moore@hotmail.com,1953-01-25
Chad,Hines,US,chad.hines@gmail.com,1952-04-27
Natalie,Foster,US,natalie.foster@hotmail.com,1963-09-10
Mary,Stevens,AU,mary.stevens@gmail.com,1953-03-26
Jose,Ortiz,US,jose.ortiz@hotmail.com,1998-12-11
Terri,Elliott,US,terri.elliott@yahoo.com,1977-01-06
Michael,Howard,GB,michael.howard@yahoo.com,1968-10-01
Veronica,Hart,US,veronica.hart@gmail.com,1964-02-28
Eric,Williams,US,eric.williams@yahoo.com,1952-11-30
Dana,Guerrero,GB,dana.guerrero@hotmail.com,1953-09-09
Joseph,Holmes,US,joseph.holmes@yahoo.com,1963-08-16
Raymond,Griffith,NL,raymond.griffith@yahoo.com,1994-08-02
Deborah,Schneider,GB,deborah.schneider@hotmail.com,1986-02-18
Denise,Jacobs,CA,denise.jacobs@yahoo.com,1984-12-24
Lisa,Larson,CA,lisa.larson@hotmail.com,1980-01-25
Thomas,Collins,US,thomas.collins@gmail.com,1994-04-21
Joel,Adams,DE,joel.adams@gmail.com,1978-04-04
Charles,Bryant,CA,charles.bryant@gmail.com,1956-05-28
James,Savage,FR,james.savage@gmail.com,1999-06-26
Lindsay,Joseph,US,lindsay.joseph@hotmail.com,1963-02-13
Jonathan,Bradley,US,hRL5U5jonathan.bradley@gmail.com,1978-11-16
Dawn,Cobb,NL,dawn.cobb@hotmail.com,1952-07-12
Sabrina,Wilson,US,sabrina.wilson@yahoo.com,1974-11-27
Reginald,Ramirez,US,reginald.ramirez@yahoo.com,2006-05-17
Lacey,Hall,AU,lacey.hall@hotmail.com,1960-06-28
Francisco,Ramirez,NL,francisco.ramirez@hotmail.com,1955-09-06
Raymond,Gibson,US,raymond.gibson@hotmail.com,2001-11-18
Charles,Dominguez,CA,charles.dominguez@yahoo.com,1985-03-22
John,Jones,SE,john.jones@hotmail.com,1964-04-12
David,Mcconnell,US,david.mcconnell@hotmail.com,1962-02-11
Ariana,Chavez,US,ariana.chavez@gmail.com,2005-12-30
Jared,Yu,DE,jared.yu@hotmail.com,2003-02-18
Dominic,Francis,AU,dominic.francis@yahoo.com,1954-10-02
Jason,Carson,GB,jason.carson@yahoo.com,2006-04-29
Erik,Vaughn,US,erik.vaughn@yahoo.com,1962-12-25
Dennis,Knox,US,dennis.knox@yahoo.com,2000-02-11
Ryan,Lee,AU,ryan.lee@gmail.com,1988-07-25
Laura,Morgan,US,laura.morgan@gmail.com,2000-04-17
David,Brown,US,b01ECndavid.brown@hotmail.com,1983-12-17
Randy,Good,DE,randy.good@hotmail.com,2007-12-15
Brandy,Smith,US,brandy.smith@gmail.com,1953-06-19
Lisa,Martinez,US,lisa.martinez@hotmail.com,1957-09-19
Carmen,Mclean,US,carmen.mclean@gmail.com,2003-02-13
Eric,Townsend,CA,eric.townsend@yahoo.com,1963-08-23
Zachary,Adams,US,zachary.adams@hotmail.com,1955-01-30
Erik,Anderson,US,erik.anderson@hotmail.com,1953-02-10
Lawrence,Dixon,US,lawrence.dixon@gmail.com,1973-03-30
Douglas,Norris,US,douglas.norris@gmail.com,2002-01-05
Thomas,Simmons,AU,thomas.simmons@gmail.com,1974-06-13
Kathleen,Perez,US,kathleen.perez@gmail.com,1995-06-26
Kari,Ward,CA,kari.ward@yahoo.com,1964-03-10
Michelle,Schroeder,US,michelle.schroeder@hotmail.com,1970-10-24
Julia,Robinson,GB,julia.robinson@gmail.com,1952-04-13
Edward,Yoder,CA,edward.yoder@yahoo.com,2001-12-31
Theresa,Wood,CA,theresa.wood@hotmail.com,1966-03-16
Julie,Diaz,US,julie.diaz@hotmail.com,2002-01-14
Trevor,Schwartz,US,trevor.schwartz@hotmail.com,2001-10-17
William,Jimenez,US,william.jimenez@hotmail.com,1972-03-31
Steven,Rasmussen,GB,steven.rasmussen@hotmail.com,1968-01-28
Rachel,Knight,GB,rachel.knight@hotmail.com,1983-07-10
William,Travis,US,william.travis@gmail.com,1963-06-26
Ronald,Chavez,NL,ronald.chavez@yahoo.com,1960-10-08
Angela,Golden,US,angela.golden@yahoo.com,1964-06-24
Todd,Calhoun,US,todd.calhoun@yahoo.com,2004-08-15
Rachel,Weiss,US,rachel.weiss@hotmail.com,2001-06-12
Devin,Glass,CA,devin.glass@yahoo.com,1977-05-09
John,Adams,US,john.adams@hotmail.com,1958-05-19
Joseph,Flores,US,joseph.flores@yahoo.com,1996-08-16
Amanda,Adkins,US,amanda.adkins@hotmail.com,1956-03-11
Daniel,Byrd,US,daniel.byrd@yahoo.com,2001-10-25
Jasmine,Bridges,CA,jasmine.bridges@hotmail.com,1994-01-07
Christian,Maddox,US,christian.maddox@yahoo.com,2000-01-19
Michael,Gomez,NL,michael.gomez@hotmail.com,1965-09-04
Joseph,Wolfe,CA,joseph.wolfe@gmail.com,1987-09-17
Crystal,Pratt,US,crystal.pratt@gmail.com,1999-02-15
Susan,Anderson,US,susan.anderson@yahoo.com,1986-03-13
Ronald,Parker,US,ronald.parker@gmail.com,1982-08-03
William,Lynch,CA,william.lynch@gmail.com,1951-03-08
Kelly,Montgomery,US,kelly.montgomery@hotmail.com,1994-05-24
Donald,Nelson,US,donald.nelson@hotmail.com,1992-08-19
Jose,Taylor,US,jose.taylor@yahoo.com,1970-11-08
David,Smith,GB,david.smith@gmail.com,1997-11-29
Rick,Fields,SE,rick.fields@yahoo.com,2000-11-20
Jennifer,Morales,CA,jennifer.morales@gmail.com,1958-08-27
Zachary,Brandt,GB,zachary.brandt@yahoo.com,1973-11-29
Eric,Garcia,US,eric.garcia@gmail.com,1980-05-11
James,Charles,US,james.charles@yahoo.com,1976-10-16
Lorraine,Garcia,CA,lorraine.garcia@yahoo.com,2005-04-24
Dana,Ward,AU,dana.ward@hotmail.com,1969-05-08
Anna,Carr,US,anna.carr@yahoo.com,1997-09-13
Cheryl,Phelps,US,cheryl.phelps@yahoo.com,1999-06-27
Chris,Leach,US,chris.leach@yahoo.com,2004-08-01
Michelle,Valenzuela,US,michelle.valenzuela@gmail.com,1958-12-18
Jesse,Brown,US,jesse.brown@hotmail.com,2000-04-06
Kelly,Robles,US,kelly.robles@hotmail.com,1975-07-02
Karen,Collins,GB,karen.collins@yahoo.com,1990-11-01
Amanda,Johnson,US,amanda.johnson@hotmail.com,1978-07-27
Wendy,Padilla,US,wendy.padilla@hotmail.com,1969-05-21
Melissa,Waters,CA,melissa.waters@gmail.com,1959-03-18
Kimberly,Kramer,US,kimberly.kramer@gmail.com,1954-03-30
Lisa,Adkins,US,lisa.adkins@hotmail.com,1958-01-22
Deborah,Dean,US,deborah.dean@yahoo.com,1952-01-19
Jonathan,Wilson,CA,jonathan.wilson@yahoo.com,1965-08-07
Yvonne,Turner,US,yvonne.turner@yahoo.com,1954-09-15
Daniel,Andrews,GB,nkWNTKdaniel.andrews@yahoo.com,2002-04-24
Madison,Kidd,US,madison.kidd@gmail.com,1959-11-06
David,Lopez,US,p7qGMDdavid.lopez@gmail.com,1952-11-10
Cassie,Smith,NL,cassie.smith@hotmail.com,1967-04-13
Andrew,Cook,US,andrew.cook@gmail.com,2002-09-29
Patricia,Carr,CA,patricia.carr@gmail.com,1966-05-22
Samantha,Schwartz,US,samantha.schwartz@gmail.com,1963-05-02
David,Murray,CA,david.murray@hotmail.com,1960-04-15
Todd,Ortiz,CA,todd.ortiz@yahoo.com,2007-11-22
Jill,Schroeder,US,b0eeVnjill.schroeder@hotmail.com,1979-05-16
Nicole,Smith,SE,nicole.smith@yahoo.com,1995-03-17
Larry,Beltran,CA,larry.beltran@yahoo.com,2002-04-23
Carlos,Thomas,US,carlos.thomas@hotmail.com,1967-08-20
Reginald,Harris,FR,reginald.harris@gmail.com,1973-04-13
Debbie,Larson,US,debbie.larson@gmail.com,2007-06-08
Cynthia,Ryan,GB,cynthia.ryan@hotmail.com,2003-05-12
Rachel,Pearson,CA,rachel.pearson@yahoo.com,1999-04-16
Kim,Smith,US,kim.smith@yahoo.com,1990-12-04
Alexandra,Harper,US,alexandra.harper@gmail.com,1971-01-04
Brandon,Hernandez,US,brandon.hernandez@gmail.com,2008-05-20
Margaret,Brown,GB,margaret.brown@gmail.com,1988-08-28
Whitney,Villegas,US,whitney.villegas@hotmail.com,1999-06-02
Steven,Reynolds,US,steven.reynolds@gmail.com,1992-05-03
Aaron,Mercer,US,aaron.mercer@gmail.com,1971-09-13
Lisa,Davis,US,lisa.davis@yahoo.com,2000-09-22
Andre,Rodriguez,US,andre.rodriguez@gmail.com,1955-06-09
Randy,Mosley,NL,randy.mosley@yahoo.com,1970-10-07
Sean,Johnson,US,sean.johnson@hotmail.com,1951-10-28
Michael,Gray,US,michael.gray@hotmail.com,1972-01-07
Martin,Smith,US,martin.smith@yahoo.com,2000-03-18
Ronald,Wilson,US,ronald.wilson@hotmail.com,2003-03-05
Melissa,Hernandez,US,J5MEL6melissa.hernandez@yahoo.com,1976-11-26
Deborah,Townsend,GB,deborah.townsend@yahoo.com,1988-08-30
Matthew,Cruz,FR,matthew.cruz@hotmail.com,1993-04-10
Nicole,Wilkins,US,nicole.wilkins@yahoo.com,1967-05-11
Jacob,Hernandez,US,jacob.hernandez@gmail.com,1966-08-20
Erica,Powers,US,erica.powers@gmail.com,2003-07-23
Alyssa,Prince,CA,alyssa.prince@yahoo.com,1988-08-19
April,Landry,US,april.landry@gmail.com,1969-02-28
Jeremy,Torres,GB,jeremy.torres@hotmail.com,2006-01-29
Monica,Phillips,US,monica.phillips@gmail.com,1978-10-29
Gwendolyn,Tran,NL,gwendolyn.tran@yahoo.com,1952-07-07
Robert,Allen,CA,robert.allen@hotmail.com,1974-07-05
Wayne,Haney,US,wayne.haney@gmail.com,1969-09-08
Carol,Kirk,US,carol.kirk@yahoo.com,1967-10-06
Paul,Hopkins,US,paul.hopkins@yahoo.com,1973-08-14
Kathleen,Wallace,US,kathleen.wallace@gmail.com,1953-11-15
Rachel,Jones,GB,rachel.jones@gmail.com,1952-12-31
Jessica,Houston,US,jessica.houston@hotmail.com,1988-09-07
Jeremiah,Berry,CA,jeremiah.berry@hotmail.com,1998-06-29
Barbara,Brown,US,barbara.brown@hotmail.com,1960-11-05
Rachel,Aguirre,FR,rachel.aguirre@hotmail.com,2000-03-21
Jeffrey,Anderson,US,cCs3RUjeffrey.anderson@gmail.com,1992-01-27
Kelli,Goodman,US,kelli.goodman@yahoo.com,1969-12-27
Megan,Patel,GB,megan.patel@gmail.com,2005-08-29
Eric,Mathis,US,eric.mathis@gmail.com,2002-11-24
James,Tucker,CA,james.tucker@gmail.com,1954-11-28
David,Hill,US,david.hill@yahoo.com,1954-01-21
Ashley,Holmes,US,ashley.holmes@hotmail.com,1983-01-09
Steven,Silva,FR,steven.silva@gmail.com,1956-11-11
Theresa,Ritter,DE,theresa.ritter@hotmail.com,1979-02-16
Jessica,Hall,US,jessica.hall@yahoo.com,1953-06-19
Matthew,Diaz,GB,matthew.diaz@yahoo.com,2004-09-13
Robert,Dudley,CA,robert.dudley@gmail.com,1990-06-04
Daisy,Stafford,CA,daisy.stafford@gmail.com,1971-04-14
Toni,Morales,US,toni.morales@hotmail.com,1999-12-03
Margaret,Underwood,US,margaret.underwood@hotmail.com,1974-05-04
Cynthia,Peterson,US,cynthia.peterson@hotmail.com,1974-10-03
Patrick,Stanley,US,patrick.stanley@hotmail.com,2002-06-23
Anthony,Lopez,CA,anthony.lopez@gmail.com,1986-01-02
Lisa,Vaughn,FR,lisa.vaughn@yahoo.com,1959-11-05
Robert,Black,US,robert.black@gmail.com,1988-05-01
Wayne,Riley,US,wayne.riley@yahoo.com,1969-02-10
Mary,Price,US,mary.price@yahoo.com,1996-07-09
Brent,Lindsey,US,brent.lindsey@hotmail.com,1980-08-03
Wesley,Hardy,NL,wesley.hardy@gmail.com,1964-05-08
Alicia,Jensen,US,alicia.jensen@gmail.com,1993-04-05
Lauren,Gonzales,FR,lauren.gonzales@hotmail.com,1968-08-12
Andrea,Allen,US,andrea.allen@yahoo.com,1969-01-24
Brianna,Harmon,CA,brianna.harmon@yahoo.com,1991-09-11
Michael,Reed,CA,michael.reed@yahoo.com,1983-01-07
Linda,Jones,CA,linda.jones@hotmail.com,1973-11-30
Mary,Wood,CA,mary.wood@hotmail.com,1963-10-20
Stacy,Daniel,US,stacy.daniel@gmail.com,2007-02-06
Jessica,Kerr,US,jessica.kerr@gmail.com,1971-01-04
Leslie,Houston,US,leslie.houston@hotmail.com,1970-07-13
Casey,Hernandez,US,casey.hernandez@gmail.com,1956-07-26
Amy,Skinner,SE,amy.skinner@hotmail.com,1979-10-12
Cynthia,Ferguson,US,cynthia.ferguson@yahoo.com,1982-12-16
Kimberly,Olson,US,kimberly.olson@gmail.com,2005-09-27
John,Flores,US,john.flores@hotmail.com,1992-07-15
Tammy,Terrell,GB,tammy.terrell@yahoo.com,2005-08-27
Aaron,Powers,US,aaron.powers@gmail.com,1983-03-29
Steven,Hunt,US,steven.hunt@yahoo.com,1952-03-17
Kenneth,Edwards,US,kenneth.edwards@yahoo.com,1981-10-17
Christine,Herrera,GB,christine.herrera@hotmail.com,1968-07-10
Destiny,Torres,AU,destiny.torres@yahoo.com,1974-06-25
Marisa,Crane,AU,marisa.crane@gmail.com,1955-01-01
Tamara,Hood,US,tamara.hood@hotmail.com,1985-06-19
Monica,Curry,SE,monica.curry@yahoo.com,2007-07-13
Michelle,Mckinney,US,michelle.mckinney@yahoo.com,1960-07-21
Madeline,Lee,US,madeline.lee@hotmail.com,1970-10-08
James,Hernandez,US,james.hernandez@gmail.com,2002-07-06
Paul,Mason,US,paul.mason@yahoo.com,1953-08-09
Nathan,Mueller,US,nathan.mueller@gmail.com,2005-05-27
Jonathan,Martin,US,jonathan.martin@hotmail.com,1988-02-11
John,Whitehead,AU,john.whitehead@gmail.com,1997-11-15
Timothy,Welch,GB,timothy.welch@yahoo.com,1996-01-10
Jasmine,Gutierrez,US,jasmine.gutierrez@hotmail.com,1971-07-07
Calvin,Whitaker,CA,calvin.whitaker@hotmail.com,1987-04-08
Jennifer,Bright,CA,6pyuDsjennifer.bright@hotmail.com,1976-10-13
Seth,Wade,CA,seth.wade@yahoo.com,2007-01-30
Ryan,Castillo,US,ryan.castillo@hotmail.com,1990-04-30
James,Stephens,CA,james.stephens@yahoo.com,1951-03-25
Paige,Oliver,GB,paige.oliver@gmail.com,1979-10-23
Jose,Blair,CA,jose.blair@hotmail.com,2002-05-13
Gregory,Noble,CA,gregory.noble@gmail.com,1951-06-17
Margaret,Guzman,US,margaret.guzman@yahoo.com,1972-09-03
Kathleen,Miller,US,M4iUyekathleen.miller@hotmail.com,1965-07-05
Nicole,Robinson,US,nicole.robinson@yahoo.com,2008-03-15
Jennifer,Snow,US,jennifer.snow@hotmail.com,1992-04-04
Amy,Harper,FR,amy.harper@hotmail.com,1969-07-15
Michael,Stanton,NL,michael.stanton@gmail.com,2003-03-27
Christine,Gray,US,christine.gray@hotmail.com,1994-02-21
Stephen,Ryan,GB,N0pE97stephen.ryan@yahoo.com,1978-10-10
Stacy,Brown,US,stacy.brown@yahoo.com,1994-02-24
Curtis,Vaughan,AU,curtis.vaughan@hotmail.com,1968-09-15
Joseph,Gordon,US,joseph.gordon@yahoo.com,1991-04-18
Mark,Cordova,CA,mark.cordova@yahoo.com,1998-02-02
Justin,Sosa,CA,justin.sosa@gmail.com,1969-02-02
Randall,Taylor,US,randall.taylor@hotmail.com,1999-04-27
Meagan,Henry,US,meagan.henry@hotmail.com,1968-05-16
John,Hill,GB,john.hill@gmail.com,1976-10-22
Patricia,Vaughn,NL,patricia.vaughn@hotmail.com,2000-10-09
Jacob,Rojas,NL,jacob.rojas@gmail.com,1990-05-02
Renee,Hubbard,CA,renee.hubbard@gmail.com,2004-02-20
Vickie,Gibson,NL,vickie.gibson@hotmail.com,1991-05-03
James,Flores,US,DvBOjbjames.flores@yahoo.com,1983-12-08
Dustin,Simpson,US,dustin.simpson@gmail.com,1965-09-06
Chelsea,Clark,US,chelsea.clark@hotmail.com,2000-06-12
Philip,Taylor,AU,philip.taylor@hotmail.com,1951-12-04
Tanya,Russell,US,tanya.russell@yahoo.com,2003-08-22
Daniel,Raymond,US,daniel.raymond@yahoo.com,1962-05-12
Robert,Duncan,CA,robert.duncan@yahoo.com,1956-08-29
Frank,Ramirez,US,frank.ramirez@yahoo.com,1958-06-29
Keith,Garcia,AU,keith.garcia@yahoo.com,1981-07-10
Julie,Gonzalez,SE,julie.gonzalez@hotmail.com,1969-11-28
Ryan,Ray,US,ryan.ray@gmail.com,1997-10-10
Steven,Cooper,US,steven.cooper@yahoo.com,1990-08-28
Richard,Hess,US,richard.hess@hotmail.com,1960-04-27
Tyler,Davis,SE,tyler.davis@hotmail.com,1997-10-26
Kaylee,Jimenez,US,kaylee.jimenez@gmail.com,1996-03-02
Anna,Mclaughlin,US,anna.mclaughlin@gmail.com,1956-04-20
Tyler,Jordan,US,tyler.jordan@hotmail.com,1980-08-19
William,Lambert,US,william.lambert@hotmail.com,1972-01-04
Mackenzie,Anderson,NL,mackenzie.anderson@yahoo.com,1973-09-26
Scott,Eaton,FR,scott.eaton@hotmail.com,1994-01-24
Nicholas,Miller,US,nicholas.miller@yahoo.com,2001-11-21
Jared,Stephens,DE,jared.stephens@gmail.com,2006-04-16
Jennifer,Manning,US,jennifer.manning@yahoo.com,1983-02-27
Michael,Horton,DE,michael.horton@gmail.com,1991-08-23
Stephanie,Griffin,GB,stephanie.griffin@yahoo.com,1974-10-09
Gregory,Cox,CA,gregory.cox@yahoo.com,1954-12-04
Tracy,Scott,AU,tracy.scott@yahoo.com,1955-12-23
Joshua,Butler,US,joshua.butler@gmail.com,2001-03-13
Virginia,Brown,GB,virginia.brown@yahoo.com,1984-06-15
Zachary,Oliver,GB,zachary.oliver@hotmail.com,2007-02-18
Elizabeth,Patterson,US,elizabeth.patterson@hotmail.com,1976-11-13
Jerry,Mayer,US,jerry.mayer@hotmail.com,1976-06-15
Christopher,Parker,SE,christopher.parker@yahoo.com,1996-03-11
Stephen,Duncan,US,stephen.duncan@gmail.com,1954-05-29
Lauren,Brown,CA,lauren.brown@gmail.com,1971-02-03
Stephanie,Bennett,US,stephanie.bennett@gmail.com,1972-02-09
Christina,Mckinney,GB,christina.mckinney@yahoo.com,1962-12-30
Frank,Campos,US,frank.campos@yahoo.com,2000-10-21
Michael,Williams,CA,JIlP3Vmichael.williams@gmail.com,1987-11-07
Bailey,Odom,SE,bailey.odom@yahoo.com,1983-01-17
Alexis,Olson,US,alexis.olson@gmail.com,1993-03-23
Diana,Goodwin,US,diana.goodwin@yahoo.com,1984-07-11
Sara,Hall,US,sara.hall@gmail.com,1980-03-25
Ashley,Fowler,US,ashley.fowler@hotmail.com,1996-11-19
Melanie,Jensen,US,melanie.jensen@gmail.com,1989-07-19
Chelsea,Mcgee,CA,chelsea.mcgee@gmail.com,1992-09-20
Donna,Singleton,NL,donna.singleton@hotmail.com,1956-06-25
Bobby,Parker,NL,bobby.parker@hotmail.com,1992-09-27
Mary,Gross,GB,mary.gross@yahoo.com,1967-12-29
Michael,Lee,US,michael.lee@yahoo.com,1989-12-30
Christopher,Carter,GB,christopher.carter@hotmail.com,1991-12-09
Sherry,Sawyer,US,sherry.sawyer@gmail.com,1952-03-02
Robert,Jensen,US,robert.jensen@gmail.com,1962-12-31
Michael,Stone,US,michael.stone@hotmail.com,1979-01-15
Jason,Elliott,CA,jason.elliott@hotmail.com,1950-11-19
Stephanie,Yang,FR,stephanie.yang@gmail.com,2007-12-31
Alexandria,Walker,US,alexandria.walker@yahoo.com,1982-11-30
Ruth,Decker,US,ruth.decker@yahoo.com,1985-04-27
Stephen,Smith,US,tI42elstephen.smith@hotmail.com,1970-10-06
Holly,Neal,US,holly.neal@yahoo.com,1954-08-31
Erin,Wilson,US,erin.wilson@yahoo.com,2000-10-03
Michelle,Jones,US,michelle.jones@yahoo.com,2007-04-04
Elizabeth,Mullins,US,elizabeth.mullins@hotmail.com,1954-08-16
Glenn,Shannon,CA,glenn.shannon@yahoo.com,2005-10-16
Carlos,Mason,AU,carlos.mason@gmail.com,1952-12-13
Robert,Hodges,US,robert.hodges@hotmail.com,1968-01-05
Tyler,Vasquez,US,tyler.vasquez@hotmail.com,1965-09-29
Sharon,Williams,NL,sharon.williams@hotmail.com,1979-08-02
Dawn,Walls,US,dawn.walls@yahoo.com,1964-02-06
Jerry,Williams,CA,jerry.williams@hotmail.com,1982-05-20
Carrie,Lawrence,GB,carrie.lawrence@yahoo.com,1954-11-26
Carlos,Harrison,AU,carlos.harrison@yahoo.com,1982-06-21
Desiree,Bates,GB,desiree.bates@yahoo.com,1983-12-18
Gary,Beck,AU,1t5rC5gary.beck@hotmail.com,1994-11-24
Lori,Fox,AU,lori.fox@yahoo.com,1967-04-23
Adam,Thompson,CA,adam.thompson@gmail.com,2002-05-05
Ronald,Rodriguez,US,ronald.rodriguez@gmail.com,1952-03-31
Amanda,Hale,SE,amanda.hale@hotmail.com,1966-09-11
Jeremy,Williams,US,jeremy.williams@yahoo.com,1985-09-21
David,Mcintosh,US,david.mcintosh@hotmail.com,1972-09-05
Kathleen,Villanueva,US,kathleen.villanueva@gmail.com,1982-11-18
Amy,Taylor,US,amy.taylor@gmail.com,1972-12-25
Cory,Smith,NL,cory.smith@hotmail.com,1972-03-25
Ryan,Rubio,US,ryan.rubio@hotmail.com,1962-03-05
Katherine,Hall,AU,katherine.hall@hotmail.com,1954-11-09
Kyle,Bishop,SE,kyle.bishop@yahoo.com,1971-06-02
Eric,Nguyen,US,eric.nguyen@yahoo.com,2001-02-15
Melissa,Roberts,US,melissa.roberts@yahoo.com,1957-02-15
Alyssa,Watson,US,alyssa.watson@hotmail.com,1988-05-16
Michael,Nolan,CA,michael.nolan@gmail.com,1993-04-26
Mark,Chambers,US,mark.chambers@hotmail.com,2004-08-25
Angela,Cabrera,GB,angela.cabrera@gmail.com,2007-08-28
Kelly,Lane,FR,kelly.lane@gmail.com,1955-04-29
Colleen,Williams,US,colleen.williams@yahoo.com,1976-09-27
Wendy,Chandler,US,wendy.chandler@hotmail.com,2005-07-27
Collin,Henry,US,collin.henry@hotmail.com,2000-03-11
Kelsey,Lowe,CA,kelsey.lowe@gmail.com,1992-10-09
Megan,Dunn,CA,megan.dunn@hotmail.com,2004-03-16
Michael,Chase,US,michael.chase@hotmail.com,2007-02-01
Todd,Zamora,SE,todd.zamora@gmail.com,1981-02-19
Amy,Allen,US,amy.allen@yahoo.com,1963-09-16
Lisa,Morrow,NL,lisa.morrow@hotmail.com,1982-01-22
Kelly,King,US,kelly.king@hotmail.com,1957-05-18
Jennifer,Johnson,GB,jennifer.johnson@gmail.com,1993-03-27
Andrew,Hart,GB,andrew.hart@hotmail.com,1980-02-26
Tiffany,Torres,AU,tiffany.torres@yahoo.com,1968-01-09
Marc,Sandoval,US,marc.sandoval@yahoo.com,1952-01-27
Joseph,Serrano,US,joseph.serrano@hotmail.com,2003-10-02
Richard,Pierce,US,richard.pierce@hotmail.com,1987-06-07
Laurie,Jackson,US,laurie.jackson@hotmail.com,1979-05-15
Steven,Harris,DE,steven.harris@yahoo.com,1970-04-15
Francis,Rodriguez,US,francis.rodriguez@gmail.com,1958-01-13
Kimberly,Harrison,US,kimberly.harrison@gmail.com,2007-08-06
Katherine,Carr,US,katherine.carr@hotmail.com,2001-04-12
Michelle,Jensen,US,michelle.jensen@yahoo.com,1988-12-19
John,Rodriguez,CA,john.rodriguez@hotmail.com,1961-10-19
Andrew,Smith,NL,andrew.smith@gmail.com,1983-07-03
Anthony,Rivera,CA,anthony.rivera@gmail.com,1989-06-18
Sara,Norman,US,sara.norman@gmail.com,1987-04-09
Megan,Williams,NL,megan.williams@gmail.com,1993-02-05
Brandy,Evans,US,brandy.evans@yahoo.com,1998-09-13
Christopher,Buchanan,US,christopher.buchanan@gmail.com,1990-10-31
Laura,Franklin,CA,laura.franklin@yahoo.com,1973-10-19
Suzanne,Myers,US,suzanne.myers@yahoo.com,1960-07-13
Christina,Shannon,US,christina.shannon@hotmail.com,1991-09-18
Matthew,Gonzalez,US,matthew.gonzalez@yahoo.com,1969-12-04
Michael,Miranda,AU,michael.miranda@gmail.com,1981-10-29
Isaiah,Campbell,US,isaiah.campbell@gmail.com,1964-05-29
Teresa,Prince,AU,teresa.prince@hotmail.com,1964-08-09
Joshua,Bradley,US,joshua.bradley@gmail.com,1974-06-25
Penny,Smith,US,penny.smith@gmail.com,1969-07-19
Joseph,Farley,US,joseph.farley@yahoo.com,1979-10-13
Brian,Moore,DE,ENiA2tbrian.moore@yahoo.com,1955-09-02
Shannon,Little,CA,shannon.little@hotmail.com,1977-05-23
Lawrence,Cunningham,US,lawrence.cunningham@yahoo.com,1963-05-05
Colin,Rodriguez,US,colin.rodriguez@yahoo.com,1997-10-21
Pamela,Huang,GB,pamela.huang@hotmail.com,1999-12-19
Mary,Gonzales,CA,mary.gonzales@gmail.com,1958-08-08
Kayla,Reed,US,kayla.reed@yahoo.com,1954-11-09
Andrea,Williams,US,andrea.williams@gmail.com,1951-12-09
Richard,Lindsey,US,richard.lindsey@yahoo.com,1997-02-12
Thomas,Reid,US,thomas.reid@yahoo.com,1951-03-10
Vickie,Rodriguez,US,vickie.rodriguez@gmail.com,2002-12-18
Lori,Harris,AU,lori.harris@hotmail.com,2006-09-16
Jamie,Werner,GB,jamie.werner@yahoo.com,1980-08-11
Heather,Brown,FR,ROLYxiheather.brown@yahoo.com,1992-09-26
Albert,Wilson,US,albert.wilson@hotmail.com,1965-11-12
Gregory,Hayes,US,gregory.hayes@hotmail.com,1974-03-18
Julie,Williams,US,julie.williams@hotmail.com,1966-09-08
Rachel,Reynolds,US,rachel.reynolds@gmail.com,1968-06-18
Connie,Martinez,US,connie.martinez@gmail.com,1992-10-21
Patrick,Trevino,DE,patrick.trevino@hotmail.com,1982-08-29
David,Burgess,FR,david.burgess@hotmail.com,2007-12-29
Heather,Gray,GB,heather.gray@yahoo.com,2000-10-24
Ashley,Ramirez,US,ashley.ramirez@hotmail.com,1955-05-05
Sarah,Parks,US,sarah.parks@hotmail.com,1956-08-02
Thomas,Dorsey,GB,thomas.dorsey@hotmail.com,1959-05-22
Joanne,Martinez,AU,joanne.martinez@hotmail.com,1957-12-18
Alexander,Nixon,NL,alexander.nixon@gmail.com,1966-04-02
Shane,Obrien,DE,shane.obrien@hotmail.com,1986-08-22
Melissa,Castillo,CA,melissa.castillo@yahoo.com,1962-03-12
Gregory,Gentry,US,gregory.gentry@gmail.com,1982-12-06
Andrea,Jenkins,US,andrea.jenkins@gmail.com,1963-01-14
Kelly,Hill,DE,kelly.hill@hotmail.com,1963-05-10
Austin,Daniel,AU,austin.daniel@gmail.com,1972-12-22
Tony,Jackson,CA,tony.jackson@yahoo.com,1959-09-30
Kimberly,Walsh,US,kimberly.walsh@gmail.com,1991-11-14
Tony,Peterson,CA,tony.peterson@gmail.com,2006-03-31
Chris,Howell,US,chris.howell@gmail.com,1985-02-22
Ronald,Ortiz,US,ronald.ortiz@yahoo.com,1978-02-27
Sarah,Curry,US,sarah.curry@hotmail.com,1979-06-03
Alicia,Brown,CA,alicia.brown@gmail.com,1984-11-11
Ebony,Townsend,US,ebony.townsend@yahoo.com,1966-10-19
Thomas,Carter,US,thomas.carter@gmail.com,1957-11-27
Joseph,Schmitt,GB,joseph.schmitt@yahoo.com,2004-03-13
Michael,Morse,US,michael.morse@yahoo.com,2000-02-14
Julie,Parker,DE,julie.parker@gmail.com,1957-04-10
Linda,Rice,NL,linda.rice@hotmail.com,1959-09-27
Peter,Hill,AU,peter.hill@gmail.com,1967-10-23
Dawn,Blake,FR,dawn.blake@hotmail.com,1960-07-03
Annette,Gordon,SE,annette.gordon@hotmail.com,1993-01-11
Ronnie,Allen,US,ronnie.allen@gmail.com,1980-11-21
Kevin,Burns,AU,kevin.burns@gmail.com,1973-02-01
William,Rivera,US,william.rivera@yahoo.com,1964-05-15
Donna,Franklin,CA,donna.franklin@hotmail.com,2000-03-15
Anthony,Mitchell,FR,anthony.mitchell@yahoo.com,1959-10-13
Kelly,Patterson,CA,kelly.patterson@yahoo.com,1952-05-07
Rebecca,Peters,US,rebecca.peters@yahoo.com,1960-01-11
Dawn,Rodriguez,NL,dawn.rodriguez@gmail.com,1960-07-25
Catherine,Walker,US,catherine.walker@hotmail.com,1977-01-27
Michelle,Williams,SE,michelle.williams@hotmail.com,2001-07-21
Kevin,Saunders,DE,kevin.saunders@hotmail.com,2004-12-16
Elizabeth,Nguyen,US,elizabeth.nguyen@gmail.com,1961-10-16
Mark,Garcia,CA,mark.garcia@gmail.com,1978-12-10
Sara,Crane,US,sara.crane@gmail.com,1951-10-04
Lisa,Grimes,US,lisa.grimes@yahoo.com,1968-10-01
Anthony,Ford,GB,anthony.ford@hotmail.com,1962-05-14
Sydney,Allen,US,sydney.allen@yahoo.com,2005-10-05
Larry,Wilson,GB,larry.wilson@hotmail.com,1991-10-21
Tricia,Frank,DE,tricia.frank@yahoo.com,1999-02-01
Danny,Allen,AU,danny.allen@hotmail.com,1984-06-20
Richard,Gonzalez,CA,richard.gonzalez@gmail.com,1961-02-21
Karen,Wright,US,karen.wright@gmail.com,2002-06-14
Mary,Brown,US,mary.brown@gmail.com,1973-09-19
Derek,Schaefer,US,derek.schaefer@hotmail.com,1960-01-05
Angela,Simon,CA,angela.simon@yahoo.com,1998-01-31
Tara,Harrison,US,tara.harrison@gmail.com,1957-05-14
Douglas,Romero,AU,douglas.romero@yahoo.com,1962-10-23
Michele,Morris,CA,michele.morris@hotmail.com,1961-11-16
Patricia,Harrington,FR,patricia.harrington@yahoo.com,1955-04-27
Lauren,Martin,DE,lauren.martin@hotmail.com,1950-08-13
Kathy,Foley,CA,kathy.foley@hotmail.com,2001-07-03
Ashley,Jones,CA,ashley.jones@hotmail.com,1970-10-17
Jennifer,Snyder,SE,jennifer.snyder@hotmail.com,1988-05-15
Shelby,Baker,FR,shelby.baker@hotmail.com,1968-10-01
Jason,Fisher,DE,jason.fisher@yahoo.com,1990-07-03
Ryan,Kerr,US,ryan.kerr@yahoo.com,1961-09-17
Paul,Ellis,US,RAXRbqpaul.ellis@gmail.com,2007-03-19
Kent,Horne,US,kent.horne@gmail.com,1953-08-07
Mark,Mcguire,GB,mark.mcguire@gmail.com,1957-12-28
Katherine,Johnson,US,katherine.johnson@hotmail.com,1968-07-26
Sonya,Peters,CA,sonya.peters@hotmail.com,1961-10-24
Brandy,Willis,CA,brandy.willis@gmail.com,1956-04-28
Peggy,Jimenez,CA,peggy.jimenez@gmail.com,1953-08-25
Timothy,Moore,US,timothy.moore@gmail.com,2002-04-14
Roger,Jenkins,CA,roger.jenkins@yahoo.com,1961-06-05
Reginald,Sims,CA,reginald.sims@gmail.com,1984-06-27
Melinda,Carrillo,NL,melinda.carrillo@yahoo.com,1975-02-19
Michael,Thornton,US,michael.thornton@gmail.com,1972-12-27
Anna,Morse,GB,anna.morse@gmail.com,1983-09-10
Bryan,Rivera,US,bryan.rivera@yahoo.com,1994-03-11
Jessica,Turner,GB,jessica.turner@hotmail.com,1997-02-20
Anthony,Sherman,US,anthony.sherman@hotmail.com,1969-05-21
Annette,Mclean,US,annette.mclean@yahoo.com,1993-12-18
Christopher,Edwards,US,christopher.edwards@gmail.com,1951-01-03
Maxwell,Ball,US,maxwell.ball@yahoo.com,2003-08-05
William,Riley,CA,william.riley@hotmail.com,1978-07-09
Frank,Franklin,DE,frank.franklin@gmail.com,1971-12-19
Robert,Powers,US,robert.powers@yahoo.com,1955-07-17
David,Cross,US,david.cross@hotmail.com,1984-12-16
Brady,Kemp,CA,brady.kemp@yahoo.com,1995-11-23
Richard,Reed,US,richard.reed@gmail.com,2003-09-18
Eric,Butler,DE,eric.butler@hotmail.com,1952-10-21
Debra,Cameron,US,debra.cameron@hotmail.com,1950-12-22
Sandy,Conley,CA,sandy.conley@gmail.com,1971-01-22
Lynn,Howell,US,lynn.howell@gmail.com,2005-07-12
Leslie,Roach,US,leslie.roach@hotmail.com,1981-11-07
Diana,Le,FR,diana.le@yahoo.com,1962-09-13
Colin,Kelly,NL,colin.kelly@gmail.com,1985-08-04
Heather,Eaton,DE,heather.eaton@hotmail.com,2003-12-20
Jeffrey,Mann,US,jeffrey.mann@gmail.com,1966-11-26
Ryan,Kidd,AU,ryan.kidd@yahoo.com,1971-12-11
Misty,Wood,GB,misty.wood@hotmail.com,1975-05-20
Heather,Watson,NL,heather.watson@hotmail.com,1981-05-31
Cindy,Payne,CA,cindy.payne@yahoo.com,2002-12-29
Steven,Walsh,CA,steven.walsh@gmail.com,1973-04-02
Stephanie,Suarez,DE,stephanie.suarez@hotmail.com,1957-10-10
Laura,Whitehead,US,laura.whitehead@hotmail.com,2002-09-05
Matthew,Harris,US,matthew.harris@yahoo.com,2001-05-08
Christopher,Sherman,US,christopher.sherman@hotmail.com,2000-01-31
Morgan,Johnson,US,morgan.johnson@gmail.com,2001-01-23
Johnathan,Flores,DE,johnathan.flores@gmail.com,1984-11-10
Samuel,Griffith,AU,samuel.griffith@gmail.com,1967-02-02
Aaron,Ferrell,CA,aaron.ferrell@yahoo.com,1970-10-03
Jacob,Mccoy,US,jacob.mccoy@hotmail.com,1986-05-25
Christopher,Strickland,US,christopher.strickland@yahoo.com,1987-01-07
James,Nelson,US,v9K3mEjames.nelson@hotmail.com,1979-09-11
Joel,Carson,US,joel.carson@gmail.com,1985-05-22
Steve,Wilson,GB,steve.wilson@yahoo.com,1989-03-29
Leroy,Lopez,US,leroy.lopez@yahoo.com,1965-02-15
Marissa,Nunez,US,marissa.nunez@hotmail.com,1975-02-23
Deborah,Anthony,CA,deborah.anthony@hotmail.com,1977-11-18
Julia,Watson,FR,julia.watson@hotmail.com,1984-07-25
Michelle,Clark,US,michelle.clark@yahoo.com,2002-12-27
Ryan,Ortega,DE,ryan.ortega@gmail.com,1979-01-02
Donald,Baker,US,donald.baker@gmail.com,1967-01-14
Jonathan,Fernandez,GB,jonathan.fernandez@hotmail.com,1979-11-29
Rebekah,Garcia,CA,rebekah.garcia@gmail.com,1962-07-19
Michael,Davis,FR,michael.davis@hotmail.com,2003-09-15
Courtney,Wright,US,1nz2uzcourtney.wright@hotmail.com,1965-11-05
Nicole,Bishop,US,nicole.bishop@gmail.com,1986-11-09
George,Williams,US,george.williams@gmail.com,1999-05-31
Richard,Williamson,US,richard.williamson@gmail.com,1977-04-27
Jennifer,Adkins,US,jennifer.adkins@yahoo.com,1987-12-30
Megan,Sharp,US,megan.sharp@gmail.com,1996-03-04
Danielle,Martin,US,danielle.martin@gmail.com,1977-01-20
Angela,Mcdaniel,DE,angela.mcdaniel@yahoo.com,1990-04-30
John,Rogers,FR,john.rogers@hotmail.com,1966-06-21
Angelica,Ingram,DE,angelica.ingram@hotmail.com,2005-08-28
Travis,Stevens,US,travis.stevens@hotmail.com,1962-05-16
Derrick,Mendoza,US,derrick.mendoza@yahoo.com,1996-03-20
Antonio,Lawson,US,antonio.lawson@yahoo.com,2002-02-26
Gregory,Ruiz,US,gregory.ruiz@gmail.com,2005-08-13
Christina,Sullivan,GB,christina.sullivan@gmail.com,1998-08-08
Sue,Harrison,CA,sue.harrison@hotmail.com,1976-07-06
Michael,Martinez,AU,michael.martinez@hotmail.com,1981-12-24
Elizabeth,Long,US,elizabeth.long@gmail.com,1952-11-16
Steven,Cook,CA,steven.cook@yahoo.com,1951-04-27
David,Novak,US,david.novak@gmail.com,1980-01-17
Cathy,Torres,CA,cathy.torres@gmail.com,1956-04-22
William,Berry,US,z91oIIwilliam.berry@hotmail.com,1951-07-26
Caitlin,Baker,NL,caitlin.baker@yahoo.com,1950-06-13
Melissa,Case,GB,melissa.case@gmail.com,1982-06-28
Lindsey,Brown,CA,lindsey.brown@hotmail.com,1974-08-18
Steve,Dunn,NL,steve.dunn@gmail.com,1992-06-08
Kristin,Smith,US,kristin.smith@yahoo.com,1988-07-11
Evelyn,Hill,US,evelyn.hill@hotmail.com,1958-09-15
Kelly,Schwartz,GB,kelly.schwartz@hotmail.com,2000-12-29
Nicole,White,US,nicole.white@hotmail.com,1992-02-23
Michael,Griffin,FR,bVYGMTmichael.griffin@gmail.com,2000-08-24
Taylor,Rhodes,CA,taylor.rhodes@gmail.com,1953-06-12
Carlos,Garcia,US,carlos.garcia@yahoo.com,2005-03-04
Alice,Turner,CA,alice.turner@gmail.com,1991-04-11
Christopher,Johnson,CA,WS2XwHchristopher.johnson@hotmail.com,2006-08-22
Michael,Quinn,GB,michael.quinn@hotmail.com,1958-08-25
Ronald,Pena,US,ronald.pena@gmail.com,1965-12-01
Holly,Wright,CA,holly.wright@gmail.com,1975-01-07
Wendy,Malone,US,wendy.malone@yahoo.com,1968-07-23
Brenda,Matthews,DE,brenda.matthews@yahoo.com,1999-02-24
Nicholas,Hancock,AU,nicholas.hancock@gmail.com,1987-01-20
Jacob,Campbell,US,jacob.campbell@hotmail.com,2002-12-18
Larry,Thomas,DE,larry.thomas@gmail.com,1963-10-05
Benjamin,Shepherd,US,benjamin.shepherd@gmail.com,1988-11-14
Amy,Turner,SE,amy.turner@gmail.com,2000-07-19
Alexis,Graham,US,alexis.graham@yahoo.com,1982-09-26
Jay,Harmon,GB,jay.harmon@hotmail.com,1952-05-30
Kelly,Stephens,US,kelly.stephens@yahoo.com,2006-07-09
Krystal,Fisher,CA,krystal.fisher@gmail.com,1986-06-22
Raven,Hamilton,US,raven.hamilton@hotmail.com,1956-12-04
Joan,Chung,US,joan.chung@gmail.com,1953-05-10
Justin,Ballard,US,justin.ballard@hotmail.com,1982-09-23
Stacey,Miller,NL,stacey.miller@hotmail.com,1977-10-17
Megan,Moore,US,megan.moore@gmail.com,1997-06-04
Leslie,Wright,AU,leslie.wright@hotmail.com,1994-11-13
Crystal,Ramirez,CA,crystal.ramirez@gmail.com,1954-05-20
Gregory,Smith,CA,zmIXDzgregory.smith@yahoo.com,1985-09-21
Ruben,Rose,SE,ruben.rose@gmail.com,1987-08-17
Edward,Conrad,GB,edward.conrad@hotmail.com,1987-04-26
Michael,James,US,D5QOaAmichael.james@yahoo.com,1997-04-26
Michael,Thompson,US,michael.thompson@gmail.com,1967-11-24
Erika,Moreno,FR,erika.moreno@gmail.com,2003-06-21
Holly,Harding,CA,holly.harding@yahoo.com,1979-03-09
Edward,Harrison,AU,edward.harrison@gmail.com,1966-05-23
Janet,Johnson,AU,janet.johnson@hotmail.com,1990-08-18
William,Brown,US,william.brown@yahoo.com,1970-05-24
Leah,Walker,US,leah.walker@hotmail.com,2001-07-10
Kevin,Lopez,US,kevin.lopez@hotmail.com,1983-08-10
Cassandra,Tucker,FR,cassandra.tucker@hotmail.com,2005-08-29
Janet,Bowers,GB,janet.bowers@gmail.com,1999-02-05
Lisa,Schultz,US,lisa.schultz@gmail.com,1960-02-02
Daniel,Boyd,DE,daniel.boyd@gmail.com,1956-05-24
Peter,Sims,GB,peter.sims@hotmail.com,1951-04-03
Ashley,Yu,US,ashley.yu@hotmail.com,1978-02-21
Zachary,Smith,US,zachary.smith@gmail.com,1991-04-15
Jay,Gonzales,FR,jay.gonzales@hotmail.com,1980-12-13
Catherine,Schaefer,SE,catherine.schaefer@yahoo.com,1967-11-15
Tiffany,Rich,US,tiffany.rich@gmail.com,2008-04-13
Pamela,Barnes,US,pamela.barnes@yahoo.com,1962-04-12
Sheri,Stephenson,AU,sheri.stephenson@hotmail.com,1973-04-23
Brent,Munoz,US,brent.munoz@yahoo.com,1987-09-05
Veronica,Johnson,US,veronica.johnson@gmail.com,1961-02-02
Lisa,Hernandez,AU,SlDGTYlisa.hernandez@gmail.com,1988-06-30
Brent,French,US,brent.french@gmail.com,1978-02-25
Craig,Hudson,US,craig.hudson@hotmail.com,1966-12-18
Donald,Anderson,US,donald.anderson@yahoo.com,2004-01-08
Katherine,Howard,US,katherine.howard@gmail.com,1974-04-21
Amanda,Moore,FR,amanda.moore@gmail.com,1995-06-22
Jeffrey,Parker,US,jeffrey.parker@hotmail.com,2006-08-22
Lori,Cooper,GB,lori.cooper@hotmail.com,1999-04-01
Jessica,Anderson,NL,jessica.anderson@gmail.com,1984-09-07
Kayla,Townsend,GB,kayla.townsend@hotmail.com,1960-03-19
Jessica,Ramirez,AU,jessica.ramirez@hotmail.com,1981-08-28
Sarah,Gonzalez,US,sarah.gonzalez@hotmail.com,2005-12-15
Frank,Miller,US,frank.miller@yahoo.com,2000-08-14
Breanna,Anderson,US,breanna.anderson@yahoo.com,1954-01-01
Robert,Williams,US,7PqEPDrobert.williams@hotmail.com,2002-09-23
Lisa,Buck,CA,lisa.buck@hotmail.com,2005-06-05
Gregory,Black,US,gregory.black@gmail.com,1986-03-03
Marc,Williams,CA,marc.williams@hotmail.com,1959-07-27
Kimberly,Simpson,US,kimberly.simpson@gmail.com,1955-12-13
Robert,Dickerson,US,robert.dickerson@yahoo.com,1987-09-07
Cameron,Henry,US,cameron.henry@gmail.com,2000-09-28
Charles,Hoffman,US,charles.hoffman@hotmail.com,2002-05-31
Susan,Bell,US,susan.bell@hotmail.com,1973-12-10
Christine,Butler,AU,christine.butler@gmail.com,1984-06-19
Beverly,Harris,US,beverly.harris@gmail.com,1993-04-30
Lawrence,Allen,US,lawrence.allen@yahoo.com,1964-06-10
Kevin,Lopez,CA,kevin.lopez@yahoo.com,1966-10-06
John,Owens,GB,john.owens@hotmail.com,1968-03-25
Jason,Smith,AU,jason.smith@hotmail.com,1998-05-31
Danielle,Skinner,US,danielle.skinner@hotmail.com,1996-04-12
John,Davis,CA,john.davis@hotmail.com,1954-05-04
Austin,Morgan,CA,austin.morgan@hotmail.com,1986-01-11
Melissa,Brown,US,uoTKlmmelissa.brown@hotmail.com,1969-01-04
Gregory,Brooks,US,gregory.brooks@gmail.com,2005-11-29
Stephanie,Smith,US,stephanie.smith@yahoo.com,1952-11-25
Kelly,David,US,kelly.david@gmail.com,1969-01-31
Karen,Rice,FR,karen.rice@hotmail.com,1989-05-07
Joshua,Mcconnell,DE,joshua.mcconnell@yahoo.com,1988-02-09
Sherri,Perez,US,sherri.perez@hotmail.com,1986-03-26
Susan,Anthony,AU,susan.anthony@gmail.com,1995-07-09
Joann,Gonzalez,US,joann.gonzalez@yahoo.com,1983-12-14
Jacob,Joseph,GB,jacob.joseph@hotmail.com,1967-06-10
Brandi,Munoz,US,brandi.munoz@gmail.com,1962-03-18
Julia,Russell,US,julia.russell@yahoo.com,1994-05-12
Patricia,Ryan,US,patricia.ryan@yahoo.com,1956-06-17
Troy,Black,GB,troy.black@hotmail.com,1973-08-21
Jeremy,Johnson,US,3cbbEyjeremy.johnson@gmail.com,1974-06-15
Charlotte,Bond,US,charlotte.bond@gmail.com,1985-11-22
Ashley,Crawford,US,Fmm9p0ashley.crawford@yahoo.com,1992-10-22
Maria,Martinez,US,maria.martinez@gmail.com,1985-02-24
James,Sellers,NL,james.sellers@hotmail.com,1990-10-21
Taylor,Ruiz,CA,taylor.ruiz@hotmail.com,1965-09-06
Julie,Wagner,US,julie.wagner@gmail.com,1988-02-13
Carmen,Baldwin,US,carmen.baldwin@hotmail.com,1953-12-15
Donna,Butler,DE,donna.butler@gmail.com,1967-07-04
Victor,Johnson,GB,tbK7ufvictor.johnson@hotmail.com,1977-11-12
Courtney,Booker,CA,courtney.booker@yahoo.com,1967-12-30
Stacey,Jones,US,stacey.jones@hotmail.com,1988-03-06
Robert,Walls,US,robert.walls@yahoo.com,1997-09-22
Nicholas,Callahan,FR,nicholas.callahan@gmail.com,1967-08-17
Angela,Smith,US,angela.smith@yahoo.com,1982-12-06
Luke,Thompson,DE,luke.thompson@yahoo.com,1989-01-26
Sierra,Nelson,GB,harOqbsierra.nelson@yahoo.com,1968-03-09
Connor,Anderson,US,connor.anderson@yahoo.com,1991-11-17
Deborah,Bailey,SE,deborah.bailey@hotmail.com,1971-01-03
William,Henson,FR,william.henson@hotmail.com,1996-03-02
Allison,Nichols,US,allison.nichols@hotmail.com,1962-03-01
Robert,Price,DE,robert.price@gmail.com,1984-12-19
Javier,Bailey,FR,javier.bailey@hotmail.com,1968-11-30
Brandon,Dunn,US,brandon.dunn@hotmail.com,2008-06-06
James,Alexander,DE,james.alexander@hotmail.com,1959-08-24
Courtney,Jones,US,courtney.jones@hotmail.com,1961-10-11
Samantha,Coffey,GB,samantha.coffey@gmail.com,2006-10-25
Jason,Frye,US,jason.frye@hotmail.com,1963-09-14
Susan,Turner,US,susan.turner@hotmail.com,1994-01-13
Samantha,Kennedy,US,samantha.kennedy@gmail.com,2004-08-31
Tyler,Whitney,GB,tyler.whitney@hotmail.com,1987-05-05
Kim,Atkinson,AU,kim.atkinson@yahoo.com,1979-12-09
Kevin,Jones,AU,kevin.jones@hotmail.com,1960-03-24
Jesse,Day,US,jesse.day@gmail.com,1982-05-31
Julie,Manning,US,julie.manning@gmail.com,1981-07-23
Danielle,George,US,danielle.george@hotmail.com,2007-08-09
Amy,Jones,US,lqSccuamy.jones@gmail.com,1956-05-21
Kristen,Carr,DE,kristen.carr@gmail.com,2005-05-12
Nicole,Howard,US,nicole.howard@hotmail.com,1984-09-24
Derek,Collins,US,derek.collins@gmail.com,1956-01-17
Phillip,Cummings,US,phillip.cummings@yahoo.com,1985-06-19
Kathryn,Russell,NL,kathryn.russell@yahoo.com,2002-11-02
Andrea,Miranda,US,andrea.miranda@gmail.com,1953-07-28
Anthony,Brown,CA,anthony.brown@gmail.com,1969-05-03
Daniel,Myers,US,daniel.myers@yahoo.com,1982-10-17
Ashley,Mckinney,US,ashley.mckinney@gmail.com,2003-03-27
Nancy,Rhodes,US,nancy.rhodes@hotmail.com,1957-10-02
Bailey,Maxwell,CA,bailey.maxwell@yahoo.com,1986-11-14
Stephanie,Spence,AU,stephanie.spence@hotmail.com,1971-10-13
Chad,Smith,CA,ittQvkchad.smith@yahoo.com,2002-11-24
Kimberly,Nelson,US,HVxXRgkimberly.nelson@hotmail.com,2004-03-16
Laura,Mccullough,US,laura.mccullough@yahoo.com,1956-06-26
Michele,Wilkerson,US,michele.wilkerson@hotmail.com,1989-05-10
Thomas,Strong,US,thomas.strong@gmail.com,1998-08-01
Jermaine,Henson,GB,jermaine.henson@yahoo.com,1965-09-18
Chelsea,Mack,CA,chelsea.mack@gmail.com,1982-07-01
Michael,Doyle,US,michael.doyle@hotmail.com,1991-09-29
Ashley,Daniel,US,ashley.daniel@hotmail.com,1995-05-26
April,Harris,US,april.harris@gmail.com,2002-01-09
Patricia,Lawrence,FR,patricia.lawrence@hotmail.com,1962-01-07
Jeffrey,Byrd,US,jeffrey.byrd@yahoo.com,1987-11-23
Stephanie,Phelps,GB,stephanie.phelps@gmail.com,1998-01-15
Michelle,Rhodes,US,michelle.rhodes@hotmail.com,1985-07-16
Allison,King,US,allison.king@yahoo.com,2006-03-15
George,Santos,US,george.santos@gmail.com,1985-10-23
Diana,Hill,DE,diana.hill@hotmail.com,1979-08-25
Kayla,Nash,AU,kayla.nash@gmail.com,2001-06-18
Brian,Schaefer,US,brian.schaefer@hotmail.com,1986-12-22
Michael,Wood,CA,michael.wood@hotmail.com,1986-03-06
Jackson,Rodgers,US,jackson.rodgers@gmail.com,1997-12-06
Andrea,Arnold,US,andrea.arnold@yahoo.com,2004-10-01
Jason,Miller,DE,Dw4unTjason.miller@gmail.com,1996-08-01
Latoya,Murray,GB,latoya.murray@gmail.com,1984-04-30
Don,Phillips,GB,don.phillips@yahoo.com,1992-12-27
Jennifer,Gomez,FR,jennifer.gomez@hotmail.com,1964-08-03
Donald,Tyler,US,donald.tyler@yahoo.com,1959-06-28
Danielle,Brown,CA,danielle.brown@yahoo.com,1980-07-04
Jennifer,Roberson,US,jennifer.roberson@gmail.com,1957-09-23
Ricky,Simpson,FR,ricky.simpson@gmail.com,2002-08-29
Paul,Moore,US,paul.moore@hotmail.com,1966-08-29
Keith,Weaver,CA,keith.weaver@gmail.com,1954-06-10
Kelsey,Pope,US,kelsey.pope@gmail.com,2000-02-25
Dylan,Meadows,FR,dylan.meadows@gmail.com,1983-11-21
Ashley,Macias,US,ashley.macias@hotmail.com,1966-10-04
Stanley,Grimes,US,stanley.grimes@hotmail.com,1979-08-13
Megan,Harris,NL,megan.harris@yahoo.com,1968-03-19
David,Welch,US,david.welch@yahoo.com,1970-10-02
Natalie,Sanders,GB,natalie.sanders@hotmail.com,1990-08-31
Miranda,Charles,US,miranda.charles@hotmail.com,1996-08-15
Allen,Parsons,US,allen.parsons@hotmail.com,1954-05-25
Keith,Castaneda,AU,keith.castaneda@yahoo.com,1962-07-24
Rick,Mason,US,rick.mason@hotmail.com,1972-08-10
Andrea,Lucas,AU,andrea.lucas@gmail.com,1977-01-29
Rachael,Vasquez,SE,rachael.vasquez@gmail.com,1993-03-14
William,Chambers,CA,william.chambers@gmail.com,1995-04-06
Colin,Flores,FR,colin.flores@gmail.com,2002-06-20
Maria,Robles,US,maria.robles@hotmail.com,1989-10-26
David,Larson,US,david.larson@yahoo.com,1960-01-12
Angela,Wright,NL,angela.wright@gmail.com,1955-06-24
Dennis,Lam,US,dennis.lam@yahoo.com,2001-11-04
Devin,Lyons,US,devin.lyons@yahoo.com,1961-06-03
Savannah,Martinez,US,savannah.martinez@hotmail.com,1996-12-15
Linda,Freeman,AU,linda.freeman@yahoo.com,1987-10-21
Michelle,Pena,US,michelle.pena@yahoo.com,1990-12-27
Kelly,Curtis,DE,kelly.curtis@yahoo.com,1954-07-15
Lori,Reed,US,lori.reed@yahoo.com,1992-03-23
Terry,Ross,US,terry.ross@gmail.com,1966-10-12
Deborah,Williams,AU,Zbrxpodeborah.williams@hotmail.com,1982-04-16
Lauren,Anderson,CA,lauren.anderson@yahoo.com,1969-06-09
Lisa,Gardner,FR,lisa.gardner@hotmail.com,1968-03-03
Sabrina,West,US,sabrina.west@yahoo.com,1974-12-20
Heather,Thomas,US,heather.thomas@yahoo.com,1975-05-22
Mitchell,Hubbard,US,mitchell.hubbard@gmail.com,1970-09-24
Mark,Collins,DE,mark.collins@hotmail.com,1954-01-14
Earl,Daniels,AU,earl.daniels@yahoo.com,1958-10-16
Rebecca,Graham,GB,rebecca.graham@yahoo.com,1984-11-06
Chloe,Gonzalez,CA,chloe.gonzalez@yahoo.com,1956-07-05
Susan,Campbell,DE,susan.campbell@yahoo.com,2000-05-19
Amber,Herrera,FR,amber.herrera@yahoo.com,2001-12-21
Steven,Chambers,US,steven.chambers@gmail.com,1990-05-21
Brian,Olsen,CA,brian.olsen@yahoo.com,1997-10-10
Emma,Levine,US,emma.levine@gmail.com,1960-09-15
Summer,Finley,US,summer.finley@yahoo.com,1967-02-20
Dakota,Burgess,AU,dakota.burgess@gmail.com,1956-04-08
Lisa,Christensen,NL,lisa.christensen@gmail.com,1965-07-13
Kim,Garner,US,kim.garner@hotmail.com,2008-02-01
Daniel,Perez,GB,daniel.perez@hotmail.com,1999-08-11
Charles,Turner,US,charles.turner@gmail.com,1966-01-28
Tony,Arroyo,US,tony.arroyo@gmail.com,1992-12-13
Shawn,Davis,US,shawn.davis@gmail.com,1981-03-17
Donna,Wood,CA,donna.wood@gmail.com,1959-12-16
William,Leon,US,william.leon@yahoo.com,1975-01-05
Alex,Garcia,US,alex.garcia@hotmail.com,1983-08-22
Michael,Miller,US,ubjRo7michael.miller@hotmail.com,1992-06-16
Thomas,Smith,US,thomas.smith@hotmail.com,1984-10-01
Anthony,Middleton,AU,anthony.middleton@gmail.com,1974-02-12
Jake,Klein,CA,jake.klein@yahoo.com,1987-02-04
Tanya,Craig,CA,tanya.craig@gmail.com,1976-12-30
Mitchell,Callahan,AU,mitchell.callahan@hotmail.com,1954-03-04
Kelly,Hill,US,kelly.hill@gmail.com,1963-09-10
Deborah,Patterson,DE,deborah.patterson@gmail.com,1982-04-21
Gary,Wilson,US,gary.wilson@hotmail.com,1954-11-11
Susan,Weber,US,susan.weber@yahoo.com,1969-12-30
William,Smith,NL,FUnRcjwilliam.smith@hotmail.com,1991-12-05
Samuel,Frazier,US,samuel.frazier@gmail.com,1980-08-27
Timothy,Solis,GB,timothy.solis@yahoo.com,2003-01-19
Edward,Kelley,US,edward.kelley@hotmail.com,1960-02-21
Jeffrey,Horton,GB,jeffrey.horton@hotmail.com,2001-02-08
Daniel,Mercer,DE,daniel.mercer@yahoo.com,1953-02-13
Laura,Sutton,FR,laura.sutton@yahoo.com,1972-11-13
Craig,Wright,US,craig.wright@gmail.com,1957-06-10
Candice,Becker,SE,candice.becker@hotmail.com,1955-12-01
Joseph,Horton,AU,joseph.horton@gmail.com,1981-10-12
Shawn,Cook,NL,shawn.cook@yahoo.com,2006-04-19
David,Wong,GB,david.wong@yahoo.com,1951-08-17
Melissa,Cooper,US,melissa.cooper@gmail.com,2007-06-21
Heather,Brown,US,OGvBtvheather.brown@yahoo.com,2004-07-20
Mallory,Williams,US,mallory.williams@yahoo.com,1968-11-20
Connie,Miller,US,connie.miller@hotmail.com,1982-09-03
Antonio,Bauer,NL,antonio.bauer@yahoo.com,1975-04-14
Shannon,Beck,GB,shannon.beck@hotmail.com,1976-01-04
Brandy,Moore,GB,brandy.moore@hotmail.com,2003-12-15
Matthew,Walter,CA,matthew.walter@yahoo.com,1980-12-03
Tommy,Howard,AU,tommy.howard@yahoo.com,2006-06-23
Natalie,Alexander,US,natalie.alexander@gmail.com,2004-02-27
Robert,Todd,GB,robert.todd@yahoo.com,1967-11-06
Stephen,Wallace,GB,stephen.wallace@hotmail.com,1988-01-13
Brett,Wilson,US,brett.wilson@hotmail.com,1971-01-12
Annette,Nguyen,DE,annette.nguyen@yahoo.com,1969-10-17
Susan,Payne,NL,susan.payne@hotmail.com,1983-03-30
Kathleen,Hernandez,US,kathleen.hernandez@hotmail.com,1987-08-24
Anthony,Leonard,DE,anthony.leonard@yahoo.com,1958-06-29
William,Murray,US,william.murray@yahoo.com,2006-04-24
Abigail,Fernandez,US,abigail.fernandez@gmail.com,1990-11-18
David,Smith,CA,b6kUhBdavid.smith@yahoo.com,1963-02-24
Ian,Townsend,US,ian.townsend@yahoo.com,1975-10-22
Daniel,Dodson,US,daniel.dodson@gmail.com,1958-09-05
Bianca,Chaney,US,bianca.chaney@hotmail.com,1998-04-03
Donald,Wallace,US,donald.wallace@hotmail.com,2000-05-28
Joshua,Warren,US,joshua.warren@yahoo.com,1973-09-24
Amber,Johnson,GB,amber.johnson@gmail.com,1952-05-11
Katherine,Giles,CA,katherine.giles@gmail.com,1956-04-01
Curtis,Hopkins,US,curtis.hopkins@hotmail.com,1993-10-23
Veronica,Allen,CA,veronica.allen@hotmail.com,1973-07-20
Shannon,Owen,US,shannon.owen@yahoo.com,1983-10-04
Jamie,Mason,DE,jamie.mason@hotmail.com,1955-09-29
Jeffrey,Williams,US,jeffrey.williams@yahoo.com,1952-06-13
Daniel,Collins,US,daniel.collins@yahoo.com,1979-08-26
Laura,Martinez,DE,laura.martinez@hotmail.com,1963-04-22
Molly,Knox,FR,molly.knox@gmail.com,1959-05-06
Laura,Sims,US,laura.sims@yahoo.com,1993-01-20
Bianca,Lee,US,bianca.lee@yahoo.com,2006-12-13
Anthony,Daniel,CA,0nZzCIanthony.daniel@yahoo.com,1978-03-12
Karina,Richardson,CA,karina.richardson@yahoo.com,1968-06-11
Joshua,Zamora,AU,joshua.zamora@hotmail.com,1963-07-15
Tracey,Ortiz,US,tracey.ortiz@yahoo.com,1998-12-29
Brandon,Dean,US,brandon.dean@gmail.com,1963-09-29
Gabrielle,Wright,CA,gabrielle.wright@hotmail.com,1989-04-02
Courtney,Boone,GB,courtney.boone@gmail.com,1985-01-14
Alexandra,Hardin,GB,alexandra.hardin@hotmail.com,2003-03-24
John,Carter,DE,john.carter@yahoo.com,1968-06-13
Jenny,Stephens,CA,jenny.stephens@gmail.com,1978-05-10
Matthew,Buckley,US,matthew.buckley@yahoo.com,1981-07-17
Thomas,Brown,AU,thomas.brown@yahoo.com,1999-12-21
Sharon,Mathews,DE,sharon.mathews@hotmail.com,2001-08-18
Jill,Berg,US,jill.berg@yahoo.com,1984-01-04
Amy,Mathews,US,amy.mathews@gmail.com,1988-06-05
James,Lee,US,james.lee@gmail.com,1991-10-14
Melissa,Brooks,US,34xBlnmelissa.brooks@gmail.com,1986-11-10
Holly,Cox,US,holly.cox@gmail.com,2006-06-13
Amber,Ramirez,CA,amber.ramirez@hotmail.com,1983-04-17
Nicholas,Sharp,GB,nicholas.sharp@gmail.com,2007-11-07
Ashley,Serrano,AU,ashley.serrano@gmail.com,1974-12-08
Trevor,Romero,US,trevor.romero@gmail.com,1975-01-28
Craig,Ellis,AU,craig.ellis@hotmail.com,2001-12-02
Misty,Brooks,CA,misty.brooks@gmail.com,1954-02-15
Emma,Roberts,US,emma.roberts@yahoo.com,2001-10-10
Kevin,Everett,AU,kevin.everett@hotmail.com,2003-02-16
Alexis,Cook,US,alexis.cook@yahoo.com,1982-04-02
Laurie,Carpenter,US,laurie.carpenter@yahoo.com,1972-01-09
Rebecca,Martinez,US,rebecca.martinez@yahoo.com,1959-03-21
Adam,Warner,US,adam.warner@gmail.com,1992-02-03
Amanda,Rogers,US,amanda.rogers@hotmail.com,1968-08-20
Elizabeth,Potts,CA,elizabeth.potts@gmail.com,1988-09-20
Micheal,Clark,US,micheal.clark@yahoo.com,1976-03-28
Robert,Curtis,US,robert.curtis@hotmail.com,1954-08-26
Joseph,Herman,US,joseph.herman@hotmail.com,1992-11-10
Jennifer,Jones,US,3Ae70rjennifer.jones@yahoo.com,2002-01-31
Olivia,Fisher,CA,olivia.fisher@hotmail.com,1989-06-23
Kevin,Cobb,US,kevin.cobb@gmail.com,2001-06-30
Maria,Bean,US,maria.bean@yahoo.com,1956-09-15
Kimberly,Weiss,US,kimberly.weiss@hotmail.com,1983-04-09
Brittany,Fischer,CA,brittany.fischer@hotmail.com,2005-11-10
Michael,Lee,CA,V6bO7Omichael.lee@gmail.com,1962-02-12
Linda,Bond,CA,linda.bond@yahoo.com,2005-03-17
Molly,Medina,US,molly.medina@hotmail.com,1958-03-22
Brittany,Brooks,FR,brittany.brooks@gmail.com,1967-02-24
Jo,Saunders,US,jo.saunders@hotmail.com,1962-05-04
Mark,Cruz,GB,mark.cruz@gmail.com,1989-08-22
David,Tanner,CA,david.tanner@hotmail.com,1970-11-20
Susan,Allen,AU,susan.allen@gmail.com,1994-05-12
Brandon,Reynolds,FR,brandon.reynolds@yahoo.com,1961-12-20
Laura,Ramos,US,laura.ramos@hotmail.com,1962-04-09
Russell,Thompson,FR,russell.thompson@yahoo.com,1977-05-22
Jennifer,Howard,SE,jennifer.howard@hotmail.com,1952-09-09
Kevin,Wilson,US,kevin.wilson@yahoo.com,1987-06-28
Matthew,Rodriguez,CA,matthew.rodriguez@yahoo.com,1981-08-26
Barbara,Newman,FR,barbara.newman@gmail.com,1954-09-18
James,Gibbs,US,james.gibbs@hotmail.com,1954-12-04
Mckenzie,Patel,AU,mckenzie.patel@yahoo.com,1972-02-14
Douglas,Adams,SE,douglas.adams@hotmail.com,2005-11-09
Jessica,Davis,US,jessica.davis@hotmail.com,1977-02-25
Michael,Nunez,US,michael.nunez@yahoo.com,1978-02-20
George,Johnson,US,george.johnson@yahoo.com,1953-01-20
Courtney,Christensen,NL,courtney.christensen@yahoo.com,1963-03-24
Angela,Richardson,US,angela.richardson@yahoo.com,1950-11-21
Derek,Frazier,GB,derek.frazier@hotmail.com,2001-01-30
Elizabeth,Johnson,FR,elizabeth.johnson@yahoo.com,1973-07-31
Christopher,White,US,9QUCxschristopher.white@hotmail.com,1969-01-18
Juan,Conway,US,juan.conway@yahoo.com,1956-03-31
Bonnie,Lambert,US,bonnie.lambert@yahoo.com,2000-01-04
Anthony,Rodriguez,US,anthony.rodriguez@yahoo.com,1991-08-04
Ashley,Mckay,AU,ashley.mckay@yahoo.com,2006-10-08
Lynn,Arias,US,lynn.arias@yahoo.com,1982-06-08
Karen,Smith,US,karen.smith@gmail.com,1964-04-18
Michael,Gutierrez,GB,michael.gutierrez@yahoo.com,1956-06-26
David,Miller,US,Bpv53ddavid.miller@gmail.com,2006-11-18
Tiffany,Mathews,DE,tiffany.mathews@hotmail.com,1988-02-04
Blake,Walker,GB,blake.walker@gmail.com,1976-11-14
Linda,Howard,CA,linda.howard@hotmail.com,1969-05-06
Trevor,Sharp,GB,trevor.sharp@hotmail.com,2001-02-09
David,Wiggins,AU,david.wiggins@hotmail.com,2004-04-11
Michelle,Jones,US,michelle.jones@hotmail.com,1956-07-25
Amber,Wilson,US,amber.wilson@gmail.com,1971-05-06
Ethan,Guerrero,US,ethan.guerrero@hotmail.com,1998-10-26
Matthew,Soto,US,matthew.soto@yahoo.com,1957-11-08
Stephanie,Lee,US,stephanie.lee@gmail.com,1983-10-06
Christopher,Rocha,US,christopher.rocha@hotmail.com,1987-07-02
Timothy,Morris,GB,timothy.morris@hotmail.com,1977-05-13
Amy,Payne,CA,amy.payne@hotmail.com,1996-03-01
Brandon,Mckenzie,US,brandon.mckenzie@hotmail.com,1999-05-04
Joseph,Wells,US,joseph.wells@hotmail.com,1976-12-09
Matthew,Phillips,CA,matthew.phillips@hotmail.com,1965-04-04
Christopher,Robinson,CA,DCgFnEchristopher.robinson@yahoo.com,1967-05-21
William,Meyer,US,william.meyer@gmail.com,1969-01-16
Matthew,Miller,US,matthew.miller@gmail.com,1971-09-12
Charles,Grant,US,charles.grant@yahoo.com,1975-02-28
Samuel,Harvey,CA,samuel.harvey@gmail.com,1995-07-25
Steven,Fowler,GB,steven.fowler@gmail.com,1963-08-30
Ebony,Wallace,US,ebony.wallace@gmail.com,1971-04-29
Lauren,Goodman,NL,lauren.goodman@gmail.com,1989-02-11
Russell,Davis,US,russell.davis@gmail.com,1975-03-19
Abigail,Pena,US,abigail.pena@yahoo.com,1994-02-28
Catherine,Jones,US,catherine.jones@yahoo.com,2001-04-07
Ricky,James,US,ricky.james@gmail.com,1989-01-22
Isabel,Owens,AU,isabel.owens@gmail.com,2007-05-27
Jeffrey,Moore,GB,jeffrey.moore@yahoo.com,1959-03-14
Elizabeth,Tran,US,elizabeth.tran@yahoo.com,2004-04-15
Ian,Hicks,US,ian.hicks@hotmail.com,1965-09-24
Edward,Chapman,US,edward.chapman@gmail.com,1993-01-08
Ashley,Howard,NL,ashley.howard@gmail.com,1963-01-08
Ronald,Carlson,GB,ronald.carlson@yahoo.com,1972-05-10
Alexander,Gilbert,GB,alexander.gilbert@hotmail.com,1997-08-18
Jasmin,Thomas,US,jasmin.thomas@gmail.com,1970-07-29
Christine,Soto,DE,christine.soto@yahoo.com,1989-05-28
Douglas,Neal,US,douglas.neal@hotmail.com,1962-09-21
Jessica,Bautista,US,jessica.bautista@yahoo.com,1986-02-10
Samantha,Jackson,US,samantha.jackson@yahoo.com,1963-07-24
Pamela,Parks,CA,pamela.parks@hotmail.com,1991-07-06
Trevor,Lucas,US,trevor.lucas@gmail.com,1995-11-27
Michele,Williams,US,michele.williams@yahoo.com,1986-06-26
Janet,Leonard,US,janet.leonard@hotmail.com,2001-11-23
Jeremy,Bartlett,US,jeremy.bartlett@hotmail.com,1959-04-11
Molly,Hogan,DE,molly.hogan@yahoo.com,1960-01-09
Sydney,Cox,GB,sydney.cox@yahoo.com,1997-03-23
Dawn,Bennett,US,dawn.bennett@hotmail.com,1989-02-10
Renee,Gordon,CA,renee.gordon@hotmail.com,2000-06-09
David,Wright,GB,david.wright@yahoo.com,1988-01-22
Kevin,Patterson,US,kevin.patterson@yahoo.com,1982-02-17
Stephen,Sanchez,GB,stephen.sanchez@yahoo.com,1954-02-14
Patricia,Johnson,US,patricia.johnson@hotmail.com,1988-02-10
Steven,Martin,US,steven.martin@yahoo.com,1977-11-15
Angela,Juarez,GB,angela.juarez@hotmail.com,1985-12-12
Mary,Cox,FR,mary.cox@yahoo.com,1980-11-26
Jessica,Finley,US,jessica.finley@yahoo.com,1981-06-26
Jennifer,Johnson,US,hUDMYujennifer.johnson@yahoo.com,2002-06-18
Leroy,Williams,US,leroy.williams@hotmail.com,2007-03-16
Kimberly,Ferguson,US,kimberly.ferguson@hotmail.com,1973-02-15
David,Mclaughlin,US,david.mclaughlin@gmail.com,1966-09-03
Thomas,Le,GB,thomas.le@gmail.com,2001-05-01
Erik,Knapp,US,erik.knapp@yahoo.com,2002-12-20
Allison,Wilkins,AU,allison.wilkins@gmail.com,1991-07-31
Stacey,Martinez,GB,stacey.martinez@gmail.com,1957-01-28
Andrew,Powell,US,andrew.powell@hotmail.com,1981-07-31
Kristy,Barnett,NL,kristy.barnett@hotmail.com,1973-03-26
Kimberly,Wilkerson,US,kimberly.wilkerson@yahoo.com,1980-01-06
Patrick,Sweeney,GB,patrick.sweeney@yahoo.com,1971-07-27
Shannon,Wu,NL,shannon.wu@yahoo.com,1953-09-24
Catherine,Villarreal,US,catherine.villarreal@gmail.com,1968-06-13
Jerry,Day,AU,jerry.day@hotmail.com,1986-05-10
Melinda,Aguilar,CA,melinda.aguilar@hotmail.com,1951-03-26
Michael,Lopez,US,michael.lopez@gmail.com,1995-01-05
Michael,Hernandez,US,michael.hernandez@hotmail.com,1984-07-12
James,Lawson,GB,james.lawson@yahoo.com,1971-02-11
Lisa,Williams,DE,lisa.williams@yahoo.com,1956-05-10
Ray,Richardson,CA,ray.richardson@hotmail.com,1996-11-01
Mary,Davis,US,aenr5dmary.davis@hotmail.com,1955-07-04
Paul,Bush,GB,paul.bush@yahoo.com,1962-05-07
Ethan,Smith,CA,ethan.smith@hotmail.com,1954-12-29
Paige,Mason,CA,paige.mason@hotmail.com,1982-01-14
Sheri,Russell,SE,sheri.russell@yahoo.com,2005-04-30
Edward,Hunter,SE,edward.hunter@gmail.com,1963-09-16
Vincent,Hanna,US,vincent.hanna@gmail.com,1971-01-23
Kevin,Hayden,SE,kevin.hayden@gmail.com,1977-02-08
Hannah,Munoz,AU,hannah.munoz@hotmail.com,1971-08-03
Barry,Dorsey,DE,barry.dorsey@yahoo.com,1974-07-27
Mallory,Carter,US,mallory.carter@yahoo.com,1981-09-02
Jonathan,Dorsey,DE,jonathan.dorsey@yahoo.com,1969-02-24
Robert,Brown,US,robert.brown@hotmail.com,1977-06-16
Andrea,Cortez,US,andrea.cortez@yahoo.com,1998-10-13
Ashley,Martin,US,ashley.martin@yahoo.com,1976-10-12
Alexander,Ortiz,US,alexander.ortiz@hotmail.com,1958-10-07
Joshua,Smith,GB,joshua.smith@hotmail.com,1988-07-22
Darren,Smith,CA,darren.smith@hotmail.com,2007-08-21
Ellen,Compton,CA,ellen.compton@hotmail.com,1990-02-03
William,Gonzalez,CA,william.gonzalez@gmail.com,1998-05-14
Peter,Williams,NL,peter.williams@hotmail.com,1982-01-29
Manuel,Bryant,US,manuel.bryant@gmail.com,1961-03-22
John,Hawkins,NL,john.hawkins@hotmail.com,2007-11-10
Ashley,Boyle,FR,ashley.boyle@yahoo.com,1961-04-28
Joseph,Fowler,US,joseph.fowler@gmail.com,2005-06-26
Hannah,Smith,US,hannah.smith@yahoo.com,1993-12-29
Mark,Burke,DE,mark.burke@hotmail.com,1962-03-11
Jeffrey,Murray,AU,jeffrey.murray@hotmail.com,1980-12-27
Amanda,Wang,US,amanda.wang@yahoo.com,1955-02-08
Isabel,Payne,CA,isabel.payne@hotmail.com,1991-10-08
Patricia,Chavez,SE,patricia.chavez@yahoo.com,1957-08-30
Stacey,Adkins,US,stacey.adkins@yahoo.com,1959-12-30
Ashley,Calderon,CA,ashley.calderon@yahoo.com,1955-12-04
Brooke,Rivas,GB,brooke.rivas@hotmail.com,1951-06-12
Candice,Green,US,candice.green@yahoo.com,2006-08-23
Melinda,Torres,GB,melinda.torres@hotmail.com,2005-09-24
Peter,Hernandez,US,peter.hernandez@hotmail.com,2003-04-01
Stephanie,Spence,US,stephanie.spence@yahoo.com,1965-04-10
Theresa,Barnes,CA,theresa.barnes@yahoo.com,2002-09-17
Joshua,Little,NL,joshua.little@hotmail.com,1980-02-24
Kelly,Smith,CA,kelly.smith@gmail.com,1960-02-16
Jonathan,Frederick,US,jonathan.frederick@gmail.com,1989-06-13
Ashley,Evans,US,ashley.evans@gmail.com,1988-03-05
Thomas,Graham,US,thomas.graham@hotmail.com,2002-09-29
Ronald,Welch,FR,ronald.welch@yahoo.com,1996-04-13
Jeremy,Archer,CA,jeremy.archer@yahoo.com,1993-01-17
Antonio,Walls,US,antonio.walls@hotmail.com,1955-03-08
Paul,Benson,GB,paul.benson@gmail.com,1997-12-18
Ana,Collins,US,ana.collins@hotmail.com,1990-12-22
Dorothy,Medina,CA,dorothy.medina@yahoo.com,2003-08-22
Manuel,Zimmerman,US,manuel.zimmerman@gmail.com,1988-05-06
Valerie,Golden,CA,valerie.golden@hotmail.com,1959-11-01
Vickie,Williams,US,vickie.williams@gmail.com,1990-05-31
Makayla,Ellis,CA,makayla.ellis@hotmail.com,1973-06-09
Michael,Adams,US,michael.adams@yahoo.com,1951-04-29
Bonnie,Hunter,US,bonnie.hunter@hotmail.com,1979-03-26
Jillian,Reyes,US,jillian.reyes@yahoo.com,1958-09-14
Keith,Stephens,CA,keith.stephens@yahoo.com,1951-12-23
David,Smith,US,HzBxwbdavid.smith@yahoo.com,1971-07-14
Pamela,Davis,US,pamela.davis@gmail.com,2000-06-16
April,Steele,US,april.steele@gmail.com,1999-12-21
James,Love,GB,james.love@yahoo.com,1978-03-11
Tyler,Gibson,CA,tyler.gibson@hotmail.com,1996-09-23
Ryan,Cowan,US,ryan.cowan@hotmail.com,1974-07-12
Christopher,Phillips,FR,christopher.phillips@yahoo.com,1957-05-13
Stefanie,Nelson,US,stefanie.nelson@yahoo.com,1968-01-09
Stephanie,Williamson,US,stephanie.williamson@yahoo.com,1992-01-10
Stephen,Smith,US,Ga4jPmstephen.smith@hotmail.com,1964-04-03
Meghan,Brock,CA,meghan.brock@yahoo.com,1957-03-19
Maurice,Williams,NL,maurice.williams@yahoo.com,1955-03-11
Heather,Taylor,NL,heather.taylor@hotmail.com,1968-06-13
Ryan,Alexander,GB,ryan.alexander@gmail.com,1983-01-14
Rebecca,Walker,US,rebecca.walker@hotmail.com,1968-11-01
Megan,Cannon,DE,megan.cannon@yahoo.com,1987-05-03
Richard,Zimmerman,US,richard.zimmerman@yahoo.com,1972-08-10
Gary,Kramer,CA,gary.kramer@gmail.com,1963-04-29
Nathan,Payne,US,nathan.payne@gmail.com,1959-01-05
Angelica,Roberson,US,angelica.roberson@yahoo.com,1980-11-06
Sarah,Davis,US,sarah.davis@hotmail.com,1986-01-23
Tara,Robinson,NL,tara.robinson@hotmail.com,1971-03-07
Anna,Davis,US,anna.davis@gmail.com,1963-10-30
Richard,Chapman,CA,richard.chapman@hotmail.com,1987-11-13
Felicia,Hamilton,US,felicia.hamilton@gmail.com,2005-07-04
Carlos,Giles,CA,carlos.giles@hotmail.com,1964-05-24
Denise,Tucker,US,denise.tucker@gmail.com,1977-10-05
Colleen,Hanson,CA,colleen.hanson@hotmail.com,2004-09-14
Jennifer,Merritt,US,jennifer.merritt@yahoo.com,1979-09-02
Kelly,Dunn,US,kelly.dunn@hotmail.com,1984-03-29
Amber,Perez,US,amber.perez@gmail.com,2006-04-06
Jenna,Allison,US,jenna.allison@hotmail.com,2007-04-10
Rebecca,Thompson,US,5lBSyUrebecca.thompson@hotmail.com,1993-03-01
Logan,Adams,US,logan.adams@yahoo.com,2005-03-25
Harold,Haley,DE,harold.haley@yahoo.com,1992-04-06
Jennifer,Brooks,US,jennifer.brooks@gmail.com,1966-06-04
Julie,Garcia,US,julie.garcia@yahoo.com,1962-03-08
Joel,Medina,FR,joel.medina@yahoo.com,1985-02-10
Melissa,Rose,GB,melissa.rose@gmail.com,1968-06-19
Jasmine,Palmer,SE,jasmine.palmer@yahoo.com,1978-08-24
Jamie,Jenkins,US,jamie.jenkins@gmail.com,1995-02-19
Paula,Rice,US,paula.rice@hotmail.com,1957-11-17
Peggy,Wood,AU,peggy.wood@yahoo.com,1985-08-10
Janet,Hawkins,CA,janet.hawkins@yahoo.com,1998-05-12
James,Vang,US,james.vang@gmail.com,2000-12-11
Manuel,Bright,CA,manuel.bright@yahoo.com,1957-11-29
Elizabeth,Brown,CA,elizabeth.brown@hotmail.com,1969-06-23
Richard,Snyder,US,richard.snyder@gmail.com,1986-10-28
Vickie,Williams,US,vickie.williams@yahoo.com,1955-03-29
Emily,Browning,FR,emily.browning@gmail.com,1985-09-01
Virginia,Rios,US,virginia.rios@yahoo.com,1981-03-16
Daisy,Gonzales,US,daisy.gonzales@hotmail.com,1972-06-12
Victor,Grant,US,victor.grant@hotmail.com,1992-07-14
Ashley,Contreras,CA,ashley.contreras@hotmail.com,1991-06-15
Tina,Garrett,US,tina.garrett@gmail.com,1963-10-26
Sheri,Rodgers,FR,sheri.rodgers@yahoo.com,1992-01-05
Kathryn,Powers,US,kathryn.powers@gmail.com,2004-08-30
Kelly,Reyes,US,kelly.reyes@yahoo.com,2006-11-21
Brandon,Williams,DE,brandon.williams@yahoo.com,1963-02-16
John,Barr,CA,john.barr@yahoo.com,1971-05-26
Amanda,Johnson,CA,amanda.johnson@gmail.com,2002-05-04
John,Dennis,GB,john.dennis@hotmail.com,1978-07-12
Teresa,Figueroa,US,teresa.figueroa@yahoo.com,1994-12-12
James,Keith,US,james.keith@yahoo.com,1993-12-13
Elizabeth,Poole,SE,elizabeth.poole@hotmail.com,1985-01-19
Jordan,Ramirez,CA,jordan.ramirez@hotmail.com,1974-07-07
Nathan,Martin,US,nathan.martin@yahoo.com,2004-11-27
Scott,Grimes,CA,scott.grimes@gmail.com,1957-03-05
Ricky,Miller,US,ricky.miller@hotmail.com,1982-03-14
Brandon,Boyd,US,brandon.boyd@hotmail.com,1981-12-26
Kimberly,Fox,US,kimberly.fox@hotmail.com,1996-04-22
Brandon,Burgess,NL,brandon.burgess@gmail.com,1969-03-15
Eric,Perez,DE,eric.perez@hotmail.com,1953-12-24
John,Martin,CA,john.martin@hotmail.com,2003-02-07
Peggy,Fox,FR,peggy.fox@yahoo.com,1976-04-04
John,Lucas,US,john.lucas@yahoo.com,1979-05-03
Jeffrey,Le,US,jeffrey.le@yahoo.com,1982-07-04
Jeanette,Chavez,GB,jeanette.chavez@gmail.com,1958-11-01
David,Davidson,US,david.davidson@hotmail.com,1971-04-07
Cindy,Baker,US,cindy.baker@yahoo.com,1988-03-21
Paul,Whitney,US,paul.whitney@yahoo.com,1977-10-15
Shari,Dyer,NL,shari.dyer@yahoo.com,1983-02-01
Ryan,Burnett,AU,ryan.burnett@yahoo.com,1956-10-13
Lori,Rodriguez,GB,lori.rodriguez@yahoo.com,2007-08-15
Ronald,Singh,US,ronald.singh@hotmail.com,1968-04-07
Troy,Davis,FR,troy.davis@yahoo.com,1954-06-07
Eric,Martin,DE,eric.martin@yahoo.com,1961-06-10
Emily,Gonzalez,GB,emily.gonzalez@gmail.com,2006-03-23
Samantha,Strickland,SE,samantha.strickland@yahoo.com,2008-02-14
Brendan,Turner,CA,brendan.turner@hotmail.com,1966-08-19
Mark,Brown,US,mark.brown@hotmail.com,1963-07-24
Jermaine,Lin,AU,jermaine.lin@hotmail.com,1975-08-12
Erik,Nguyen,CA,erik.nguyen@yahoo.com,1998-09-06
Jenna,Wright,SE,jenna.wright@yahoo.com,1964-10-22
Brenda,Carson,AU,vwVMQJbrenda.carson@gmail.com,1990-11-23
Katherine,Scott,GB,katherine.scott@gmail.com,1992-02-24
Danielle,Smith,NL,ICHQi9danielle.smith@hotmail.com,2007-09-16
Nicholas,Fitzgerald,AU,nicholas.fitzgerald@hotmail.com,1955-09-24
Natalie,Williams,US,natalie.williams@gmail.com,1989-05-11
Diana,Romero,CA,diana.romero@gmail.com,2004-09-15
Matthew,Ramirez,US,matthew.ramirez@hotmail.com,1992-03-25
John,Roy,US,john.roy@gmail.com,1970-02-02
Richard,Wall,CA,richard.wall@yahoo.com,1971-06-23
Sean,Lane,US,sean.lane@hotmail.com,2006-08-02
Robert,Ball,US,nY9w1arobert.ball@gmail.com,1954-12-27
Nicole,Gonzalez,US,nicole.gonzalez@hotmail.com,1981-11-03
Ryan,Moore,US,ryan.moore@hotmail.com,1957-09-19
Matthew,Vega,US,matthew.vega@yahoo.com,1972-12-29
John,Hebert,FR,john.hebert@hotmail.com,1978-09-27
Tracy,Sanchez,NL,tracy.sanchez@hotmail.com,1974-06-04
Bradley,Mason,US,bradley.mason@hotmail.com,1982-06-17
Diane,Perez,US,diane.perez@gmail.com,1960-08-12
Sheila,Ramirez,GB,sheila.ramirez@gmail.com,1951-03-07
David,Holloway,US,david.holloway@yahoo.com,1969-08-31
Gabriela,Lee,US,gabriela.lee@hotmail.com,1983-04-18
Arthur,Boyd,NL,arthur.boyd@gmail.com,1999-02-05
Maria,Caldwell,NL,maria.caldwell@gmail.com,1979-08-26
Michael,Sanchez,DE,michael.sanchez@hotmail.com,1967-11-13
Angela,Blair,AU,angela.blair@yahoo.com,1967-07-09
Stephanie,Harvey,US,stephanie.harvey@gmail.com,2000-08-06
Bruce,Harris,US,bruce.harris@hotmail.com,1998-05-29
Antonio,Jacobs,GB,antonio.jacobs@hotmail.com,1976-03-24
Katelyn,Sanchez,US,katelyn.sanchez@gmail.com,1955-12-11
Mark,Martinez,US,mark.martinez@yahoo.com,1958-07-31
Joe,Ibarra,US,joe.ibarra@gmail.com,1981-06-30
Michelle,Williams,AU,michelle.williams@yahoo.com,1975-04-05
Susan,Lam,US,susan.lam@yahoo.com,1969-06-05
Joe,Williams,FR,joe.williams@yahoo.com,1977-01-31
Dawn,Wilson,CA,dawn.wilson@gmail.com,1992-02-14
Autumn,Curry,US,autumn.curry@yahoo.com,1995-03-05
Amy,Austin,GB,amy.austin@yahoo.com,1989-07-21
Erin,Williams,US,erin.williams@yahoo.com,2005-07-06
Amy,Peterson,NL,amy.peterson@yahoo.com,1990-03-07
Nicholas,Mejia,CA,nicholas.mejia@yahoo.com,1981-07-15
Mark,Schwartz,DE,mark.schwartz@hotmail.com,1982-06-18
Angel,Golden,AU,angel.golden@gmail.com,2007-12-01
Carlos,Wong,CA,carlos.wong@gmail.com,1954-11-29
Brittney,Roberts,US,brittney.roberts@yahoo.com,1973-06-15
Christian,Miller,AU,christian.miller@hotmail.com,1988-07-25
Christina,Keller,GB,christina.keller@gmail.com,1989-03-16
Brent,Garcia,SE,brent.garcia@gmail.com,1959-04-05
Brandon,White,GB,brandon.white@hotmail.com,1986-07-10
Jamie,Lewis,US,jamie.lewis@gmail.com,1984-01-23
Jeremy,Hernandez,NL,jeremy.hernandez@gmail.com,1975-05-03
Dawn,Peterson,US,dawn.peterson@gmail.com,2006-06-25
Sean,Holloway,US,sean.holloway@yahoo.com,1986-03-07
Eric,Morse,US,eric.morse@hotmail.com,1957-02-19
Colleen,Clark,CA,colleen.clark@gmail.com,1999-08-18
Marie,Maldonado,US,marie.maldonado@gmail.com,1957-04-27
Thomas,Graves,GB,thomas.graves@hotmail.com,1954-08-20
Susan,Chaney,CA,susan.chaney@gmail.com,1967-04-18
Richard,Nelson,US,richard.nelson@yahoo.com,1996-11-18
Amber,Mullins,US,amber.mullins@gmail.com,2002-07-30
James,Torres,GB,james.torres@gmail.com,2001-01-11
Dale,Williams,US,dale.williams@hotmail.com,1962-02-01
Steven,Watts,DE,steven.watts@yahoo.com,1982-12-07
James,Aguilar,US,james.aguilar@gmail.com,1971-10-15
William,Marshall,GB,william.marshall@yahoo.com,1994-09-07
Jeremy,Hill,SE,jeremy.hill@yahoo.com,1952-04-06
Malik,Lin,AU,malik.lin@hotmail.com,1991-12-12
Christian,Moss,NL,christian.moss@yahoo.com,1993-06-15
Fernando,Bishop,US,fernando.bishop@gmail.com,1965-12-02
Timothy,Bryan,US,timothy.bryan@hotmail.com,1995-02-13
Adrian,Cook,SE,adrian.cook@hotmail.com,1999-01-31
Charles,Rocha,SE,charles.rocha@yahoo.com,1997-08-29
Todd,Khan,US,todd.khan@gmail.com,1966-02-27
Elizabeth,Gordon,US,elizabeth.gordon@yahoo.com,1975-11-22
Randy,Golden,CA,randy.golden@hotmail.com,1962-03-26
Christopher,Odonnell,CA,christopher.odonnell@hotmail.com,1992-12-26
Blake,Mendoza,US,blake.mendoza@hotmail.com,1980-02-17
Kimberly,Phelps,US,kimberly.phelps@gmail.com,1991-03-25
Scott,Gates,FR,scott.gates@gmail.com,2007-09-30
Janet,Norton,US,janet.norton@hotmail.com,1987-11-16
Shawn,Gardner,AU,shawn.gardner@yahoo.com,1998-04-06
Christopher,Kaufman,US,christopher.kaufman@hotmail.com,1983-04-18
Ashley,Rivas,DE,ashley.rivas@gmail.com,1975-01-01
Erica,Watson,DE,erica.watson@hotmail.com,1992-11-26
Nicholas,Shea,US,nicholas.shea@gmail.com,1972-11-08
Joseph,Martinez,CA,joseph.martinez@yahoo.com,1976-03-09
Holly,Moore,CA,holly.moore@hotmail.com,2006-05-19
Donna,Lambert,DE,donna.lambert@yahoo.com,2004-03-07
Robert,Miller,US,robert.miller@gmail.com,2003-09-16
Lawrence,Bentley,AU,lawrence.bentley@gmail.com,1969-10-08
Natasha,Rhodes,US,natasha.rhodes@gmail.com,1994-04-04
Andrea,Riley,AU,andrea.riley@yahoo.com,2001-10-06
Scott,Patel,US,scott.patel@yahoo.com,1980-08-05
Kyle,Mooney,US,kyle.mooney@yahoo.com,1957-06-05
Julie,Martinez,US,julie.martinez@gmail.com,1975-11-26
Jason,Wilson,DE,85ZTZUjason.wilson@gmail.com,1993-05-20
Rickey,Johnson,US,rickey.johnson@gmail.com,2006-07-06
Henry,Martin,CA,henry.martin@gmail.com,1976-12-08
Jennifer,Blair,CA,jennifer.blair@hotmail.com,1981-09-25
Pamela,Watson,US,pamela.watson@gmail.com,2005-06-14
Kathryn,Zhang,US,kathryn.zhang@hotmail.com,1957-02-06
Jennifer,George,US,jennifer.george@gmail.com,1992-08-25
Dawn,Edwards,NL,dawn.edwards@gmail.com,1951-10-15
Scott,Johnson,GB,scott.johnson@gmail.com,1953-08-15
Daniel,Smith,US,daniel.smith@yahoo.com,1980-11-07
Mark,Shaw,CA,mark.shaw@hotmail.com,1970-01-15
Michele,Knapp,GB,michele.knapp@hotmail.com,1996-04-28
Brandon,Carr,CA,brandon.carr@yahoo.com,1951-08-03
Jimmy,Floyd,CA,jimmy.floyd@hotmail.com,1981-06-02
Tasha,Walker,CA,tasha.walker@hotmail.com,1984-04-24
Thomas,Miller,US,thomas.miller@gmail.com,1992-07-16
Rebecca,Stein,US,rebecca.stein@yahoo.com,1965-04-13
Anthony,Henry,FR,anthony.henry@gmail.com,1961-10-01
Lance,Perez,GB,lance.perez@gmail.com,1993-05-20
Cathy,Montoya,US,cathy.montoya@hotmail.com,1993-05-12
Kathryn,Bowers,US,kathryn.bowers@yahoo.com,1982-08-10
Troy,Chen,FR,troy.chen@hotmail.com,1983-08-03
Amanda,Lopez,US,amanda.lopez@gmail.com,1999-08-13
David,Warren,US,david.warren@yahoo.com,1966-09-09
Jonathan,Walker,FR,jonathan.walker@gmail.com,1996-06-10
Crystal,Malone,US,crystal.malone@yahoo.com,1957-02-15
Carla,Fuentes,NL,carla.fuentes@hotmail.com,1978-10-29
Priscilla,Johnston,DE,priscilla.johnston@yahoo.com,1992-08-08
Haley,Spencer,US,haley.spencer@hotmail.com,2001-02-03
David,Cobb,CA,david.cobb@gmail.com,1992-09-08
Jennifer,Ortiz,US,jennifer.ortiz@yahoo.com,1979-11-04
Tonya,Underwood,US,tonya.underwood@yahoo.com,1965-06-13
Allen,Hamilton,NL,allen.hamilton@gmail.com,1985-12-14
Gary,Scott,US,gary.scott@hotmail.com,1986-02-21
Brenda,Shepard,AU,brenda.shepard@gmail.com,1990-06-10
Lauren,Olsen,US,lauren.olsen@yahoo.com,2004-05-15
Joshua,Frey,US,joshua.frey@hotmail.com,1962-08-25
Barbara,Martinez,US,barbara.martinez@hotmail.com,1966-09-22
Kristie,James,NL,kristie.james@hotmail.com,1954-05-18
Maria,Bryan,DE,maria.bryan@hotmail.com,1967-05-28
Jonathan,Norton,CA,jonathan.norton@hotmail.com,1967-02-06
Madison,Spencer,US,madison.spencer@hotmail.com,1981-02-09
Jessica,Guzman,GB,jessica.guzman@hotmail.com,1982-09-20
Nathan,Benson,DE,nathan.benson@hotmail.com,1957-02-07
James,Wood,US,james.wood@gmail.com,1990-02-24
Jason,Dunlap,US,jason.dunlap@yahoo.com,1956-07-21
Megan,Hart,CA,megan.hart@hotmail.com,1953-12-04
Joshua,Velazquez,AU,joshua.velazquez@hotmail.com,1970-12-04
Natalie,Nixon,SE,natalie.nixon@gmail.com,2005-06-14
Kristin,Holt,US,kristin.holt@gmail.com,1976-01-27
Tracey,Ellis,GB,tracey.ellis@hotmail.com,1989-11-16
Robert,Merritt,GB,robert.merritt@hotmail.com,1981-08-07
Leah,Ford,FR,KfKj8xleah.ford@gmail.com,1969-01-04
Jeffery,Faulkner,US,jeffery.faulkner@yahoo.com,1982-04-10
Kenneth,Barron,US,kenneth.barron@gmail.com,1967-06-29
Yolanda,Sims,US,yolanda.sims@yahoo.com,1970-12-29
Charles,Graves,US,charles.graves@gmail.com,1978-07-28
Michelle,Williams,GB,michelle.williams@gmail.com,1962-08-23
Jason,Watson,AU,jason.watson@hotmail.com,1957-08-26
Heather,Mckay,GB,heather.mckay@gmail.com,1964-04-26
Scott,Mahoney,US,scott.mahoney@gmail.com,1980-04-11
Amanda,Christensen,US,amanda.christensen@hotmail.com,1957-07-24
Andrew,Garner,US,andrew.garner@yahoo.com,1989-06-09
Jacob,Johnson,FR,jacob.johnson@gmail.com,1960-04-12
Meghan,Greer,US,meghan.greer@yahoo.com,1959-09-29
Stacy,Jenkins,US,stacy.jenkins@yahoo.com,1961-02-20
Amber,Lynch,US,HxLY28amber.lynch@yahoo.com,1995-02-13
Cynthia,Herman,US,cynthia.herman@gmail.com,1955-12-03
Zachary,Rodriguez,US,zachary.rodriguez@hotmail.com,1991-03-15
Charles,Lopez,CA,charles.lopez@gmail.com,1999-11-26
Ethan,Newman,US,ethan.newman@yahoo.com,1995-04-30
Brian,Taylor,AU,brian.taylor@gmail.com,1956-07-16
Melinda,Schroeder,CA,melinda.schroeder@yahoo.com,1956-11-14
Matthew,Ponce,US,matthew.ponce@hotmail.com,1972-12-02
Amber,Anderson,US,amber.anderson@gmail.com,1971-08-19
Megan,Gomez,FR,megan.gomez@hotmail.com,1994-07-15
Michael,Cooper,GB,michael.cooper@hotmail.com,1995-12-21
Brooke,Brooks,CA,brooke.brooks@hotmail.com,2007-01-30
Cody,Mclaughlin,US,cody.mclaughlin@yahoo.com,2002-11-16
Catherine,Hensley,AU,catherine.hensley@gmail.com,1952-06-25
Jessica,Everett,GB,jessica.everett@hotmail.com,1997-11-18
Kimberly,Mcfarland,US,kimberly.mcfarland@hotmail.com,1992-11-25
Brandon,Mitchell,NL,brandon.mitchell@gmail.com,1957-10-08
Crystal,Schwartz,US,crystal.schwartz@hotmail.com,1990-10-28
Roberta,Macias,US,roberta.macias@hotmail.com,1998-04-10
Patricia,Jacobson,US,patricia.jacobson@gmail.com,1976-05-19
Jennifer,Carter,CA,Wsxirgjennifer.carter@hotmail.com,1990-09-11
Ariel,Jackson,US,ariel.jackson@hotmail.com,1966-11-24
Sylvia,Kim,US,sylvia.kim@gmail.com,1954-09-06
William,Simpson,GB,william.simpson@hotmail.com,1993-08-27
Zachary,Villa,US,zachary.villa@hotmail.com,1999-07-02
Deborah,Wilson,US,deborah.wilson@yahoo.com,1991-12-10
Sonya,Gray,NL,sonya.gray@gmail.com,1968-08-20
Kelly,Ponce,US,kelly.ponce@gmail.com,1980-07-09
Julie,Cook,US,julie.cook@yahoo.com,1958-01-04
Robert,Dickerson,US,robert.dickerson@hotmail.com,1997-08-26
Robert,Young,US,robert.young@yahoo.com,1958-02-25
Jesse,Smith,US,jesse.smith@yahoo.com,1970-11-16
Matthew,Weaver,AU,matthew.weaver@hotmail.com,1986-12-11
William,Costa,NL,william.costa@yahoo.com,2001-01-10
Matthew,Oliver,CA,matthew.oliver@gmail.com,1961-01-22
Laura,Harper,US,laura.harper@gmail.com,2002-12-16
Mark,Lamb,AU,mark.lamb@gmail.com,2007-06-12
Stacey,Nelson,US,stacey.nelson@hotmail.com,2004-10-11
Michael,Mays,CA,michael.mays@yahoo.com,1987-05-02
John,Wilkins,US,john.wilkins@hotmail.com,1984-04-19
Erik,Nunez,GB,erik.nunez@gmail.com,1952-12-01
Katrina,Morton,US,katrina.morton@yahoo.com,1974-06-12
Jessica,Reed,US,jessica.reed@yahoo.com,1976-07-25
Megan,Escobar,US,megan.escobar@yahoo.com,1977-01-31
Amber,Lynch,NL,6bhjwZamber.lynch@yahoo.com,1969-03-08
Gabriela,Walker,US,gabriela.walker@gmail.com,1969-01-04
Christina,Foster,US,christina.foster@hotmail.com,1962-12-07
Megan,Black,US,megan.black@gmail.com,1961-06-04
Gary,Williams,US,gary.williams@hotmail.com,1969-09-19
Ray,Clark,US,ray.clark@yahoo.com,1996-05-19
Derrick,Harmon,NL,derrick.harmon@hotmail.com,1993-03-15
Lauren,Miller,US,lauren.miller@hotmail.com,1954-11-09
Matthew,Barnes,US,matthew.barnes@hotmail.com,2003-07-09
Cindy,Roberts,US,cindy.roberts@yahoo.com,1966-07-30
Christine,Krueger,FR,christine.krueger@gmail.com,1969-09-14
Kyle,Ellis,US,kyle.ellis@hotmail.com,1979-04-28
Brandi,King,SE,brandi.king@gmail.com,1968-12-12
Amanda,Hammond,US,amanda.hammond@hotmail.com,1967-10-11
Sheri,Cameron,CA,sheri.cameron@hotmail.com,1957-01-27
Christopher,Lucas,AU,christopher.lucas@gmail.com,1963-08-16
Brandon,Caldwell,CA,brandon.caldwell@hotmail.com,1960-07-18
Danny,Lawson,CA,danny.lawson@hotmail.com,1994-03-01
Makayla,Richards,DE,makayla.richards@gmail.com,2004-10-29
Michael,Kelly,AU,michael.kelly@hotmail.com,1966-11-24
Stacie,Baldwin,US,stacie.baldwin@hotmail.com,2001-01-30
Catherine,Robinson,FR,catherine.robinson@gmail.com,2001-07-28
Douglas,Williams,US,douglas.williams@yahoo.com,2004-03-08
Kimberly,Morgan,CA,kimberly.morgan@gmail.com,2005-06-03
Kimberly,Adams,US,kimberly.adams@yahoo.com,1961-11-17
Angela,Nelson,SE,angela.nelson@gmail.com,1959-03-29
Kathy,Hansen,US,kathy.hansen@gmail.com,1972-01-11
Jacob,Cobb,NL,jacob.cobb@yahoo.com,1963-10-06
Daniel,Williams,US,daniel.williams@hotmail.com,1959-10-20
Denise,Hopkins,CA,denise.hopkins@gmail.com,1963-09-10
Kaitlin,Bowers,US,kaitlin.bowers@hotmail.com,1951-05-06
Christopher,Cannon,US,christopher.cannon@gmail.com,1962-10-06
Kelly,Mahoney,CA,kelly.mahoney@hotmail.com,1952-08-07
Timothy,Yoder,AU,timothy.yoder@gmail.com,1970-07-13
Chris,Mathis,GB,chris.mathis@hotmail.com,1970-06-09
Jasmine,Montgomery,AU,jasmine.montgomery@yahoo.com,2007-08-28
Lisa,Allen,NL,lisa.allen@yahoo.com,1992-01-24
John,Robinson,GB,john.robinson@gmail.com,1983-07-01
Lisa,Johnson,US,lisa.johnson@hotmail.com,1954-07-07
Anna,Harrell,US,anna.harrell@yahoo.com,1969-02-15
Andrew,Williamson,GB,andrew.williamson@yahoo.com,1964-10-03
Jesse,Wall,GB,jesse.wall@yahoo.com,1994-08-04
Travis,Woods,AU,travis.woods@gmail.com,1986-04-15
Kim,Johnson,US,kim.johnson@gmail.com,2002-11-17
Brendan,Terry,US,brendan.terry@gmail.com,1954-07-19
Margaret,Martin,US,margaret.martin@yahoo.com,2000-02-29
Johnny,Cisneros,US,johnny.cisneros@hotmail.com,1967-10-11
Jason,Garcia,GB,jason.garcia@gmail.com,1959-02-17
Shelby,Stevenson,CA,shelby.stevenson@yahoo.com,1957-12-18
Nicole,Wall,GB,nicole.wall@hotmail.com,1966-11-06
Stephanie,Mason,DE,stephanie.mason@gmail.com,1955-11-23
Kara,Knight,US,kara.knight@hotmail.com,1973-05-03
Kristine,Fuller,US,kristine.fuller@hotmail.com,1950-08-31
Terry,Carter,US,terry.carter@yahoo.com,1953-12-29
Autumn,Sharp,SE,autumn.sharp@yahoo.com,1982-05-09
Jesse,Jones,US,vLuoCJjesse.jones@gmail.com,1985-12-21
Cindy,Cobb,SE,cindy.cobb@yahoo.com,1979-08-23
Jennifer,Reyes,US,jennifer.reyes@gmail.com,1965-02-07
Jo,Leach,US,jo.leach@yahoo.com,2000-03-11
Malik,Wilson,SE,malik.wilson@gmail.com,1961-03-07
Jennifer,Prince,US,jennifer.prince@hotmail.com,1951-09-30
Bobby,Ramirez,US,bobby.ramirez@yahoo.com,1978-05-24
Ana,Stone,AU,ana.stone@gmail.com,1963-11-02
Colleen,Obrien,US,colleen.obrien@yahoo.com,1988-04-13
Debra,Salazar,DE,debra.salazar@yahoo.com,2000-02-25
Christopher,Smith,US,iQuwUnchristopher.smith@gmail.com,1991-12-21
Troy,Wilson,FR,troy.wilson@hotmail.com,1970-04-18
Daniel,Carter,DE,daniel.carter@hotmail.com,1988-10-16
Austin,Wilson,US,austin.wilson@gmail.com,1972-03-11
Kevin,Knight,GB,kevin.knight@gmail.com,2005-09-29
Megan,Mclaughlin,NL,megan.mclaughlin@yahoo.com,1984-04-16
Henry,Roy,US,henry.roy@yahoo.com,1955-07-19
Marcus,Newton,US,marcus.newton@yahoo.com,2007-12-02
Melanie,Adams,US,melanie.adams@hotmail.com,1983-10-02
Larry,Gallegos,CA,larry.gallegos@yahoo.com,1981-02-23
Joseph,King,CA,joseph.king@yahoo.com,2001-04-23
Jonathan,Parker,US,jonathan.parker@hotmail.com,1958-12-06
Bobby,Klein,US,bobby.klein@gmail.com,1962-12-09
Michael,Nelson,CA,michael.nelson@gmail.com,1965-01-30
Isabella,Hernandez,US,isabella.hernandez@yahoo.com,1962-03-12
Ashley,Gordon,NL,ashley.gordon@hotmail.com,1980-11-28
Catherine,Hanson,US,catherine.hanson@hotmail.com,1968-11-29
Walter,Perez,US,walter.perez@gmail.com,1965-03-20
Sarah,Dawson,CA,sarah.dawson@hotmail.com,1990-01-02
Melissa,Tucker,AU,melissa.tucker@gmail.com,1956-06-07
Melissa,Hampton,CA,melissa.hampton@hotmail.com,1992-12-14
Barbara,Wilson,US,cEv0mGbarbara.wilson@gmail.com,2002-07-23
Jason,Rhodes,GB,jason.rhodes@yahoo.com,1957-01-11
Hailey,Mccall,US,hailey.mccall@hotmail.com,1968-03-19
Tiffany,Reilly,DE,tiffany.reilly@hotmail.com,2008-04-06
Mark,Taylor,US,HkaLdSmark.taylor@yahoo.com,1985-06-14
Gina,Graham,US,gina.graham@hotmail.com,1977-09-05
Anthony,Green,US,anthony.green@gmail.com,1983-12-16
Bruce,Martin,FR,bruce.martin@gmail.com,1985-03-15
Jennifer,James,US,jennifer.james@gmail.com,2003-10-20
Ricky,Munoz,US,ricky.munoz@gmail.com,2002-02-12
Frederick,Adams,CA,frederick.adams@hotmail.com,1957-03-05
David,Brown,US,OOwC9Xdavid.brown@hotmail.com,1977-08-27
Timothy,Knapp,GB,timothy.knapp@yahoo.com,1970-04-02
Cindy,Moore,FR,1VvaaBcindy.moore@gmail.com,1954-05-03
Brian,Lopez,US,brian.lopez@hotmail.com,1952-02-08
Wanda,Novak,GB,wanda.novak@gmail.com,1954-04-11
Robert,Taylor,DE,robert.taylor@hotmail.com,1957-02-17
Alyssa,Miles,US,alyssa.miles@hotmail.com,1974-06-06
Susan,Williams,GB,susan.williams@yahoo.com,1970-01-23
Richard,Swanson,CA,richard.swanson@gmail.com,1998-09-07
Kendra,Davila,US,kendra.davila@gmail.com,1966-04-10
Benjamin,Rice,US,benjamin.rice@yahoo.com,1973-06-26
Joshua,Wallace,CA,joshua.wallace@gmail.com,1950-10-07
Kristin,Garner,US,kristin.garner@yahoo.com,1953-02-05
James,Griffith,CA,james.griffith@hotmail.com,1960-12-16
Charles,Johnson,US,charles.johnson@yahoo.com,1960-03-09
Valerie,Harrington,FR,valerie.harrington@yahoo.com,1952-07-15
Amber,Shepherd,US,amber.shepherd@yahoo.com,1968-04-10
Tina,Dunlap,US,tina.dunlap@hotmail.com,1956-11-08
Natasha,Michael,SE,natasha.michael@yahoo.com,1952-06-20
Charles,Young,AU,charles.young@yahoo.com,1998-04-17
Kevin,Johnson,SE,RAzKehkevin.johnson@gmail.com,1987-06-14
Tara,Thompson,FR,tara.thompson@gmail.com,1978-09-12
Teresa,Martin,US,teresa.martin@yahoo.com,1963-04-23
Angela,Robinson,SE,angela.robinson@hotmail.com,1983-07-14
Lynn,Erickson,GB,lynn.erickson@hotmail.com,1970-05-11
Kathleen,Cruz,GB,kathleen.cruz@gmail.com,2005-03-02
Jennifer,Turner,US,0Avtiujennifer.turner@gmail.com,1994-02-13
Brad,Baird,AU,brad.baird@gmail.com,1951-06-05
Gabriel,Tucker,DE,gabriel.tucker@hotmail.com,1955-10-25
Vincent,Davis,CA,vincent.davis@gmail.com,1987-09-03
Jeffrey,Sanchez,US,jeffrey.sanchez@gmail.com,1998-04-08
Tammy,Stevenson,US,tammy.stevenson@hotmail.com,1996-05-23
Timothy,Dorsey,CA,timothy.dorsey@yahoo.com,1961-11-14
Amanda,Banks,US,amanda.banks@yahoo.com,1955-08-17
Destiny,Griffin,SE,destiny.griffin@yahoo.com,1975-05-29
Kathleen,Carter,DE,kathleen.carter@gmail.com,2003-03-17
Nicole,Finley,CA,nicole.finley@gmail.com,2001-01-03
Samuel,Palmer,US,samuel.palmer@gmail.com,1975-12-08
Jonathan,Galvan,GB,jonathan.galvan@yahoo.com,1958-03-28
Jill,Cameron,US,jill.cameron@gmail.com,1995-10-06
Alicia,Mora,FR,alicia.mora@yahoo.com,1983-02-12
Shawn,Jenkins,US,shawn.jenkins@yahoo.com,2004-05-18
Richard,Robbins,CA,richard.robbins@yahoo.com,2001-09-12
Richard,Jenkins,US,richard.jenkins@hotmail.com,1960-02-02
Daniel,Martinez,SE,k7Jzz6daniel.martinez@hotmail.com,1985-02-23
Sarah,Lewis,NL,sarah.lewis@gmail.com,1975-06-12
Emily,Myers,FR,emily.myers@yahoo.com,1979-05-03
Betty,Powers,US,betty.powers@yahoo.com,2003-09-01
John,Cardenas,CA,john.cardenas@gmail.com,2005-09-09
Tyler,Carter,CA,tyler.carter@yahoo.com,1950-12-06
Jessica,Mitchell,US,jessica.mitchell@yahoo.com,1974-05-03
Troy,Dawson,US,troy.dawson@hotmail.com,1967-09-07
Sherri,Barrett,US,sherri.barrett@yahoo.com,1981-09-30
Catherine,Levine,GB,catherine.levine@yahoo.com,1983-03-19
Walter,Henry,US,walter.henry@yahoo.com,1978-10-24
Shawn,Cummings,CA,shawn.cummings@yahoo.com,2007-01-31
Thomas,Robinson,US,1yLfDfthomas.robinson@gmail.com,1953-09-21
Melissa,Lowe,NL,melissa.lowe@hotmail.com,1951-06-24
Debbie,Rodriguez,GB,debbie.rodriguez@hotmail.com,1988-03-08
Darlene,Robles,AU,darlene.robles@yahoo.com,1973-12-22
Dawn,Hobbs,US,dawn.hobbs@gmail.com,1964-12-21
Melissa,Whitehead,US,melissa.whitehead@hotmail.com,1992-03-27
Randy,Wallace,US,randy.wallace@hotmail.com,1958-11-22
Heather,Dudley,GB,heather.dudley@hotmail.com,1992-10-08
Travis,Strong,FR,travis.strong@yahoo.com,1999-11-07
Melissa,Torres,US,melissa.torres@hotmail.com,2002-07-20
Edward,Carpenter,CA,edward.carpenter@gmail.com,1964-04-08
Patricia,Lewis,US,patricia.lewis@yahoo.com,1994-02-22
Erica,Fowler,CA,erica.fowler@gmail.com,1958-06-29
Alicia,Duran,US,alicia.duran@yahoo.com,1966-05-25
Jeffery,Russell,GB,jeffery.russell@yahoo.com,1967-12-11
Dakota,Perry,US,dakota.perry@yahoo.com,1987-01-14
Christopher,Garner,US,christopher.garner@gmail.com,1971-10-07
Ronald,Flores,CA,ronald.flores@hotmail.com,1964-03-06
Robert,Mueller,US,robert.mueller@gmail.com,2006-07-17
Sierra,Little,DE,sierra.little@gmail.com,1993-04-20
Elizabeth,Adams,DE,elizabeth.adams@gmail.com,1974-11-05
Vicki,Erickson,US,vicki.erickson@gmail.com,1961-03-26
Brandy,Palmer,CA,brandy.palmer@gmail.com,1979-09-09
Brittany,Ho,US,brittany.ho@gmail.com,2001-04-05
Charlotte,Hall,US,charlotte.hall@yahoo.com,2007-01-08
James,Kim,GB,james.kim@gmail.com,1957-11-24
Jordan,Butler,US,jordan.butler@gmail.com,1985-08-31
David,Lopez,US,emsDFgdavid.lopez@gmail.com,1964-11-09
Stephanie,York,DE,stephanie.york@yahoo.com,1963-07-21
Leslie,Quinn,US,leslie.quinn@hotmail.com,1963-03-07
Oscar,Smith,US,oscar.smith@gmail.com,1977-12-12
Sara,Hill,CA,sara.hill@yahoo.com,1988-12-19
Christopher,Woodard,DE,christopher.woodard@hotmail.com,1995-08-22
Kelly,Stein,DE,kelly.stein@gmail.com,1993-06-12
Erik,Brown,US,erik.brown@hotmail.com,2001-12-24
Jeremy,James,US,jeremy.james@hotmail.com,1951-04-03
Stephen,Maynard,CA,stephen.maynard@gmail.com,1977-05-16
Bryan,Perry,US,bryan.perry@gmail.com,1994-07-07
Miranda,Davis,SE,miranda.davis@gmail.com,1967-11-06
Paul,Gonzalez,US,paul.gonzalez@yahoo.com,2006-07-11
Frank,Sharp,CA,frank.sharp@gmail.com,1998-01-21
Megan,Simmons,US,megan.simmons@yahoo.com,1969-10-17
Brad,Chen,US,brad.chen@yahoo.com,1970-04-01
David,Jackson,CA,bTXDNMdavid.jackson@yahoo.com,1967-03-22
Kyle,Macdonald,US,kyle.macdonald@yahoo.com,1984-03-02
Kevin,Martinez,GB,kevin.martinez@hotmail.com,1993-02-05
Edward,Anderson,US,edward.anderson@yahoo.com,1954-03-05
Michael,Montgomery,DE,michael.montgomery@yahoo.com,1964-10-03
Lawrence,Olson,US,lawrence.olson@yahoo.com,1997-07-05
Dustin,Peters,AU,dustin.peters@gmail.com,1965-10-07
Natalie,Munoz,US,natalie.munoz@hotmail.com,1983-07-11
Elaine,Powell,US,elaine.powell@yahoo.com,2005-01-16
Richard,Hayes,US,richard.hayes@gmail.com,1991-01-15
Carolyn,Ruiz,AU,carolyn.ruiz@hotmail.com,1989-10-01
Kathryn,Davis,GB,kathryn.davis@gmail.com,2004-10-19
Dana,Blackburn,GB,dana.blackburn@yahoo.com,1981-03-16
Dean,Daniels,US,dean.daniels@hotmail.com,2007-06-07
William,Jones,US,william.jones@yahoo.com,1976-06-28
Mary,Sheppard,DE,mary.sheppard@gmail.com,1999-10-25
Julie,Lindsey,US,julie.lindsey@hotmail.com,1955-06-17
John,Alvarez,GB,john.alvarez@yahoo.com,1969-12-29
Angela,Strickland,US,angela.strickland@hotmail.com,1966-05-15
Angel,Anderson,US,angel.anderson@yahoo.com,1975-02-23
Tiffany,Harding,US,tiffany.harding@yahoo.com,2005-10-04
Mason,Chen,US,mason.chen@yahoo.com,2003-07-18
Emily,Wade,DE,emily.wade@hotmail.com,1953-12-08
Jeff,Campbell,US,jeff.campbell@gmail.com,1961-04-22
Johnny,Phillips,CA,johnny.phillips@gmail.com,1961-01-16
Kyle,Martinez,US,kyle.martinez@hotmail.com,1988-11-27
Tammy,Richardson,US,tammy.richardson@yahoo.com,1959-03-20
Steven,Jordan,CA,steven.jordan@hotmail.com,1997-09-24
Sheri,Dalton,US,sheri.dalton@yahoo.com,2000-01-04
Matthew,Ryan,CA,matthew.ryan@gmail.com,1990-07-09
James,Martin,CA,james.martin@gmail.com,1952-10-14
Paul,Farrell,AU,paul.farrell@yahoo.com,1970-07-07
Tyler,Fuentes,CA,tyler.fuentes@gmail.com,1997-03-18
Timothy,Campbell,SE,timothy.campbell@yahoo.com,1997-12-01
Michael,Matthews,US,michael.matthews@yahoo.com,1976-11-29
Christopher,Howard,SE,christopher.howard@gmail.com,1962-11-16
Lawrence,Brooks,DE,lawrence.brooks@hotmail.com,1989-10-15
Scott,King,AU,scott.king@yahoo.com,1957-06-09
Kelly,Perez,AU,kelly.perez@hotmail.com,1952-06-30
Nicholas,Hall,CA,nicholas.hall@gmail.com,1963-06-15
Elizabeth,Romero,GB,elizabeth.romero@yahoo.com,2002-09-09
Zachary,Butler,US,zachary.butler@gmail.com,1969-09-29
Bryan,Howard,US,P6LZ7Kbryan.howard@gmail.com,1996-06-01
Cassandra,Nixon,US,cassandra.nixon@gmail.com,1952-01-09
Hunter,Turner,US,hunter.turner@gmail.com,1955-05-03
Erica,Smith,US,erica.smith@gmail.com,1967-07-08
Victoria,Johnson,US,victoria.johnson@gmail.com,1952-07-13
Margaret,Wilson,CA,margaret.wilson@yahoo.com,1980-04-02
Alyssa,Zuniga,US,alyssa.zuniga@gmail.com,1970-02-16
Jeffrey,Hill,SE,jeffrey.hill@gmail.com,1990-06-09
Cindy,Nguyen,AU,cindy.nguyen@hotmail.com,1961-10-23
Cody,Henry,FR,cody.henry@yahoo.com,1967-08-22
Amanda,Robinson,AU,amanda.robinson@gmail.com,1967-09-08
Shannon,Blackburn,US,shannon.blackburn@hotmail.com,1964-03-31
Dale,Gomez,US,dale.gomez@yahoo.com,1998-01-30
Regina,Patterson,US,regina.patterson@yahoo.com,1977-02-22
Marcus,Morrison,DE,marcus.morrison@gmail.com,2006-12-26
David,Burns,CA,david.burns@gmail.com,1967-06-04
Cheryl,Stewart,CA,cheryl.stewart@hotmail.com,1998-11-21
Mary,Harris,US,mary.harris@gmail.com,2003-03-01
Jerry,Glenn,US,jerry.glenn@hotmail.com,1957-04-05
Kimberly,Bailey,FR,kimberly.bailey@yahoo.com,2001-12-01
Tyler,Jones,AU,tyler.jones@hotmail.com,1955-08-21
Kyle,Barnes,US,kyle.barnes@yahoo.com,1984-02-02
Gregg,Stone,US,gregg.stone@yahoo.com,1953-12-15
Shelby,Peterson,CA,shelby.peterson@yahoo.com,1967-03-07
April,Cruz,AU,april.cruz@hotmail.com,1968-06-01
Cassandra,Hendricks,CA,cassandra.hendricks@hotmail.com,1970-11-22
Julie,King,US,julie.king@gmail.com,1982-12-13
Connor,Esparza,CA,connor.esparza@yahoo.com,1959-10-10
Molly,Bowman,US,molly.bowman@gmail.com,1999-03-14
Joan,Diaz,US,joan.diaz@gmail.com,1984-01-31
Lisa,Morris,US,lisa.morris@gmail.com,1974-08-24
Phyllis,Rogers,DE,phyllis.rogers@gmail.com,1969-06-16
Jack,Delacruz,US,jack.delacruz@gmail.com,1953-06-13
Jason,Mcknight,CA,jason.mcknight@gmail.com,1972-12-29
Audrey,Barrera,US,audrey.barrera@hotmail.com,1985-01-09
Barry,Pollard,US,barry.pollard@gmail.com,1977-07-19
David,Sanchez,GB,david.sanchez@hotmail.com,1985-03-02
Brett,Parker,US,brett.parker@gmail.com,1951-02-16
Brittney,Johnson,US,brittney.johnson@yahoo.com,1992-12-10
Marie,Lambert,NL,marie.lambert@yahoo.com,1976-04-24
Steven,Dennis,US,steven.dennis@yahoo.com,2008-05-26
Jennifer,Obrien,US,jennifer.obrien@gmail.com,1958-12-02
Kyle,Boyd,US,kyle.boyd@gmail.com,1952-04-10
Michael,Jones,FR,R3hQ5qmichael.jones@hotmail.com,1981-09-09
James,Bowman,US,james.bowman@yahoo.com,1971-11-15
Linda,Smith,GB,linda.smith@hotmail.com,1987-03-04
Mark,Wright,US,72uuPRmark.wright@yahoo.com,1987-01-06
Colleen,Mercer,US,colleen.mercer@gmail.com,1998-06-01
Ricardo,Palmer,FR,ricardo.palmer@yahoo.com,2000-07-06
Suzanne,Thomas,SE,suzanne.thomas@yahoo.com,1975-01-22
Casey,Moore,CA,casey.moore@hotmail.com,1993-10-20
Tyler,Crane,CA,tyler.crane@gmail.com,2002-11-23
Charles,Warren,CA,charles.warren@yahoo.com,1982-11-23
Michael,Smith,US,tdXrpVmichael.smith@hotmail.com,2002-08-13
Alexander,Scott,NL,alexander.scott@hotmail.com,1959-03-09
Sean,Petersen,US,sean.petersen@yahoo.com,1966-01-31
Carly,Hubbard,US,carly.hubbard@yahoo.com,1986-02-14
Courtney,Young,DE,courtney.young@yahoo.com,1991-08-12
Ruben,Jones,GB,ruben.jones@hotmail.com,2002-12-20
Michelle,Kerr,NL,michelle.kerr@gmail.com,1956-10-06
Christian,Murphy,CA,christian.murphy@gmail.com,1958-08-22
Jennifer,Fox,US,jennifer.fox@gmail.com,2001-09-16
Cynthia,Ortiz,US,cynthia.ortiz@yahoo.com,1961-04-14
Robert,Nunez,DE,robert.nunez@gmail.com,2003-02-20
Wendy,Chapman,FR,wendy.chapman@hotmail.com,1952-04-09
Jamie,Wells,US,jamie.wells@yahoo.com,1975-04-15
Andrew,Morgan,GB,andrew.morgan@yahoo.com,1982-05-14
James,Barnes,US,james.barnes@hotmail.com,1978-09-15
Kristen,Taylor,SE,kristen.taylor@hotmail.com,2002-09-21
Douglas,Cunningham,US,douglas.cunningham@hotmail.com,1999-10-04
Gregory,Johnson,US,gregory.johnson@hotmail.com,1989-12-11
Samuel,Weaver,SE,samuel.weaver@hotmail.com,1960-10-22
Mary,Gonzalez,CA,mary.gonzalez@gmail.com,1982-03-22
Kristi,Gonzalez,AU,kristi.gonzalez@yahoo.com,1993-12-11
David,Alvarez,AU,david.alvarez@yahoo.com,1981-12-14
April,Mitchell,US,april.mitchell@gmail.com,1956-06-22
Eric,Hill,CA,eric.hill@hotmail.com,1971-07-21
James,Donovan,US,james.donovan@hotmail.com,1998-10-08
Alice,Mcknight,CA,alice.mcknight@yahoo.com,1969-10-25
Sean,Reyes,US,sean.reyes@hotmail.com,1952-02-28
Andrew,Barber,CA,andrew.barber@gmail.com,2008-02-23
Jennifer,Peterson,US,jennifer.peterson@gmail.com,1966-04-04
Kenneth,Caldwell,US,kenneth.caldwell@hotmail.com,1953-03-07
Jonathan,Sullivan,US,jonathan.sullivan@gmail.com,1980-05-25
Charles,Smith,AU,nlKUoBcharles.smith@gmail.com,2004-11-11
Jennifer,Johnson,NL,exVwDijennifer.johnson@yahoo.com,1965-02-24
James,Bryan,GB,james.bryan@gmail.com,2000-10-03
Bradley,Adams,CA,bradley.adams@gmail.com,1967-04-30
Paul,Morales,GB,paul.morales@gmail.com,1993-03-16
Christian,Reyes,US,christian.reyes@yahoo.com,1965-04-04
Shawn,Nguyen,AU,shawn.nguyen@yahoo.com,1991-07-10
Kelly,Bryan,US,kelly.bryan@yahoo.com,1976-04-17
Brandon,Smith,US,brandon.smith@hotmail.com,1958-08-12
Betty,Wang,US,betty.wang@hotmail.com,2007-09-20
Kenneth,Liu,US,kenneth.liu@yahoo.com,1982-08-05
Edward,Black,CA,edward.black@hotmail.com,1965-07-30
Marisa,Ryan,CA,marisa.ryan@gmail.com,1984-01-06
Michael,Stevens,US,michael.stevens@hotmail.com,1977-03-04
Julia,Keller,GB,julia.keller@gmail.com,1988-05-05
Tina,Cruz,US,tina.cruz@hotmail.com,1969-05-21
Ebony,Harris,CA,ebony.harris@yahoo.com,1970-09-07
Meghan,Campbell,CA,meghan.campbell@yahoo.com,1998-01-06
Beth,Nguyen,NL,beth.nguyen@yahoo.com,1999-09-20
Angela,Santos,US,angela.santos@gmail.com,1993-02-03
Ronald,Schroeder,US,ronald.schroeder@gmail.com,1994-11-18
Sue,Ruiz,NL,sue.ruiz@hotmail.com,2003-02-11
Christopher,White,NL,8MlOBTchristopher.white@gmail.com,1964-09-19
Natasha,Lee,US,natasha.lee@hotmail.com,1986-04-19
Kevin,Brown,US,kevin.brown@hotmail.com,1989-03-19
Ronald,Johnson,AU,CrVPiBronald.johnson@yahoo.com,1974-03-26
Rebecca,Olson,US,rebecca.olson@gmail.com,2000-06-26
Amber,Jones,US,pVbyNAamber.jones@hotmail.com,1976-09-12
Patricia,Rogers,US,patricia.rogers@yahoo.com,1957-05-09
Rodney,Martin,US,rodney.martin@yahoo.com,1962-04-17
Aaron,Salazar,CA,aaron.salazar@hotmail.com,1950-11-09
Roberto,Bean,US,roberto.bean@yahoo.com,1991-10-25
Rebecca,Thompson,US,5f72YHrebecca.thompson@hotmail.com,1989-01-01
Sharon,Nunez,FR,sharon.nunez@hotmail.com,1971-12-23
Elijah,Cox,AU,elijah.cox@gmail.com,1961-07-18
Christian,Smith,GB,christian.smith@gmail.com,1990-09-20
Brittney,Miller,AU,brittney.miller@gmail.com,2004-09-28
Stephanie,Scott,GB,stephanie.scott@hotmail.com,1972-01-10
George,Martinez,GB,george.martinez@gmail.com,1962-10-10
Joshua,Miranda,US,joshua.miranda@hotmail.com,1956-02-28
Chris,Hernandez,GB,chris.hernandez@gmail.com,1974-03-18
Arthur,Martin,US,arthur.martin@hotmail.com,1980-08-30
Grace,Willis,NL,grace.willis@gmail.com,1986-10-05
Curtis,Mclean,US,curtis.mclean@gmail.com,1951-01-11
Claudia,Smith,US,claudia.smith@gmail.com,1974-01-13
John,Henry,NL,john.henry@hotmail.com,1960-02-05
Michael,Deleon,GB,michael.deleon@gmail.com,2001-04-02
Lisa,Vasquez,GB,lisa.vasquez@gmail.com,1965-06-05
Jennifer,Austin,CA,jennifer.austin@gmail.com,1960-05-30
Amanda,Rodriguez,US,amanda.rodriguez@yahoo.com,1970-02-05
Wayne,Nguyen,US,wayne.nguyen@yahoo.com,2000-09-03
Joshua,Coffey,US,joshua.coffey@gmail.com,2005-09-04
Bianca,White,US,bianca.white@hotmail.com,1985-10-19
Joshua,Graves,CA,joshua.graves@gmail.com,1952-04-27
John,Johnson,US,hf1sFxjohn.johnson@hotmail.com,1988-06-07
Angela,Villarreal,US,angela.villarreal@yahoo.com,1996-08-26
John,Jones,US,LYAsxNjohn.jones@yahoo.com,1972-07-08
Christina,Reynolds,US,christina.reynolds@gmail.com,2007-08-30
William,Hooper,DE,william.hooper@hotmail.com,1956-08-30
Linda,Bowen,FR,linda.bowen@gmail.com,1986-05-03
David,Gregory,DE,david.gregory@gmail.com,1993-08-16
Kevin,Phillips,US,kevin.phillips@hotmail.com,1959-02-07
Marie,Barrett,GB,marie.barrett@yahoo.com,1967-12-08
Andrew,Jackson,NL,andrew.jackson@yahoo.com,1977-12-12
John,Hendricks,NL,john.hendricks@gmail.com,2006-04-12
Jeffery,Price,CA,jeffery.price@yahoo.com,1957-12-20
Dennis,Stanton,US,dennis.stanton@hotmail.com,1970-08-01
Mariah,Ibarra,US,mariah.ibarra@yahoo.com,1978-07-23
David,Miller,CA,4Hkep6david.miller@gmail.com,1999-02-27
Rachel,Camacho,GB,rachel.camacho@gmail.com,1988-10-13
Steven,Zimmerman,CA,steven.zimmerman@yahoo.com,1989-12-09
Rebecca,Lopez,GB,rebecca.lopez@yahoo.com,2002-02-22
Heidi,Castillo,US,heidi.castillo@hotmail.com,1965-06-15
Katherine,Vang,US,katherine.vang@gmail.com,1980-07-03
Michael,Conway,US,michael.conway@yahoo.com,1975-08-24
Michelle,Hughes,AU,michelle.hughes@gmail.com,1963-04-25
Brittany,Gonzales,US,brittany.gonzales@hotmail.com,2006-05-18
Megan,Gonzales,CA,megan.gonzales@hotmail.com,1951-11-28
Justin,Walls,US,justin.walls@gmail.com,1974-12-10
Nicole,Martinez,US,nicole.martinez@yahoo.com,1979-10-14
Edward,Crawford,US,edward.crawford@gmail.com,2000-06-03
Melinda,Moore,US,melinda.moore@yahoo.com,1959-05-16
Aaron,Hayden,US,aaron.hayden@yahoo.com,1965-06-14
Sarah,Garrett,CA,sarah.garrett@hotmail.com,1962-12-08
Stacy,Maxwell,AU,stacy.maxwell@hotmail.com,1973-04-01
Michael,Mayo,US,michael.mayo@yahoo.com,1995-05-26
Edward,Lawson,GB,edward.lawson@yahoo.com,1992-01-10
Kristy,Grant,AU,kristy.grant@gmail.com,1997-04-14
Lance,Jones,CA,lance.jones@gmail.com,2005-06-08
Logan,Atkinson,CA,logan.atkinson@yahoo.com,1980-03-31
Michael,Moore,CA,michael.moore@yahoo.com,1955-04-13
Susan,Andersen,NL,susan.andersen@hotmail.com,1987-08-07
Leslie,Collins,CA,leslie.collins@gmail.com,1979-03-22
Timothy,Knox,FR,timothy.knox@hotmail.com,1979-11-29
Lauren,Tran,AU,lauren.tran@gmail.com,1995-01-23
Heather,Wilson,FR,heather.wilson@gmail.com,1971-02-01
Diana,Bishop,GB,diana.bishop@gmail.com,1988-08-16
Heidi,Charles,FR,heidi.charles@yahoo.com,2004-05-06
Arthur,Allen,US,arthur.allen@yahoo.com,1990-02-19
Theresa,Hunter,AU,theresa.hunter@hotmail.com,1951-09-10
Jill,Gonzales,US,jill.gonzales@hotmail.com,1975-03-09
Theresa,Smith,GB,theresa.smith@yahoo.com,1968-03-15
Christina,Brown,NL,christina.brown@yahoo.com,1954-09-03
Kyle,Hicks,US,kyle.hicks@hotmail.com,1997-02-13
William,Randall,US,william.randall@yahoo.com,2004-06-16
Tyler,Barron,GB,tyler.barron@gmail.com,1975-12-12
Carmen,Hobbs,GB,carmen.hobbs@gmail.com,1970-09-07
Justin,Murray,CA,justin.murray@yahoo.com,1988-05-07
David,Johnson,US,rnd33ldavid.johnson@gmail.com,1964-08-02
Nicole,Leonard,CA,nicole.leonard@hotmail.com,1982-12-15
Amy,Wolf,US,amy.wolf@hotmail.com,2004-04-04
Benjamin,Steele,NL,benjamin.steele@yahoo.com,1958-10-30
Benjamin,Brown,US,benjamin.brown@yahoo.com,1997-06-14
Brian,Martinez,AU,brian.martinez@hotmail.com,1983-06-07
Amanda,Young,US,amanda.young@hotmail.com,1990-06-04
Barbara,Rodriguez,FR,barbara.rodriguez@gmail.com,1977-08-07
Brian,Clayton,US,brian.clayton@yahoo.com,2003-05-31
Matthew,Garrison,SE,matthew.garrison@hotmail.com,1977-10-03
Kimberly,Powell,US,kimberly.powell@gmail.com,1978-12-04
Juan,White,US,juan.white@yahoo.com,2003-08-22
Erin,Todd,US,erin.todd@hotmail.com,1953-09-19
Timothy,Carpenter,AU,timothy.carpenter@yahoo.com,1952-06-04
John,Schmidt,DE,john.schmidt@gmail.com,1984-09-01
Cameron,Banks,CA,cameron.banks@gmail.com,1966-05-31
Paul,Estes,US,paul.estes@gmail.com,1970-10-04
Tracy,Miller,US,tracy.miller@gmail.com,1975-05-10
Elizabeth,Rivera,US,elizabeth.rivera@yahoo.com,1955-07-12
Robin,Curtis,DE,robin.curtis@gmail.com,1979-11-27
Charles,Rollins,GB,charles.rollins@hotmail.com,1993-10-24
Derrick,Castaneda,AU,derrick.castaneda@gmail.com,1990-02-06
Susan,Mcintyre,US,susan.mcintyre@yahoo.com,1974-06-10
Beth,Watson,US,beth.watson@hotmail.com,1978-03-25
Anne,Mcmahon,CA,anne.mcmahon@yahoo.com,1990-12-24
Paula,Yates,CA,paula.yates@gmail.com,2003-04-22
Lori,Burns,CA,lori.burns@hotmail.com,1991-09-21
Christopher,Wilkinson,AU,christopher.wilkinson@gmail.com,1995-08-17
Laura,Archer,US,laura.archer@hotmail.com,1986-06-20
Melissa,Walker,GB,melissa.walker@hotmail.com,1990-10-09
Chelsea,Powell,CA,chelsea.powell@hotmail.com,1988-01-17
Jon,White,US,jon.white@hotmail.com,1993-10-01
Jamie,Robles,US,jamie.robles@yahoo.com,2007-07-12
Sandy,Sanders,US,sandy.sanders@gmail.com,1977-07-10
Margaret,Garcia,GB,margaret.garcia@yahoo.com,1950-10-15
William,Avery,AU,william.avery@hotmail.com,1970-06-15
David,Flores,CA,david.flores@hotmail.com,1974-02-16
Phillip,Smith,US,phillip.smith@hotmail.com,1962-09-11
Krystal,Scott,US,krystal.scott@gmail.com,1952-08-26
Carla,Osborne,US,carla.osborne@hotmail.com,2005-06-15
William,Hart,CA,william.hart@yahoo.com,1964-01-02
Michael,Torres,US,qjgCLimichael.torres@hotmail.com,1985-11-10
Sheri,Carter,AU,sheri.carter@yahoo.com,1981-08-06
Chad,Wallace,CA,chad.wallace@yahoo.com,1987-06-21
Thomas,Bright,US,thomas.bright@hotmail.com,2006-12-31
Sarah,Hebert,CA,sarah.hebert@hotmail.com,2006-03-20
Diane,Lopez,US,diane.lopez@hotmail.com,1982-03-28
Anna,Martin,CA,anna.martin@yahoo.com,1982-05-18
Bobby,Maxwell,FR,bobby.maxwell@yahoo.com,2006-08-24
Adam,Herman,FR,adam.herman@hotmail.com,1979-06-08
Michelle,Reid,CA,michelle.reid@gmail.com,2004-06-04
Marcus,Flowers,NL,marcus.flowers@gmail.com,2002-07-04
Kimberly,Rodriguez,NL,kimberly.rodriguez@gmail.com,1992-06-19
Linda,Nelson,US,linda.nelson@yahoo.com,1959-01-26
Donna,Leonard,US,donna.leonard@yahoo.com,2000-03-22
Mike,Smith,US,mike.smith@yahoo.com,1970-12-25
Frederick,Mitchell,US,frederick.mitchell@hotmail.com,1978-11-11
Catherine,Nelson,GB,catherine.nelson@gmail.com,2001-04-03
Tracy,Phillips,NL,tracy.phillips@hotmail.com,1982-07-30
Charles,Pitts,US,charles.pitts@yahoo.com,1969-09-28
Richard,Ford,US,richard.ford@yahoo.com,1977-04-13
Troy,Vazquez,US,troy.vazquez@hotmail.com,1974-12-31
Gabriel,Marsh,CA,gabriel.marsh@yahoo.com,1978-04-20
Thomas,Carter,US,thomas.carter@hotmail.com,2004-09-06
Michael,Welch,NL,michael.welch@hotmail.com,1972-03-08
Sonya,Padilla,US,sonya.padilla@hotmail.com,1968-05-10
Mary,Daniel,GB,mary.daniel@gmail.com,2001-12-06
Beth,Werner,US,beth.werner@hotmail.com,1982-06-30
Jared,Myers,US,jared.myers@hotmail.com,2005-04-26
Henry,Hammond,CA,henry.hammond@yahoo.com,1996-08-13
Gregory,Sanchez,US,gregory.sanchez@yahoo.com,1991-06-16
Kevin,Jenkins,US,Pd0cObkevin.jenkins@gmail.com,1976-11-30
Jennifer,Chase,AU,FTMVm3jennifer.chase@hotmail.com,1965-08-03
Audrey,Williams,US,audrey.williams@gmail.com,2004-06-27
Sara,Foster,CA,sara.foster@gmail.com,1987-09-28
Robert,Hernandez,GB,xqrWFYrobert.hernandez@hotmail.com,1973-03-29
Mark,Hernandez,SE,mark.hernandez@hotmail.com,1986-07-01
Michael,Nash,US,michael.nash@yahoo.com,1990-10-14
Christy,Love,US,christy.love@yahoo.com,1967-10-01
Christopher,Scott,US,christopher.scott@yahoo.com,1961-05-18
Michele,Obrien,SE,michele.obrien@yahoo.com,2007-02-22
Caleb,Reed,US,caleb.reed@yahoo.com,1983-11-01
Sarah,Colon,US,sarah.colon@yahoo.com,1955-05-20
Robert,Larsen,US,robert.larsen@yahoo.com,2004-05-07
Curtis,Barron,US,curtis.barron@yahoo.com,1999-06-01
Russell,Luna,US,russell.luna@hotmail.com,1959-03-29
Leslie,Pineda,GB,leslie.pineda@gmail.com,2004-06-15
William,Reed,GB,william.reed@hotmail.com,1979-11-25
Christopher,Watts,FR,christopher.watts@gmail.com,1977-11-12
Stephen,Shelton,GB,stephen.shelton@yahoo.com,1956-10-17
Michael,Douglas,GB,LYwbXXmichael.douglas@hotmail.com,1990-12-20
Heather,Wolfe,FR,heather.wolfe@gmail.com,2005-03-19
Cody,Ortiz,SE,cody.ortiz@gmail.com,1976-01-19
Michael,Rivera,GB,michael.rivera@hotmail.com,1971-10-20
Donald,Graham,US,donald.graham@yahoo.com,1999-10-01
Andrea,Green,DE,andrea.green@hotmail.com,1957-10-23
Shane,Johnson,AU,shane.johnson@gmail.com,1956-09-25
Marcus,Potts,US,marcus.potts@hotmail.com,1964-11-28
Elaine,Campbell,CA,elaine.campbell@yahoo.com,1952-09-27
Gary,Hines,GB,gary.hines@gmail.com,2005-09-24
Catherine,Bishop,SE,catherine.bishop@gmail.com,1953-07-21
Albert,Meza,GB,albert.meza@gmail.com,1970-12-21
Linda,Hess,CA,linda.hess@hotmail.com,1984-05-21
Amy,Petersen,AU,amy.petersen@yahoo.com,1954-11-26
John,Scott,US,john.scott@hotmail.com,1980-06-27
Michelle,Cox,US,michelle.cox@hotmail.com,2000-05-08
Zachary,Farmer,CA,zachary.farmer@yahoo.com,1979-09-16
Robert,Johnson,NL,robert.johnson@yahoo.com,1956-08-11
Joseph,Young,US,joseph.young@yahoo.com,1952-09-07
Tammy,Lewis,US,tammy.lewis@hotmail.com,2001-12-22
Alexander,Simmons,DE,alexander.simmons@yahoo.com,1959-08-17
Roger,Bryant,AU,roger.bryant@hotmail.com,1979-02-05
James,Stephens,US,james.stephens@hotmail.com,1994-10-22
Wyatt,Shepard,CA,wyatt.shepard@hotmail.com,2003-03-24
Jonathan,Stanley,US,jonathan.stanley@yahoo.com,1997-10-07
Anne,Stone,AU,anne.stone@yahoo.com,1954-05-12
Jesus,Jones,FR,jesus.jones@gmail.com,1970-06-24
Robert,Hernandez,US,1Lf6LXrobert.hernandez@hotmail.com,1966-07-30
Tara,Santos,US,tara.santos@yahoo.com,1994-09-02
Lauren,Green,AU,lauren.green@gmail.com,1953-03-03
Antonio,Bates,AU,antonio.bates@gmail.com,1954-01-29
Valerie,Barnett,US,valerie.barnett@hotmail.com,1962-06-19
David,Simpson,DE,david.simpson@hotmail.com,1950-10-31
Kristin,Zhang,US,kristin.zhang@yahoo.com,1962-07-18
Jessica,Alexander,US,jessica.alexander@yahoo.com,1962-12-01
Todd,Walker,US,todd.walker@gmail.com,1955-04-04
Madison,Carter,GB,madison.carter@gmail.com,1963-10-01
William,Duncan,US,william.duncan@gmail.com,1985-04-25
Kyle,Leonard,CA,kyle.leonard@gmail.com,1963-08-23
Adam,Austin,US,adam.austin@hotmail.com,2002-05-22
Eduardo,Clark,US,eduardo.clark@yahoo.com,1966-06-17
Michael,Mcdowell,US,michael.mcdowell@gmail.com,1980-09-21
Marcia,Frank,US,marcia.frank@hotmail.com,1985-10-14
Douglas,Shepherd,US,douglas.shepherd@hotmail.com,1998-07-17
Robin,Burnett,US,robin.burnett@gmail.com,1962-06-29
Maria,Smith,US,maria.smith@yahoo.com,2004-10-18
Ronald,Watson,CA,ronald.watson@gmail.com,1984-09-10
Melanie,Camacho,DE,melanie.camacho@hotmail.com,2003-11-24
Kelly,Smith,CA,kelly.smith@hotmail.com,1996-09-06
Gail,Johnson,AU,gail.johnson@hotmail.com,1956-03-11
Phillip,Bowman,US,phillip.bowman@yahoo.com,1981-12-05
James,Austin,CA,james.austin@gmail.com,1958-09-18
Joel,Mitchell,US,joel.mitchell@hotmail.com,1979-09-04
Michael,Moore,CA,michael.moore@gmail.com,1961-01-23
Molly,Murphy,US,molly.murphy@gmail.com,1987-12-02
Nicole,Austin,US,nicole.austin@hotmail.com,1968-05-28
Tanner,Russell,GB,tanner.russell@yahoo.com,1985-07-02
Meghan,Kramer,AU,meghan.kramer@hotmail.com,1966-08-15
Teresa,Hudson,US,teresa.hudson@yahoo.com,1978-03-01
Andrew,Perry,US,andrew.perry@hotmail.com,1980-10-04
Robert,Moore,US,1hFdBDrobert.moore@hotmail.com,1998-02-11
David,Benitez,US,david.benitez@gmail.com,1980-10-11
Kayla,Mccoy,GB,kayla.mccoy@yahoo.com,1987-10-18
Ashley,Lee,US,ashley.lee@hotmail.com,1958-08-22
Daniel,Lopez,US,daniel.lopez@gmail.com,1996-10-22
Heather,Miller,US,8Ohicnheather.miller@yahoo.com,1988-09-22
Paul,Porter,US,paul.porter@hotmail.com,1976-11-04
Brittany,Smith,AU,brittany.smith@yahoo.com,1994-01-23
Brianna,Gonzalez,NL,brianna.gonzalez@hotmail.com,1965-05-21
Michael,Cabrera,US,michael.cabrera@gmail.com,1976-02-25
William,Pearson,US,william.pearson@yahoo.com,1960-04-13
Amy,Taylor,CA,amy.taylor@hotmail.com,2004-02-13
Randy,Griffin,US,randy.griffin@yahoo.com,2003-12-20
Daniel,Jones,DE,MravIHdaniel.jones@hotmail.com,1960-09-30
Alan,Hughes,CA,alan.hughes@gmail.com,1952-01-16
Elizabeth,Hinton,FR,elizabeth.hinton@gmail.com,1993-02-11
Lauren,Herring,NL,lauren.herring@yahoo.com,1966-12-16
Nancy,Singh,US,nancy.singh@yahoo.com,1994-09-21
Laura,Colon,NL,laura.colon@yahoo.com,1999-11-24
Frank,Lewis,CA,frank.lewis@hotmail.com,1975-02-18
Jillian,Humphrey,AU,jillian.humphrey@gmail.com,1968-09-04
Monica,Adams,NL,monica.adams@gmail.com,1975-06-20
Kelsey,Davis,AU,kelsey.davis@yahoo.com,1972-01-31
Jennifer,Gallegos,FR,jennifer.gallegos@yahoo.com,1954-09-03
Phillip,Russell,DE,phillip.russell@yahoo.com,1989-08-20
Anthony,Love,US,anthony.love@gmail.com,1986-04-03
Charles,Mcclure,FR,mHF5zEcharles.mcclure@hotmail.com,1982-06-27
Joseph,Johns,NL,joseph.johns@yahoo.com,1997-04-16
Kimberly,Harris,US,kimberly.harris@yahoo.com,1982-04-04
Nancy,Moss,GB,nancy.moss@gmail.com,1989-06-18
Mary,Brown,AU,Ig9S5nmary.brown@hotmail.com,1988-11-16
David,Gentry,CA,david.gentry@yahoo.com,1993-10-27
Preston,Haas,AU,preston.haas@yahoo.com,1972-10-29
Douglas,Hodges,US,douglas.hodges@yahoo.com,1988-02-12
Jennifer,Anderson,US,jennifer.anderson@yahoo.com,2003-02-20
Tiffany,Wilson,US,tiffany.wilson@gmail.com,1955-07-04
Guy,Knapp,US,guy.knapp@hotmail.com,1955-12-13
Sarah,Jackson,US,sarah.jackson@yahoo.com,1982-02-20
Thomas,Cross,US,thomas.cross@hotmail.com,1966-07-01
Angelica,Kelley,US,angelica.kelley@gmail.com,1997-02-14
Brittney,Silva,US,brittney.silva@yahoo.com,1977-06-30
David,Bailey,US,david.bailey@yahoo.com,1997-06-25
Raymond,Potter,US,raymond.potter@yahoo.com,1963-11-27
Daniel,Hernandez,US,n0eVNhdaniel.hernandez@gmail.com,1963-11-09
Steven,Alexander,NL,steven.alexander@hotmail.com,1960-11-17
Cameron,King,US,cameron.king@hotmail.com,1957-04-24
Hector,King,DE,hector.king@yahoo.com,1958-02-27
Jesse,Barnes,SE,jesse.barnes@hotmail.com,1966-07-01
Isaac,Bryant,GB,isaac.bryant@hotmail.com,1955-12-15
Thomas,Hutchinson,US,thomas.hutchinson@hotmail.com,1999-06-09
Justin,Cox,FR,justin.cox@yahoo.com,1958-08-02
Amanda,Aguilar,US,amanda.aguilar@yahoo.com,1980-10-25
Jessica,Johnson,DE,T7jpZ5jessica.johnson@yahoo.com,1953-04-17
Troy,Mullins,CA,troy.mullins@gmail.com,1989-02-05
Michael,Smith,DE,ULsj0rmichael.smith@yahoo.com,1995-04-15
Paul,Brock,GB,paul.brock@yahoo.com,1964-01-14
Dorothy,Anderson,FR,dorothy.anderson@gmail.com,2002-10-24
Joseph,Edwards,CA,joseph.edwards@gmail.com,2001-07-31
Mark,Cain,GB,mark.cain@yahoo.com,1987-06-25
Jesse,Figueroa,US,jesse.figueroa@gmail.com,1981-06-21
Karen,Flores,US,karen.flores@hotmail.com,1969-05-16
Mitchell,Vasquez,FR,mitchell.vasquez@gmail.com,1964-10-21
James,Marks,DE,james.marks@gmail.com,1961-07-02
John,Santos,NL,john.santos@yahoo.com,1953-04-22
Megan,Bauer,AU,megan.bauer@hotmail.com,1957-08-27
Justin,Martinez,US,justin.martinez@gmail.com,1968-05-04
Sylvia,Sandoval,AU,sylvia.sandoval@hotmail.com,1953-04-08
Christina,Gray,GB,christina.gray@yahoo.com,1991-12-24
Michael,Williams,US,E7CeyJmichael.williams@gmail.com,1986-06-24
Ashley,Bennett,DE,ashley.bennett@gmail.com,1991-07-16
Alexander,Barnes,US,alexander.barnes@gmail.com,2008-03-21
Trevor,Cobb,GB,trevor.cobb@hotmail.com,1982-07-16
Derek,Estrada,FR,derek.estrada@yahoo.com,1989-08-10
Christopher,Perry,FR,christopher.perry@gmail.com,1991-08-02
Misty,Rose,FR,misty.rose@hotmail.com,1967-05-02
Stephen,Berg,US,stephen.berg@hotmail.com,1956-06-07
Jeremy,Moore,SE,jeremy.moore@hotmail.com,2001-08-16
Jeffrey,Campbell,DE,jeffrey.campbell@yahoo.com,1984-11-04
Gerald,Mccarthy,CA,gerald.mccarthy@hotmail.com,1971-01-12
Ann,Howard,FR,ann.howard@gmail.com,1951-04-23
Stephen,Martin,GB,stephen.martin@yahoo.com,2003-12-24
James,Nelson,US,9gIkM6james.nelson@hotmail.com,1986-06-09
Joanna,Garcia,FR,joanna.garcia@yahoo.com,1994-12-21
Emily,Murphy,NL,emily.murphy@yahoo.com,2005-04-11
Regina,Jones,FR,regina.jones@yahoo.com,1965-09-22
Erik,Kelly,US,erik.kelly@hotmail.com,1984-03-06
Michael,Clark,US,michael.clark@gmail.com,1986-12-31
Matthew,Lee,US,matthew.lee@gmail.com,1988-01-24
Willie,Rogers,FR,willie.rogers@hotmail.com,2008-01-31
James,Parks,US,james.parks@hotmail.com,1998-02-14
Wendy,Oneill,CA,wendy.oneill@hotmail.com,1992-11-26
John,Mathis,CA,john.mathis@yahoo.com,1959-05-09
George,Obrien,CA,george.obrien@yahoo.com,1984-10-11
Carmen,Mcpherson,US,carmen.mcpherson@gmail.com,2003-06-26
Joseph,Jackson,AU,joseph.jackson@yahoo.com,1989-11-12
Jade,Harris,US,jade.harris@hotmail.com,1983-03-11
Melissa,Freeman,CA,melissa.freeman@yahoo.com,1971-06-08
Keith,Hernandez,FR,keith.hernandez@yahoo.com,1973-12-31
Brian,Turner,GB,brian.turner@hotmail.com,1986-01-29
Jessica,Munoz,CA,jessica.munoz@gmail.com,1950-06-16
Erik,Avila,AU,erik.avila@gmail.com,2002-09-13
Tonya,Torres,US,tonya.torres@yahoo.com,2000-03-31
Lauren,Mendez,US,lauren.mendez@gmail.com,1988-07-15
Misty,Smith,CA,misty.smith@hotmail.com,1987-04-05
Julian,Henderson,FR,julian.henderson@gmail.com,1998-11-26
Alexandria,Davidson,US,alexandria.davidson@yahoo.com,1977-01-12
Nicole,Hunter,AU,nicole.hunter@yahoo.com,1962-12-15
Scott,Reed,US,scott.reed@yahoo.com,1956-03-11
Matthew,Bell,CA,matthew.bell@hotmail.com,1988-01-04
Sarah,Morales,DE,sarah.morales@hotmail.com,1981-07-05
Curtis,Conley,CA,curtis.conley@gmail.com,1987-09-27
Ricky,Koch,GB,ricky.koch@yahoo.com,1990-04-07
Ryan,Miller,US,qTx45Yryan.miller@yahoo.com,1968-06-30
Jessica,Marsh,US,jessica.marsh@hotmail.com,1994-03-23
Krista,Mckenzie,AU,krista.mckenzie@hotmail.com,1990-12-23
Brandon,Friedman,CA,brandon.friedman@hotmail.com,1989-11-12
Sandra,Dudley,US,sandra.dudley@yahoo.com,1977-07-31
Stephen,Crawford,US,stephen.crawford@hotmail.com,1965-06-20
Joseph,Bowers,US,joseph.bowers@gmail.com,1973-01-28
Alexandria,Lee,US,alexandria.lee@hotmail.com,1975-12-14
Diane,Anderson,CA,diane.anderson@gmail.com,1985-12-17
Mathew,Woods,US,mathew.woods@hotmail.com,1958-03-27
Rachel,Holloway,US,rachel.holloway@hotmail.com,1973-09-18
Lindsey,Bailey,CA,lindsey.bailey@hotmail.com,1978-01-15
Lauren,Wells,US,lauren.wells@hotmail.com,1993-12-19
Joseph,Garcia,US,joseph.garcia@gmail.com,1999-07-10
Jennifer,Espinoza,AU,jennifer.espinoza@yahoo.com,1993-01-29
Seth,Cole,US,seth.cole@hotmail.com,1974-01-02
David,Howard,FR,david.howard@hotmail.com,2007-01-10
Ian,Gonzalez,CA,ian.gonzalez@hotmail.com,2003-04-13
Stephen,Henry,US,stephen.henry@yahoo.com,1983-08-30
Julie,Harrington,US,julie.harrington@yahoo.com,1977-10-02
Tiffany,Chapman,AU,tiffany.chapman@yahoo.com,1985-04-14
Ivan,Smith,CA,ivan.smith@hotmail.com,1993-11-13
Charles,Williams,US,charles.williams@yahoo.com,2005-11-02
Jennifer,Ramirez,CA,jennifer.ramirez@gmail.com,1969-06-14
Craig,Scott,US,craig.scott@yahoo.com,1973-06-30
Jennifer,Jackson,GB,jennifer.jackson@hotmail.com,1952-03-30
Timothy,Davidson,GB,timothy.davidson@yahoo.com,1989-12-06
Kevin,Owens,FR,kevin.owens@gmail.com,1980-05-27
Amanda,James,US,amanda.james@gmail.com,1981-05-25
David,Huffman,DE,david.huffman@hotmail.com,1979-02-08
Jack,Black,US,jack.black@hotmail.com,1988-09-17
Taylor,Tanner,US,taylor.tanner@yahoo.com,1958-07-01
Mark,Adkins,US,mark.adkins@yahoo.com,1979-06-10
Jerry,Thompson,CA,jerry.thompson@yahoo.com,1977-03-21
Megan,Foster,CA,megan.foster@hotmail.com,1960-06-02
Hannah,Torres,US,hannah.torres@yahoo.com,2006-01-24
Samantha,Wilkinson,US,samantha.wilkinson@gmail.com,2000-05-23
Steven,Chase,US,steven.chase@gmail.com,1958-01-31
Karla,Meyer,US,karla.meyer@hotmail.com,1991-01-25
Caleb,Hawkins,US,caleb.hawkins@gmail.com,1994-07-09
Sonia,Crawford,CA,sonia.crawford@gmail.com,2002-06-09
Glenn,Castro,GB,glenn.castro@gmail.com,1960-10-09
Katherine,Hardin,US,katherine.hardin@hotmail.com,2003-07-25
Renee,Payne,CA,renee.payne@hotmail.com,1966-08-16
Paula,Davis,CA,paula.davis@gmail.com,1998-12-28
Diana,Peck,CA,diana.peck@hotmail.com,1983-11-02
Mariah,Wilson,AU,mariah.wilson@hotmail.com,1996-08-07
Daniel,Dominguez,US,daniel.dominguez@yahoo.com,1993-05-16
Michael,Murray,US,michael.murray@yahoo.com,1962-03-24
Danny,Clayton,CA,danny.clayton@hotmail.com,1972-09-04
Joshua,Clark,CA,joshua.clark@hotmail.com,1962-12-28
Jay,Smith,US,jay.smith@yahoo.com,1998-11-21
Christine,Walter,FR,christine.walter@gmail.com,1974-05-05
Jennifer,Melton,AU,jennifer.melton@hotmail.com,1984-01-14
Susan,Walsh,US,susan.walsh@gmail.com,2002-08-19
Jacob,Ayala,GB,jacob.ayala@yahoo.com,1999-02-19
Leonard,Johnson,CA,leonard.johnson@yahoo.com,1966-11-21
Daniel,Kelley,US,daniel.kelley@yahoo.com,1964-08-03
Ronald,Mack,NL,ronald.mack@yahoo.com,1963-12-23
Ashlee,West,US,ashlee.west@hotmail.com,1966-01-06
Brianna,Clark,AU,brianna.clark@gmail.com,1995-05-19
Tim,Hays,US,tim.hays@yahoo.com,1985-01-19
Kevin,Gomez,GB,kevin.gomez@gmail.com,1961-07-01
Christopher,Hanson,DE,christopher.hanson@gmail.com,1962-08-19
Kayla,Murphy,US,kayla.murphy@hotmail.com,1969-09-28
Kelly,Greer,US,kelly.greer@yahoo.com,1974-08-23
Rhonda,Khan,US,rhonda.khan@yahoo.com,1993-01-05
Chelsea,Garcia,US,chelsea.garcia@gmail.com,1977-12-08
David,Brown,US,david.brown@yahoo.com,1954-12-25
David,Jackson,AU,david.jackson@gmail.com,1983-02-19
Shane,Hall,DE,shane.hall@hotmail.com,1973-11-16
Lauren,Lin,GB,lauren.lin@hotmail.com,1999-08-06
Lance,Murillo,CA,lance.murillo@hotmail.com,1976-01-16
Cathy,Willis,CA,cathy.willis@yahoo.com,1978-06-01
Cheryl,Sanchez,FR,cheryl.sanchez@gmail.com,1963-04-07
Rick,Cline,FR,rick.cline@hotmail.com,1981-01-25
Lori,Mcdonald,CA,lori.mcdonald@yahoo.com,1953-11-24
Madison,Williams,US,madison.williams@yahoo.com,1961-07-05
Kimberly,Brown,AU,kimberly.brown@gmail.com,2001-02-12
Tyler,Washington,US,tyler.washington@gmail.com,2000-12-16
Jacqueline,Velasquez,SE,jacqueline.velasquez@yahoo.com,1970-12-07
John,Calderon,CA,john.calderon@gmail.com,2005-08-01
Erin,Warren,US,erin.warren@yahoo.com,1986-05-08
Karina,Smith,DE,karina.smith@hotmail.com,1965-04-19
Regina,Brewer,CA,regina.brewer@gmail.com,1956-04-29
Julian,Wright,CA,julian.wright@yahoo.com,1976-04-23
David,Jones,DE,david.jones@gmail.com,1963-04-26
Tyler,Martin,US,tyler.martin@yahoo.com,1967-08-06
Cody,Montgomery,US,cody.montgomery@hotmail.com,2000-11-18
Nicholas,Jones,GB,nicholas.jones@gmail.com,1974-05-20
Tim,Burns,GB,tim.burns@gmail.com,2004-11-01
April,Baker,US,april.baker@yahoo.com,1965-11-13
Amy,Hernandez,CA,amy.hernandez@gmail.com,1989-04-23
Julie,Francis,US,julie.francis@yahoo.com,1975-07-28
Kirk,Russell,CA,kirk.russell@gmail.com,1999-05-28
Daniel,Allen,SE,pYVl1rdaniel.allen@hotmail.com,1985-10-24
Tammy,Salinas,NL,tammy.salinas@hotmail.com,2001-12-02
Richard,Parks,US,richard.parks@hotmail.com,1996-12-31
Susan,Pham,CA,susan.pham@yahoo.com,1954-11-28
Melissa,Love,GB,melissa.love@yahoo.com,1982-07-04
Tina,Martin,AU,tina.martin@yahoo.com,2001-12-10
Spencer,Calderon,AU,spencer.calderon@yahoo.com,1970-09-07
Jackie,Martinez,US,jackie.martinez@hotmail.com,1957-07-07
Erica,Ho,DE,erica.ho@hotmail.com,1962-08-26
Shelly,Burns,US,shelly.burns@yahoo.com,1994-03-08
Vanessa,Valdez,CA,vanessa.valdez@hotmail.com,1958-06-13
Ashley,Nguyen,US,ashley.nguyen@yahoo.com,1976-09-17
Christine,Cortez,CA,christine.cortez@yahoo.com,1973-11-23
Margaret,Ford,US,margaret.ford@yahoo.com,1965-12-08
Jason,Ochoa,NL,jason.ochoa@hotmail.com,1972-03-20
Steven,Austin,US,steven.austin@hotmail.com,2004-07-09
Dan,Dunn,US,dan.dunn@hotmail.com,1965-11-13
John,Scott,AU,john.scott@gmail.com,1982-06-15
Alexander,Lewis,US,alexander.lewis@hotmail.com,1997-09-07
Walter,Brown,GB,walter.brown@gmail.com,1955-05-25
Christine,Phelps,GB,christine.phelps@yahoo.com,1986-05-08
Jesse,Bush,GB,jesse.bush@yahoo.com,1992-05-12
Dylan,Leblanc,DE,dylan.leblanc@hotmail.com,1966-07-02
Alexis,Wright,AU,alexis.wright@yahoo.com,1985-07-06
Adam,Salinas,US,adam.salinas@yahoo.com,1984-08-18
Donald,Bonilla,DE,donald.bonilla@gmail.com,2003-05-09
Molly,Brown,CA,molly.brown@gmail.com,1952-07-17
Derrick,Murphy,US,derrick.murphy@gmail.com,1993-11-14
Jill,Nelson,US,jill.nelson@hotmail.com,1975-12-14
Anna,Anderson,US,anna.anderson@hotmail.com,1993-04-29
Sean,Wilson,GB,sean.wilson@gmail.com,1989-05-04
Tina,James,US,tina.james@yahoo.com,1951-11-23
Victor,Price,DE,victor.price@yahoo.com,1990-08-30
Brittany,Green,US,brittany.green@yahoo.com,1964-09-11
Belinda,Baker,US,belinda.baker@hotmail.com,1954-02-24
Matthew,Sullivan,US,LWolUcmatthew.sullivan@hotmail.com,1981-02-05
Dale,Wilson,GB,dale.wilson@yahoo.com,1954-04-10
Susan,Bass,GB,susan.bass@gmail.com,1950-12-08
Aaron,Durham,US,aaron.durham@yahoo.com,1960-01-28
Joseph,Malone,AU,joseph.malone@hotmail.com,1957-09-21
Jessica,Jones,US,jEvHHIjessica.jones@yahoo.com,1997-01-18
Sharon,Leon,AU,sharon.leon@hotmail.com,1989-09-24
Kevin,Ortiz,DE,kevin.ortiz@yahoo.com,1959-05-03
Anna,Turner,FR,anna.turner@yahoo.com,1964-09-12
Chelsea,Le,US,chelsea.le@yahoo.com,1994-05-05
Linda,Melendez,US,linda.melendez@gmail.com,1965-07-08
Kevin,Chapman,CA,SVqdnIkevin.chapman@yahoo.com,1984-06-06
Michelle,Welch,US,ktEUm9michelle.welch@yahoo.com,1981-11-08
Anthony,Little,US,anthony.little@gmail.com,2002-12-29
Allison,Brown,US,allison.brown@hotmail.com,1965-10-10
Steven,Aguilar,US,steven.aguilar@yahoo.com,1990-03-22
Melinda,Strong,GB,melinda.strong@yahoo.com,1999-12-05
David,Wilkins,US,david.wilkins@yahoo.com,1953-11-12
Ryan,Montgomery,NL,ryan.montgomery@hotmail.com,1980-09-07
Krista,Braun,AU,krista.braun@gmail.com,1988-09-24
Rebecca,Daniels,US,rebecca.daniels@hotmail.com,1978-03-05
Steven,Archer,US,steven.archer@yahoo.com,2007-05-20
Billy,Mckay,CA,billy.mckay@hotmail.com,1955-11-14
Christina,Fox,US,christina.fox@hotmail.com,1977-07-01
Yvonne,Garcia,DE,yvonne.garcia@hotmail.com,2001-09-19
Zachary,Taylor,NL,zachary.taylor@hotmail.com,1957-08-01
Benjamin,Valdez,US,benjamin.valdez@yahoo.com,1999-08-04
Christopher,Mata,GB,christopher.mata@hotmail.com,1986-07-26
Kayla,Gregory,US,kayla.gregory@yahoo.com,2003-11-06
Rebecca,Clark,AU,rebecca.clark@hotmail.com,1986-10-29
Rebecca,Long,US,rebecca.long@gmail.com,1966-05-02
Christopher,Jackson,US,christopher.jackson@yahoo.com,1985-07-01
Erin,Moore,CA,erin.moore@yahoo.com,1961-04-29
Patricia,Sparks,US,patricia.sparks@hotmail.com,1959-08-05
Gabriel,Herrera,US,gabriel.herrera@gmail.com,2004-04-29
Mike,Haynes,CA,mike.haynes@gmail.com,1968-01-29
Cody,Mcconnell,CA,cody.mcconnell@gmail.com,1999-06-07
Stacey,Savage,CA,stacey.savage@gmail.com,1970-07-17
Michelle,Boyd,US,michelle.boyd@gmail.com,2006-07-05
Monica,Ford,AU,monica.ford@gmail.com,1954-06-21
Amanda,Holland,US,amanda.holland@yahoo.com,1992-09-03
Corey,Mahoney,GB,corey.mahoney@hotmail.com,1964-04-03
John,Jones,US,rojQ04john.jones@yahoo.com,2004-05-25
Elizabeth,Curry,US,elizabeth.curry@hotmail.com,1983-02-13
Joseph,Barber,CA,joseph.barber@gmail.com,1958-07-19
Eric,Matthews,US,eric.matthews@yahoo.com,2002-10-25
Brian,Hayes,CA,brian.hayes@gmail.com,1973-08-20
Darryl,Harris,US,darryl.harris@gmail.com,1950-09-13
Meghan,Andersen,US,meghan.andersen@yahoo.com,1977-11-28
Jeremy,Cruz,AU,jeremy.cruz@yahoo.com,1957-07-02
Lori,Lloyd,AU,lori.lloyd@gmail.com,1952-05-18
Jason,Allen,GB,jason.allen@hotmail.com,1980-06-26
Susan,Clark,US,susan.clark@gmail.com,2006-01-21
Nicholas,Pearson,US,nicholas.pearson@yahoo.com,1988-07-11
Cheryl,Stevens,US,cheryl.stevens@gmail.com,1985-06-13
Mary,Johnson,GB,mary.johnson@hotmail.com,1960-12-02
David,Miller,US,qCDPk5david.miller@yahoo.com,1974-01-04
Diane,Keller,US,diane.keller@hotmail.com,1993-01-15
Jessica,Rodriguez,DE,jessica.rodriguez@yahoo.com,2001-07-12
Tammy,Chambers,US,tammy.chambers@yahoo.com,1952-04-09
James,Patterson,US,james.patterson@yahoo.com,1978-09-14
Rebecca,Williamson,CA,rebecca.williamson@yahoo.com,1956-09-10
Jenny,Ramos,DE,jenny.ramos@hotmail.com,1990-10-10
Natalie,Crosby,CA,natalie.crosby@yahoo.com,1981-01-11
Linda,Martinez,US,linda.martinez@hotmail.com,1974-07-15
Amy,Ramirez,US,amy.ramirez@yahoo.com,1970-10-11
Derek,Jensen,CA,derek.jensen@yahoo.com,1962-10-02
Jamie,Meyers,US,jamie.meyers@gmail.com,1976-05-30
James,Ochoa,US,james.ochoa@yahoo.com,1983-02-09
Jade,Larson,US,jade.larson@hotmail.com,1974-12-19
Rebecca,Mcdaniel,US,rebecca.mcdaniel@gmail.com,1962-07-14
David,Gonzalez,US,david.gonzalez@yahoo.com,1996-11-17
Jennifer,Carlson,US,jennifer.carlson@hotmail.com,1975-03-28
David,Bailey,FR,david.bailey@gmail.com,1978-03-22
Kelly,Yang,US,kelly.yang@hotmail.com,1986-01-10
Denise,Roman,DE,denise.roman@gmail.com,1984-12-05
Kevin,Morris,FR,kevin.morris@hotmail.com,1981-04-15
Joseph,Thomas,US,joseph.thomas@yahoo.com,1953-07-11
Gabriel,Coleman,US,gabriel.coleman@gmail.com,1968-07-07
Theresa,Vaughn,US,theresa.vaughn@gmail.com,1954-08-25
Charles,Jenkins,US,charles.jenkins@yahoo.com,1988-08-27
Andrew,Cunningham,US,andrew.cunningham@yahoo.com,1985-04-20
Robert,Howard,US,robert.howard@hotmail.com,2001-11-05
Vanessa,Yu,US,vanessa.yu@hotmail.com,1977-07-19
Amy,Lawson,CA,amy.lawson@yahoo.com,1956-06-30
Gregory,Smith,US,wAIXulgregory.smith@yahoo.com,1976-06-16
Andrea,Clark,CA,andrea.clark@gmail.com,1992-03-28
Lindsay,Garcia,US,lindsay.garcia@yahoo.com,1980-12-26
Stephanie,Brandt,NL,stephanie.brandt@yahoo.com,2006-12-07
Barbara,Glenn,US,barbara.glenn@yahoo.com,1992-06-29
Paul,Smith,GB,cm0Ci5paul.smith@hotmail.com,1985-06-07
David,Porter,US,david.porter@gmail.com,2001-08-04
Mary,Miller,US,VIyOHvmary.miller@gmail.com,1955-02-28
Jeffrey,Hodge,US,jeffrey.hodge@hotmail.com,2003-11-23
Tammie,Kennedy,AU,tammie.kennedy@gmail.com,1964-03-22
Kim,Duarte,CA,kim.duarte@gmail.com,1988-08-21
Frederick,King,CA,frederick.king@yahoo.com,1975-10-17
Emily,Thomas,GB,emily.thomas@gmail.com,1967-05-24
Cheyenne,Pearson,US,cheyenne.pearson@yahoo.com,1961-12-25
Erin,Smith,SE,erin.smith@yahoo.com,1971-12-04
John,Obrien,US,john.obrien@gmail.com,1982-09-05
Emily,Pena,CA,emily.pena@yahoo.com,1992-05-01
Leonard,Martinez,US,leonard.martinez@hotmail.com,2003-08-07
Joe,Perez,GB,joe.perez@gmail.com,1985-05-05
Jeremy,Gordon,US,jeremy.gordon@yahoo.com,2000-03-18
Michael,Jacobs,GB,michael.jacobs@yahoo.com,1963-01-21
Lisa,Perkins,FR,lisa.perkins@yahoo.com,1993-11-02
Patrick,Ward,FR,patrick.ward@yahoo.com,2006-02-19
Shawna,Thornton,FR,shawna.thornton@gmail.com,2003-11-24
Samantha,Nguyen,US,samantha.nguyen@yahoo.com,1960-03-03
Haley,Miller,CA,haley.miller@gmail.com,1971-07-12
Charles,Stanley,DE,charles.stanley@gmail.com,1991-08-23
Christopher,Larsen,US,christopher.larsen@yahoo.com,1956-02-14
Sarah,Tucker,US,sarah.tucker@hotmail.com,2001-09-21
Keith,Maynard,NL,keith.maynard@hotmail.com,1974-05-16
Tina,Chambers,AU,tina.chambers@yahoo.com,1977-01-05
Suzanne,Simmons,CA,suzanne.simmons@hotmail.com,1981-07-23
Michelle,Rasmussen,CA,michelle.rasmussen@gmail.com,1986-09-12
Jose,Pierce,US,jose.pierce@yahoo.com,1964-01-05
Kim,Petty,FR,kim.petty@hotmail.com,1965-07-14
Gloria,Williams,CA,gloria.williams@hotmail.com,1951-09-05
Jacob,Haas,AU,jacob.haas@gmail.com,1961-01-20
Robert,Woods,US,robert.woods@hotmail.com,1971-09-02
Thomas,Carter,US,thomas.carter@yahoo.com,1978-09-08
Cynthia,Vargas,FR,cynthia.vargas@gmail.com,1975-02-07
Kyle,Ferrell,US,kyle.ferrell@yahoo.com,2000-06-06
Tammy,Rivera,DE,tammy.rivera@gmail.com,1997-05-10
Douglas,Li,US,douglas.li@hotmail.com,1983-06-24
Jessica,Pitts,US,jessica.pitts@yahoo.com,2008-02-03
Jason,Garza,CA,jason.garza@yahoo.com,1986-04-11
Russell,Clark,US,russell.clark@hotmail.com,1960-03-16
Jody,Riley,DE,jody.riley@gmail.com,1980-01-12
Julie,Miller,CA,julie.miller@yahoo.com,1967-09-03
Sarah,Colon,US,sarah.colon@gmail.com,2007-07-17
James,Craig,GB,james.craig@hotmail.com,1958-07-30
Michael,Hensley,NL,michael.hensley@yahoo.com,1998-02-13
Jeffrey,Thornton,US,jeffrey.thornton@hotmail.com,1988-08-07
Eugene,Jackson,US,eugene.jackson@gmail.com,1988-03-24
Tiffany,Beck,NL,tiffany.beck@gmail.com,1994-09-26
Brian,Gonzales,AU,brian.gonzales@gmail.com,1996-01-26
Jennifer,Walter,GB,jennifer.walter@gmail.com,1953-08-05
John,Soto,US,john.soto@gmail.com,1964-10-09
Charles,Carlson,CA,charles.carlson@yahoo.com,1999-03-13
Edward,Lopez,NL,edward.lopez@gmail.com,1959-06-27
Beth,Hahn,DE,beth.hahn@hotmail.com,1956-08-10
Michael,Hardy,US,michael.hardy@hotmail.com,2003-09-05
Jennifer,Sherman,US,jennifer.sherman@hotmail.com,1998-09-22
James,Walker,US,MWNlgljames.walker@yahoo.com,1993-09-04
Kelli,Wyatt,CA,kelli.wyatt@yahoo.com,1973-07-13
Brian,Oconnor,US,brian.oconnor@yahoo.com,1977-06-17
Samantha,Chaney,CA,samantha.chaney@yahoo.com,1997-01-21
Julie,Lutz,US,julie.lutz@yahoo.com,1968-06-12
Cynthia,Webster,US,cynthia.webster@hotmail.com,1999-10-16
Travis,Ferguson,CA,travis.ferguson@yahoo.com,1994-01-22
Vanessa,Hodges,GB,vanessa.hodges@hotmail.com,1976-12-13
Alice,Howell,CA,alice.howell@hotmail.com,1966-10-12
Jacob,Mills,US,jacob.mills@yahoo.com,1982-05-16
Rodney,Ferguson,CA,rodney.ferguson@hotmail.com,1976-08-23
Brenda,Sanders,GB,brenda.sanders@yahoo.com,1960-12-24
Veronica,Flynn,US,veronica.flynn@gmail.com,1981-03-07
Seth,Mason,CA,seth.mason@yahoo.com,2007-04-06
William,Wood,AU,william.wood@hotmail.com,1988-02-14
Lindsey,Hester,AU,lindsey.hester@hotmail.com,1969-02-14
Alexander,Chan,US,alexander.chan@gmail.com,1959-09-22
Mary,Anderson,DE,mary.anderson@yahoo.com,1953-07-16
Ashley,Crawford,FR,cGszBzashley.crawford@yahoo.com,1970-05-22
Sarah,Fernandez,FR,sarah.fernandez@hotmail.com,1963-02-15
Daisy,Barron,US,daisy.barron@hotmail.com,2003-04-27
Aaron,Bryant,CA,aaron.bryant@yahoo.com,2005-10-21
Donald,Maldonado,GB,donald.maldonado@gmail.com,1956-06-21
Lisa,Price,US,lisa.price@gmail.com,2005-04-25
John,Stafford,NL,john.stafford@yahoo.com,1953-02-15
Daniel,Rogers,US,daniel.rogers@hotmail.com,1995-09-25
Michele,Jenkins,CA,michele.jenkins@gmail.com,1993-06-01
Kevin,Durham,US,kevin.durham@yahoo.com,1973-02-16
Jill,Flores,US,jill.flores@gmail.com,2002-05-08
Heather,Oconnell,CA,heather.oconnell@yahoo.com,1980-09-22
William,Carter,US,william.carter@yahoo.com,1986-08-21
Derek,Lara,US,derek.lara@gmail.com,1991-05-02
Benjamin,Anderson,NL,benjamin.anderson@yahoo.com,2003-11-12
Aaron,Allen,US,aaron.allen@yahoo.com,1967-09-18
Tim,Stephens,US,tim.stephens@hotmail.com,1989-05-17
Christopher,Bell,US,christopher.bell@yahoo.com,1969-01-15
James,White,US,james.white@gmail.com,1959-06-04
Andrew,Davis,CA,andrew.davis@hotmail.com,1986-06-12
Marie,Peterson,FR,marie.peterson@yahoo.com,1956-09-03
Brian,Henderson,NL,brian.henderson@yahoo.com,2002-06-03
Alan,King,US,alan.king@yahoo.com,1973-03-30
Lisa,Orr,GB,lisa.orr@gmail.com,1964-06-04
Julie,Henderson,GB,julie.henderson@hotmail.com,1979-10-15
Linda,Fowler,GB,linda.fowler@yahoo.com,1995-05-19
Cassandra,Henderson,US,cassandra.henderson@yahoo.com,1964-12-06
Anthony,Perry,FR,anthony.perry@gmail.com,1973-03-18
Corey,Martinez,GB,corey.martinez@yahoo.com,1994-02-26
Dawn,Huerta,GB,dawn.huerta@gmail.com,1985-01-29
Robert,Gregory,CA,robert.gregory@yahoo.com,1951-12-08
Carlos,Martin,AU,carlos.martin@gmail.com,1961-01-27
Isaac,Ramirez,CA,isaac.ramirez@gmail.com,1997-10-31
Richard,Gomez,GB,richard.gomez@hotmail.com,1961-05-15
Thomas,Robinson,US,FosYgrthomas.robinson@gmail.com,1963-04-15
Leslie,Moran,NL,leslie.moran@hotmail.com,1972-04-20
Michael,Goodman,US,michael.goodman@hotmail.com,1956-11-20
Samantha,Jones,US,samantha.jones@yahoo.com,1991-03-13
Edwin,Munoz,GB,edwin.munoz@hotmail.com,2003-12-12
Brenda,Black,GB,brenda.black@hotmail.com,1973-12-28
Matthew,Miller,CA,matthew.miller@hotmail.com,1963-05-08
Karla,Donaldson,US,karla.donaldson@gmail.com,1994-08-02
Kimberly,Martinez,US,kimberly.martinez@gmail.com,1960-07-30
Daniel,Martin,GB,daniel.martin@yahoo.com,2002-06-14
Garrett,Butler,US,garrett.butler@hotmail.com,1997-08-15
Laura,Cook,US,laura.cook@yahoo.com,2007-10-15
Michael,Ross,DE,michael.ross@hotmail.com,1974-03-21
Christopher,Anderson,GB,K9D2c0christopher.anderson@hotmail.com,1965-11-07
Danny,Hall,GB,danny.hall@gmail.com,1966-02-02
Michelle,Green,US,michelle.green@yahoo.com,1974-03-02
Jeffrey,Glenn,US,jeffrey.glenn@yahoo.com,2001-02-22
George,Mercado,AU,george.mercado@gmail.com,1953-10-14
Jason,Johnson,US,OBuwTUjason.johnson@gmail.com,1990-11-29
Rachel,Moody,AU,rachel.moody@hotmail.com,1953-11-16
Alan,Brennan,US,alan.brennan@gmail.com,1990-10-13
Lori,Wright,US,lori.wright@yahoo.com,1996-09-22
Diana,Weber,CA,diana.weber@gmail.com,1955-10-15
Carolyn,Thornton,NL,carolyn.thornton@hotmail.com,1997-03-30
Ashley,James,US,ashley.james@gmail.com,1999-05-07
Wendy,Davis,US,wendy.davis@yahoo.com,1967-02-08
Brandon,Wells,US,brandon.wells@yahoo.com,2003-03-18
Bonnie,Collins,US,bonnie.collins@yahoo.com,1996-11-19
Denise,Peterson,SE,denise.peterson@gmail.com,1996-06-11
Julie,Taylor,CA,julie.taylor@hotmail.com,1970-12-26
Frank,Wade,US,frank.wade@yahoo.com,1961-11-12
David,Richardson,AU,david.richardson@gmail.com,1987-11-22
Gary,Beck,US,UAhxXkgary.beck@hotmail.com,1999-11-01
Joseph,Mccormick,US,joseph.mccormick@gmail.com,1956-04-05
Rebecca,Bennett,US,rebecca.bennett@gmail.com,2004-03-16
Andrew,Roberts,FR,andrew.roberts@gmail.com,1954-11-26
Nicholas,Glenn,US,nicholas.glenn@hotmail.com,2003-05-12
Thomas,Hull,DE,thomas.hull@yahoo.com,1970-01-01
Susan,Robinson,GB,susan.robinson@hotmail.com,1973-10-19
Kristina,Davis,US,kristina.davis@gmail.com,2005-04-28
Lindsey,Martinez,GB,lindsey.martinez@gmail.com,1955-03-22
Cheryl,Robbins,US,cheryl.robbins@yahoo.com,1981-01-15
Kenneth,Russell,US,kenneth.russell@hotmail.com,1980-08-30
Daniel,Medina,GB,daniel.medina@gmail.com,1970-01-15
Craig,Solomon,CA,craig.solomon@gmail.com,1979-07-17
Austin,Martin,FR,austin.martin@hotmail.com,1962-11-04
Michael,Bennett,CA,michael.bennett@hotmail.com,1994-12-21
Roger,Wu,FR,roger.wu@yahoo.com,1961-02-17
Mark,Taylor,CA,9qsbQTmark.taylor@yahoo.com,1970-08-01
Shirley,Campbell,AU,shirley.campbell@yahoo.com,1985-11-09
Sabrina,Chen,US,sabrina.chen@hotmail.com,1976-08-01
Robert,Flynn,US,robert.flynn@gmail.com,1964-12-13
Keith,Molina,CA,keith.molina@hotmail.com,1992-10-21
Antonio,Long,CA,antonio.long@hotmail.com,1970-09-08
James,Johnson,US,james.johnson@hotmail.com,1993-08-04
Michael,Macias,US,michael.macias@yahoo.com,1969-08-12
Desiree,Morris,US,desiree.morris@hotmail.com,1998-06-11
Dale,Edwards,US,dale.edwards@yahoo.com,1986-11-18
Thomas,Medina,US,thomas.medina@hotmail.com,1971-10-12
Wendy,Herman,SE,wendy.herman@yahoo.com,1983-09-05
Randy,Sherman,US,randy.sherman@hotmail.com,2007-05-30
John,Smith,US,xBCaswjohn.smith@hotmail.com,1962-08-15
Thomas,Sims,CA,thomas.sims@gmail.com,1997-05-19
Karina,Stokes,DE,karina.stokes@yahoo.com,1994-12-09
Justin,Steele,FR,justin.steele@hotmail.com,1962-07-20
Timothy,Cooke,NL,timothy.cooke@hotmail.com,2005-10-16
Katherine,Cohen,CA,katherine.cohen@yahoo.com,2005-01-26
Shirley,Andrews,US,shirley.andrews@hotmail.com,1986-10-21
Amy,Williams,US,amy.williams@yahoo.com,1955-09-29
Kara,Solomon,GB,kara.solomon@gmail.com,1954-09-04
Marcus,Fowler,US,marcus.fowler@yahoo.com,2006-04-06
Timothy,Williams,US,timothy.williams@yahoo.com,1963-07-09
Catherine,Anderson,SE,catherine.anderson@gmail.com,1990-06-30
Gabriela,Murphy,US,gabriela.murphy@hotmail.com,1956-02-26
Paul,Morgan,DE,paul.morgan@hotmail.com,1988-06-16
Jessica,Wilson,US,jessica.wilson@hotmail.com,2001-10-03
Diane,Johnson,US,diane.johnson@hotmail.com,1956-03-24
Diane,West,US,diane.west@yahoo.com,2001-10-18
Michelle,Murray,US,michelle.murray@gmail.com,1998-04-15
Kaitlyn,Norris,GB,kaitlyn.norris@yahoo.com,1965-09-24
Jennifer,Lee,CA,jennifer.lee@gmail.com,1999-08-16
Melissa,Jackson,US,melissa.jackson@yahoo.com,1970-02-02
Thomas,Tran,US,thomas.tran@yahoo.com,1964-02-25
Tyler,Wallace,US,tyler.wallace@yahoo.com,1951-10-04
Candice,Gardner,CA,candice.gardner@hotmail.com,1972-02-27
Ann,Burgess,CA,ann.burgess@yahoo.com,1997-11-26
John,Watson,US,john.watson@yahoo.com,1974-09-02
Christie,Benjamin,GB,christie.benjamin@yahoo.com,1968-03-05
Anthony,Reynolds,DE,anthony.reynolds@hotmail.com,1950-06-20
Nicole,Jones,DE,nicole.jones@yahoo.com,1994-09-11
Alexa,Smith,US,alexa.smith@gmail.com,2003-10-21
Joseph,Conley,US,joseph.conley@yahoo.com,1989-02-15
Debra,Griffin,AU,debra.griffin@hotmail.com,1953-12-29
Eric,Sanchez,US,eric.sanchez@gmail.com,1991-04-12
Latasha,Myers,US,latasha.myers@gmail.com,1988-09-08
Joshua,Davis,US,joshua.davis@hotmail.com,1992-05-26
Mark,Le,US,mark.le@hotmail.com,1975-06-22
Nicole,Rogers,CA,nicole.rogers@hotmail.com,1974-02-20
Julian,Gill,US,julian.gill@hotmail.com,1968-03-04
Ashley,Johnson,FR,ashley.johnson@hotmail.com,1993-01-31
Austin,Macias,US,austin.macias@yahoo.com,1959-06-03
Mary,Howell,CA,mary.howell@hotmail.com,1993-08-05
Rhonda,Tucker,US,rhonda.tucker@yahoo.com,1960-04-06
Jesse,Robles,GB,jesse.robles@gmail.com,1992-05-23
Robert,Wright,US,robert.wright@hotmail.com,1964-09-04
Mary,Watts,US,mary.watts@hotmail.com,1995-06-27
Deborah,Boyd,US,deborah.boyd@hotmail.com,1957-07-06
Christina,Stark,US,christina.stark@hotmail.com,2004-03-01
Rachel,Daugherty,FR,rachel.daugherty@gmail.com,1967-04-18
Danielle,Thomas,US,danielle.thomas@yahoo.com,1958-03-10
Chad,Moore,US,chad.moore@yahoo.com,1989-06-30
Nicholas,Carlson,CA,nicholas.carlson@gmail.com,2005-07-27
Marissa,Diaz,CA,marissa.diaz@yahoo.com,1969-08-01
Anne,Brown,CA,anne.brown@yahoo.com,1992-05-22
Richard,Lowery,US,richard.lowery@gmail.com,1988-03-14
Thomas,Phillips,US,thomas.phillips@gmail.com,2000-12-07
Michael,Brown,FR,gx8yVbmichael.brown@gmail.com,2006-06-24
Brandon,Holmes,US,brandon.holmes@hotmail.com,1996-03-18
Holly,Reynolds,US,holly.reynolds@gmail.com,2006-08-19
Joyce,Benton,US,joyce.benton@gmail.com,1984-01-12
Logan,White,US,logan.white@hotmail.com,1976-08-25
Matthew,Hill,US,matthew.hill@yahoo.com,1998-12-24
Sarah,Anderson,US,sarah.anderson@hotmail.com,1980-03-06
Alexander,Schroeder,US,alexander.schroeder@hotmail.com,1961-10-19
Eric,Jackson,GB,rXhubzeric.jackson@yahoo.com,1967-11-04
Justin,White,US,justin.white@gmail.com,1976-06-05
Megan,Chan,US,megan.chan@yahoo.com,1989-04-12
Connie,Rosales,DE,connie.rosales@hotmail.com,1993-05-10
Vincent,Gonzales,US,vincent.gonzales@hotmail.com,2003-06-19
Cynthia,Weiss,GB,cynthia.weiss@yahoo.com,1985-10-24
John,Henderson,US,john.henderson@gmail.com,1997-04-07
Christy,Clarke,US,christy.clarke@yahoo.com,1970-04-17
Angela,Jones,CA,angela.jones@gmail.com,2004-06-18
Anthony,Lawson,US,anthony.lawson@gmail.com,2007-01-27
Laura,Rogers,GB,laura.rogers@yahoo.com,1951-06-06
Edward,Wade,CA,edward.wade@hotmail.com,2003-04-12
Juan,Greene,US,juan.greene@hotmail.com,1992-12-03
Laura,Poole,NL,laura.poole@gmail.com,1962-02-07
Daniel,Mckay,US,daniel.mckay@gmail.com,1986-10-11
Jacob,King,US,jacob.king@hotmail.com,1962-02-22
Sean,Jones,US,sean.jones@hotmail.com,1950-07-04
Cameron,Bates,US,cameron.bates@hotmail.com,1970-04-19
Jeffery,Duran,US,jeffery.duran@hotmail.com,1966-06-21
Steven,Morales,CA,steven.morales@hotmail.com,1986-10-17
Russell,Christensen,US,russell.christensen@gmail.com,1963-07-20
Alan,Escobar,US,alan.escobar@gmail.com,1967-05-20
Jessica,Curry,US,jessica.curry@gmail.com,2005-03-01
Jasmine,Brown,US,jasmine.brown@yahoo.com,1951-08-08
Linda,Hardin,US,linda.hardin@hotmail.com,2003-07-25
Jeffrey,Rodriguez,US,jeffrey.rodriguez@hotmail.com,1958-08-29
Timothy,Ramsey,US,timothy.ramsey@yahoo.com,2000-03-17
Amanda,Haas,CA,amanda.haas@hotmail.com,1962-06-07
Kimberly,Torres,NL,kimberly.torres@hotmail.com,1974-08-30
Jennifer,Brown,US,VQlPXojennifer.brown@gmail.com,1956-06-13
Jonathan,Vega,CA,jonathan.vega@yahoo.com,1992-06-11
Kurt,Reed,US,kurt.reed@gmail.com,1992-03-11
Charles,Ortiz,US,charles.ortiz@gmail.com,1961-05-29
Joel,Williams,US,joel.williams@gmail.com,2007-01-14
James,Smith,US,lKBZzyjames.smith@gmail.com,1975-07-09
Martin,Reyes,US,martin.reyes@yahoo.com,1976-10-16
Patrick,Smith,US,2PJvCUpatrick.smith@yahoo.com,1984-07-03
Kelsey,Martin,US,kelsey.martin@gmail.com,1954-06-08
Ariana,Martinez,US,ariana.martinez@yahoo.com,1976-03-01
Allison,Miller,SE,nnq8Msallison.miller@yahoo.com,1957-11-02
Lucas,Montgomery,CA,lucas.montgomery@hotmail.com,1959-07-05
Alexandra,Ortiz,US,alexandra.ortiz@gmail.com,1958-06-08
Laurie,Long,US,laurie.long@hotmail.com,1999-05-15
Christopher,Mendoza,NL,christopher.mendoza@yahoo.com,1951-11-15
Nancy,Reyes,FR,nancy.reyes@yahoo.com,1972-01-28
Henry,Castillo,US,henry.castillo@hotmail.com,1960-12-21
Cheryl,Allen,DE,cheryl.allen@gmail.com,1973-12-02
Ashley,Valencia,CA,ashley.valencia@yahoo.com,1999-09-09
John,Johnson,US,EmMOtYjohn.johnson@hotmail.com,2003-07-01
Cynthia,Reese,US,cynthia.reese@gmail.com,1955-04-16
Heather,Dougherty,US,heather.dougherty@hotmail.com,1996-05-17
Debbie,Nunez,US,debbie.nunez@yahoo.com,1958-10-14
Andrea,Myers,US,andrea.myers@hotmail.com,1983-09-29
Jesse,Moore,FR,jesse.moore@gmail.com,1958-04-03
Alexis,Oliver,US,alexis.oliver@yahoo.com,1952-01-27
Steve,Cole,US,steve.cole@yahoo.com,1994-05-09
Tiffany,Peters,US,tiffany.peters@hotmail.com,1978-11-10
Cameron,Jones,CA,cameron.jones@yahoo.com,1958-12-11
Raymond,Davis,US,raymond.davis@yahoo.com,2006-10-25
Kristina,Griffin,US,kristina.griffin@gmail.com,1966-07-26
Casey,Gutierrez,GB,casey.gutierrez@yahoo.com,1969-12-27
Marie,Herring,US,marie.herring@yahoo.com,1967-02-22
Michael,Pham,US,michael.pham@gmail.com,1955-10-08
April,Jones,AU,april.jones@yahoo.com,1968-12-20
Jennifer,Jones,GB,xkhUX3jennifer.jones@yahoo.com,1981-06-05
Natalie,Norton,US,natalie.norton@gmail.com,1971-02-04
Jonathon,Adkins,US,jonathon.adkins@yahoo.com,1962-11-08
Christina,Hall,AU,christina.hall@gmail.com,1968-10-26
Madeline,Shepherd,NL,madeline.shepherd@hotmail.com,1985-06-15
Shawna,Branch,SE,shawna.branch@gmail.com,1954-01-09
Julie,Marshall,CA,julie.marshall@gmail.com,1995-01-28
Lauren,Miller,CA,lauren.miller@yahoo.com,1952-09-13
Angel,Cole,DE,angel.cole@hotmail.com,1994-07-27
Kyle,Ruiz,US,kyle.ruiz@hotmail.com,1959-12-07
Nicole,Jones,FR,nicole.jones@hotmail.com,2001-02-15
Alexander,Brown,GB,alexander.brown@gmail.com,1990-02-23
Cory,Acosta,US,cory.acosta@gmail.com,1953-12-14
William,Wallace,FR,william.wallace@hotmail.com,1975-08-05
Cynthia,Chavez,US,cynthia.chavez@yahoo.com,1958-02-02
Nathaniel,White,CA,nathaniel.white@yahoo.com,1986-10-18
Peter,Davis,CA,peter.davis@hotmail.com,1953-03-15
Crystal,Whitaker,US,crystal.whitaker@gmail.com,2005-06-29
Katherine,Wright,AU,katherine.wright@yahoo.com,1999-11-29
Susan,Kennedy,US,susan.kennedy@gmail.com,1971-01-05
Sarah,Hall,US,sarah.hall@gmail.com,1989-02-15
Cody,Mcdonald,US,cody.mcdonald@gmail.com,1961-11-12
Rodney,Mercer,US,rodney.mercer@gmail.com,1970-10-02
John,Ramos,US,john.ramos@hotmail.com,1985-09-01
Amanda,Davenport,US,amanda.davenport@yahoo.com,1992-04-20
Kelly,Baker,CA,kelly.baker@gmail.com,2000-04-24
Dawn,Horn,GB,dawn.horn@gmail.com,1966-08-19
Melanie,Collier,CA,melanie.collier@gmail.com,2004-03-13
Jennifer,Watts,NL,jennifer.watts@yahoo.com,1979-02-22
Meagan,Kelley,US,meagan.kelley@hotmail.com,2000-02-16
Danielle,Robertson,GB,danielle.robertson@gmail.com,1963-04-25
Crystal,Wilkins,US,crystal.wilkins@hotmail.com,1950-08-12
Tony,Burton,GB,tony.burton@hotmail.com,1957-02-07
Keith,Mcbride,US,keith.mcbride@yahoo.com,1971-04-13
Richard,Hughes,US,richard.hughes@yahoo.com,1955-07-26
Christian,Ramos,US,christian.ramos@gmail.com,2002-02-25
Dakota,Walker,SE,dakota.walker@yahoo.com,1958-06-25
Leah,Warren,US,leah.warren@gmail.com,1962-04-24
Brandy,Pittman,GB,brandy.pittman@gmail.com,1969-10-05
Jamie,Nguyen,US,jamie.nguyen@yahoo.com,1986-12-22
Daniel,Campbell,AU,daniel.campbell@hotmail.com,1972-01-18
Justin,Edwards,FR,justin.edwards@hotmail.com,1985-01-07
Eugene,Ferrell,DE,eugene.ferrell@hotmail.com,2002-10-09
Anne,Davis,US,anne.davis@gmail.com,1973-11-13
Emily,Mack,US,emily.mack@gmail.com,1978-12-13
Donald,Myers,US,donald.myers@hotmail.com,1978-06-19
Rebecca,Ewing,US,rebecca.ewing@hotmail.com,1984-08-20
Mary,Collins,US,mary.collins@gmail.com,1990-01-24
Molly,White,US,molly.white@gmail.com,1983-12-04
Jerry,Macdonald,AU,jerry.macdonald@yahoo.com,1967-01-31
Vanessa,Conley,DE,vanessa.conley@gmail.com,2001-08-01
Adrian,Romero,GB,adrian.romero@yahoo.com,1974-06-20
Daniel,Young,CA,daniel.young@hotmail.com,1975-02-28
Christopher,White,US,mao9PAchristopher.white@gmail.com,1957-06-28
John,George,US,john.george@gmail.com,1995-10-14
Dwayne,Miles,US,dwayne.miles@yahoo.com,1987-05-14
Danielle,Smith,US,FVmgAmdanielle.smith@hotmail.com,1969-10-08
Douglas,Martinez,US,douglas.martinez@gmail.com,1951-02-05
Heather,Thomas,DE,heather.thomas@gmail.com,2002-07-12
Sue,Lewis,AU,sue.lewis@yahoo.com,1960-09-27
Alexander,Cochran,DE,alexander.cochran@yahoo.com,1962-10-06
Jacob,Wilson,US,jacob.wilson@gmail.com,2000-02-25
Shane,Smith,US,shane.smith@gmail.com,1990-08-26
Ryan,Johnson,US,ryan.johnson@gmail.com,1955-06-27
Carrie,Wheeler,NL,carrie.wheeler@hotmail.com,1953-11-28
Gloria,Martinez,US,gloria.martinez@gmail.com,1967-01-18
Erika,Neal,US,erika.neal@gmail.com,2001-05-29
Brian,Hernandez,FR,brian.hernandez@yahoo.com,1992-04-18
Richard,King,FR,richard.king@hotmail.com,1972-09-30
Ashley,Le,US,ashley.le@hotmail.com,2000-08-28
Andrew,Drake,CA,andrew.drake@hotmail.com,1983-12-24
Joseph,Thomas,AU,joseph.thomas@gmail.com,1985-09-24
Michelle,Burton,GB,michelle.burton@gmail.com,1994-11-11
Justin,Miles,CA,justin.miles@yahoo.com,1979-06-30
Donald,Lozano,US,donald.lozano@hotmail.com,1958-01-21
Brent,Gardner,FR,brent.gardner@gmail.com,2007-12-18
Wesley,Rodriguez,US,wesley.rodriguez@yahoo.com,1954-04-17
Donald,Collins,US,donald.collins@yahoo.com,1954-06-13
Courtney,Hebert,US,courtney.hebert@hotmail.com,1955-05-28
Cynthia,Fisher,GB,cynthia.fisher@yahoo.com,1985-12-17
Michael,Fox,CA,michael.fox@hotmail.com,1993-04-24
Howard,Dean,US,howard.dean@yahoo.com,1995-04-07
Cody,Murillo,GB,cody.murillo@hotmail.com,1985-02-20
Ricardo,Figueroa,US,ricardo.figueroa@gmail.com,2007-07-18
Steven,Sanchez,US,steven.sanchez@gmail.com,2006-06-09
Mark,Poole,US,mark.poole@gmail.com,1999-01-23
Michael,Brown,US,michael.brown@yahoo.com,1994-12-06
Maria,Ramirez,NL,maria.ramirez@yahoo.com,1969-09-01
Stacey,Taylor,US,stacey.taylor@yahoo.com,2002-07-20
Christopher,Miller,CA,christopher.miller@gmail.com,1987-05-11
Elizabeth,Taylor,GB,elizabeth.taylor@hotmail.com,1980-01-11
Kaitlyn,Malone,CA,kaitlyn.malone@hotmail.com,1975-02-22
Oscar,Fields,US,oscar.fields@gmail.com,1968-06-08
Kevin,Rocha,US,kevin.rocha@gmail.com,1984-06-24
Cody,Scott,US,cody.scott@gmail.com,1966-05-11
Kelsey,Moss,CA,kelsey.moss@hotmail.com,1983-07-24
Rodney,Anderson,FR,rodney.anderson@yahoo.com,1958-12-22
Henry,Cruz,GB,henry.cruz@gmail.com,2005-07-26
Ruth,Williams,US,ruth.williams@gmail.com,1964-06-07
Brenda,White,US,brenda.white@yahoo.com,1956-11-10
Deborah,Wright,CA,deborah.wright@gmail.com,1980-08-27
Roger,Davis,CA,roger.davis@yahoo.com,1951-12-31
Glen,Matthews,FR,glen.matthews@yahoo.com,1981-06-14
Joshua,Young,AU,joshua.young@gmail.com,1972-02-27
Sonya,Johns,US,sonya.johns@gmail.com,1992-07-03
James,Ellis,SE,4OCyDgjames.ellis@yahoo.com,1996-02-11
Alexis,Hatfield,GB,alexis.hatfield@hotmail.com,1962-01-20
Michael,Park,US,michael.park@hotmail.com,1976-11-04
Cynthia,Christian,GB,cynthia.christian@hotmail.com,1977-02-01
Olivia,Huber,CA,olivia.huber@hotmail.com,1996-09-29
Benjamin,Hall,FR,benjamin.hall@gmail.com,1999-05-18
Derrick,Gardner,CA,derrick.gardner@yahoo.com,2001-06-18
Linda,Shaffer,CA,linda.shaffer@hotmail.com,1975-06-17
Donna,Morgan,US,donna.morgan@hotmail.com,1982-10-05
Andres,Curtis,US,andres.curtis@hotmail.com,1986-09-14
Justin,Smith,US,qVmXYVjustin.smith@gmail.com,1963-03-28
Julian,Boone,FR,julian.boone@hotmail.com,1974-02-23
Rachel,Ramos,DE,rachel.ramos@hotmail.com,2008-03-15
Stephen,Edwards,AU,stephen.edwards@hotmail.com,1986-06-08
Brandon,Moreno,US,brandon.moreno@yahoo.com,1958-08-09
Debra,Luna,AU,debra.luna@gmail.com,1955-05-13
Tanya,Cardenas,US,tanya.cardenas@gmail.com,1965-02-09
Bryan,Howard,AU,akxQR3bryan.howard@gmail.com,1986-02-01
Beth,Fletcher,DE,beth.fletcher@hotmail.com,1972-12-21
Eric,Brown,US,eric.brown@hotmail.com,1957-05-14
Tiffany,Black,CA,tiffany.black@yahoo.com,1987-07-10
Jennifer,Powell,AU,jennifer.powell@hotmail.com,1956-11-28
Anthony,Harris,US,anthony.harris@hotmail.com,1962-11-08
Kenneth,Drake,US,kenneth.drake@gmail.com,1972-07-25
Samuel,Mullen,US,samuel.mullen@hotmail.com,1959-04-01
Jessica,Velez,GB,jessica.velez@yahoo.com,1979-09-07
Kimberly,Davis,US,kimberly.davis@yahoo.com,1990-12-01
Victoria,Turner,AU,victoria.turner@hotmail.com,1979-05-23
Scott,Thompson,AU,scott.thompson@hotmail.com,1959-06-09
Jeffrey,Delacruz,US,jeffrey.delacruz@hotmail.com,2008-04-12
Erica,Kane,DE,erica.kane@yahoo.com,1979-06-17
Cynthia,Singh,US,cynthia.singh@gmail.com,1998-04-16
Tammy,Sanchez,DE,tammy.sanchez@hotmail.com,1983-02-02
Sarah,Hart,US,sarah.hart@hotmail.com,1967-04-11
Linda,Brown,CA,ZZyFnglinda.brown@gmail.com,1955-06-20
Jason,Hall,GB,jason.hall@yahoo.com,1992-08-26
Jason,White,AU,jason.white@yahoo.com,1964-06-28
Kurt,Garcia,US,kurt.garcia@gmail.com,1958-08-04
Amy,Fletcher,US,amy.fletcher@yahoo.com,1984-01-04
Michael,Jenkins,CA,michael.jenkins@gmail.com,1996-02-27
Julie,Armstrong,US,julie.armstrong@gmail.com,1965-06-08
Stephen,Wright,US,stephen.wright@gmail.com,1994-12-06
Michelle,Tate,GB,michelle.tate@hotmail.com,2000-01-31
Diana,Summers,US,diana.summers@hotmail.com,1957-10-19
Renee,Smith,US,cQ12isrenee.smith@hotmail.com,1953-03-07
Sue,Ramirez,CA,sue.ramirez@yahoo.com,2008-03-07
Billy,Miranda,GB,billy.miranda@gmail.com,1967-12-18
Jeffery,Morris,CA,jeffery.morris@gmail.com,1985-09-09
Benjamin,Stone,CA,benjamin.stone@gmail.com,1990-07-11
Gregory,Rodgers,CA,gregory.rodgers@yahoo.com,1962-08-09
Krystal,Garrett,CA,krystal.garrett@hotmail.com,1964-09-28
Jorge,Smith,CA,jorge.smith@hotmail.com,1971-07-07
Alicia,Salazar,GB,alicia.salazar@hotmail.com,1972-09-17
Laurie,Franklin,US,laurie.franklin@yahoo.com,1985-05-26
Kyle,Stephens,US,kyle.stephens@gmail.com,1970-11-20
Louis,Shah,US,louis.shah@hotmail.com,2003-11-11
April,Peters,CA,april.peters@yahoo.com,1999-02-07
Annette,Murphy,GB,annette.murphy@hotmail.com,1965-06-12
Dennis,Moore,US,dennis.moore@gmail.com,1998-12-07
Christopher,Martin,US,christopher.martin@gmail.com,1976-09-26
Judy,Elliott,GB,judy.elliott@hotmail.com,1966-02-09
Frank,Nelson,US,frank.nelson@gmail.com,1981-01-27
Gregory,Smith,US,j6uvjzgregory.smith@yahoo.com,1983-01-27
Devin,Bishop,CA,devin.bishop@yahoo.com,1961-10-18
Jessica,Hobbs,DE,jessica.hobbs@hotmail.com,1997-06-23
Madeline,Tate,US,madeline.tate@yahoo.com,1968-06-01
Ann,Patterson,US,ann.patterson@gmail.com,2005-05-16
Bill,Holder,CA,bill.holder@yahoo.com,1976-10-20
Jasmine,Blevins,FR,jasmine.blevins@gmail.com,2003-01-16
David,Buchanan,US,david.buchanan@hotmail.com,2006-02-10
Jeffrey,Bass,GB,jeffrey.bass@yahoo.com,2007-06-02
Kenneth,Marshall,GB,kenneth.marshall@yahoo.com,1954-06-27
Lisa,Manning,US,lisa.manning@gmail.com,1956-03-20
Jonathan,Lewis,US,jonathan.lewis@hotmail.com,2003-01-29
Victoria,Vargas,US,victoria.vargas@yahoo.com,2008-02-28
Douglas,Johns,AU,douglas.johns@gmail.com,1982-01-20
William,Bailey,AU,william.bailey@hotmail.com,1996-12-09
Kathy,Johnson,CA,kathy.johnson@gmail.com,1988-03-30
Patricia,Colon,US,patricia.colon@gmail.com,1977-04-22
Daniel,White,CA,daniel.white@gmail.com,1970-10-02
John,Hinton,AU,john.hinton@yahoo.com,1957-10-17
Richard,Dunn,US,richard.dunn@gmail.com,1991-07-22
Peter,Lopez,US,peter.lopez@gmail.com,1979-03-20
Evelyn,Brewer,US,evelyn.brewer@gmail.com,1982-11-02
Sarah,Jenkins,US,sarah.jenkins@gmail.com,1987-12-13
Carl,Hopkins,SE,carl.hopkins@yahoo.com,1954-02-20
Eddie,Murillo,NL,eddie.murillo@yahoo.com,1970-05-26
John,Bennett,GB,gEJwEtjohn.bennett@gmail.com,1999-05-29
Ann,Mcknight,US,ann.mcknight@gmail.com,2001-07-28
Cheryl,Jones,AU,cheryl.jones@hotmail.com,1994-02-19
Vincent,Lamb,CA,vincent.lamb@hotmail.com,1969-11-22
Daniel,Gonzalez,NL,daniel.gonzalez@yahoo.com,1960-02-18
Jimmy,Mckay,GB,jimmy.mckay@yahoo.com,1980-03-14
Crystal,Brown,US,crystal.brown@hotmail.com,1960-09-01
Tina,Roman,GB,tina.roman@gmail.com,2000-03-10
Tanya,Clark,US,tanya.clark@yahoo.com,1966-07-12
Danielle,Jimenez,US,danielle.jimenez@hotmail.com,1969-07-16
Hannah,Fuller,CA,hannah.fuller@gmail.com,1986-01-23
Bradley,Taylor,DE,bradley.taylor@hotmail.com,1951-02-13
Don,Douglas,NL,don.douglas@yahoo.com,1974-07-24
Marie,Collins,US,marie.collins@hotmail.com,1957-10-09
Luis,Proctor,US,luis.proctor@yahoo.com,1995-12-01
Drew,Scott,CA,drew.scott@gmail.com,1965-07-16
Shawna,Moore,SE,shawna.moore@yahoo.com,1993-05-08
Edgar,Odom,CA,edgar.odom@hotmail.com,1985-02-19
Ashley,Morgan,US,ashley.morgan@gmail.com,1972-01-29
Amy,Jackson,US,amy.jackson@hotmail.com,1972-08-16
Teresa,Vasquez,DE,teresa.vasquez@hotmail.com,1973-08-11
Zachary,Hernandez,CA,hsuxOSzachary.hernandez@hotmail.com,1962-08-05
Michelle,Cole,US,michelle.cole@gmail.com,1970-04-04
Andrew,Robbins,CA,andrew.robbins@gmail.com,1991-07-08
Miranda,Rodriguez,GB,miranda.rodriguez@hotmail.com,1997-01-23
Zoe,Dawson,CA,zoe.dawson@hotmail.com,1952-11-14
Anita,Shaw,NL,anita.shaw@gmail.com,1975-03-26
Dylan,Brown,CA,dylan.brown@yahoo.com,1961-09-15
David,Benson,US,david.benson@yahoo.com,1986-02-04
Jennifer,Wong,US,c5MJdajennifer.wong@yahoo.com,1978-03-08
Pam,Ford,US,pam.ford@gmail.com,1970-12-28
Henry,Anderson,US,henry.anderson@gmail.com,2008-02-23
Corey,Howard,US,corey.howard@gmail.com,2006-05-06
Gregory,Martinez,FR,vNsAymgregory.martinez@hotmail.com,1959-08-07
Karen,Scott,US,karen.scott@yahoo.com,1998-11-07
Jonathan,Williams,US,jonathan.williams@hotmail.com,1964-09-16
Andrew,Jackson,US,andrew.jackson@gmail.com,2002-06-25
Benjamin,Hicks,AU,benjamin.hicks@gmail.com,1970-05-08
Cheryl,Alexander,US,cheryl.alexander@hotmail.com,1960-02-08
Neil,Daniel,US,neil.daniel@hotmail.com,1958-08-23
Timothy,Marks,NL,timothy.marks@hotmail.com,1967-10-03
Michelle,Smith,US,michelle.smith@yahoo.com,1975-03-30
Kristy,Evans,GB,kristy.evans@gmail.com,1955-12-02
Anthony,Knox,US,anthony.knox@yahoo.com,1995-08-01
Randy,Schmidt,US,randy.schmidt@yahoo.com,1973-09-29
Jeffery,May,US,jeffery.may@gmail.com,1987-03-10
Lauren,Miller,US,lauren.miller@gmail.com,1988-05-30
Nicole,Daniels,US,nicole.daniels@yahoo.com,1952-05-30
Mario,Juarez,US,mario.juarez@yahoo.com,1969-04-11
Stacey,Jackson,CA,stacey.jackson@gmail.com,1976-09-11
Andrew,Waters,AU,andrew.waters@hotmail.com,1973-12-02
Kevin,Avery,US,kevin.avery@yahoo.com,1966-09-01
Donna,Watts,US,donna.watts@gmail.com,1953-01-30
Nancy,Soto,US,nancy.soto@gmail.com,2007-10-25
Chris,Watts,FR,chris.watts@yahoo.com,1968-06-13
Mariah,Golden,FR,mariah.golden@hotmail.com,1968-06-23
Ronald,Wright,FR,ronald.wright@gmail.com,1990-05-05
Carly,Berger,US,carly.berger@hotmail.com,2001-10-26
Julia,Wiggins,US,julia.wiggins@yahoo.com,1976-07-03
Charles,Singleton,US,charles.singleton@hotmail.com,1996-11-02
Tyler,Martin,US,tyler.martin@hotmail.com,1992-03-19
Gary,Johnson,US,gary.johnson@yahoo.com,1990-06-09
Jorge,Knox,AU,jorge.knox@yahoo.com,1974-12-18
Mary,Garcia,US,mary.garcia@gmail.com,1988-10-25
Monica,Hansen,NL,monica.hansen@hotmail.com,1976-08-11
Jared,Hart,US,jared.hart@hotmail.com,1966-08-30
Nancy,Erickson,AU,nancy.erickson@gmail.com,1989-04-24
Christopher,Cooke,US,christopher.cooke@gmail.com,1994-01-16
John,White,US,john.white@yahoo.com,1955-03-05
Brett,Fleming,US,brett.fleming@hotmail.com,1996-07-19
Thomas,Diaz,US,thomas.diaz@yahoo.com,1978-02-04
Sue,Peters,AU,sue.peters@hotmail.com,1969-11-17
Scott,Gray,US,scott.gray@gmail.com,2002-05-19
Kristine,Nash,US,kristine.nash@yahoo.com,1955-10-29
Larry,Carter,AU,larry.carter@gmail.com,1968-06-02
Tina,Pace,CA,tina.pace@hotmail.com,1978-08-22
Sean,Frank,CA,sean.frank@gmail.com,1980-02-19
Keith,Becker,GB,keith.becker@hotmail.com,1958-07-29
Mark,Clements,US,mark.clements@yahoo.com,1987-07-20
Tony,Mcdaniel,US,tony.mcdaniel@yahoo.com,2006-09-22
Nicholas,Dennis,US,nicholas.dennis@gmail.com,1975-06-25
Francisco,Blanchard,US,francisco.blanchard@yahoo.com,2007-07-28
Kathy,Pope,AU,kathy.pope@hotmail.com,1995-07-09
Vernon,Gray,US,vernon.gray@gmail.com,1996-07-02
Jennifer,Casey,CA,jennifer.casey@gmail.com,1986-05-10
Susan,Duran,DE,susan.duran@yahoo.com,1970-08-10
Cheryl,Robles,GB,cheryl.robles@hotmail.com,1970-03-09
Virginia,Williams,CA,virginia.williams@yahoo.com,1970-07-03
Samantha,Williams,US,samantha.williams@gmail.com,1952-09-06
Kristy,Mercado,US,kristy.mercado@yahoo.com,2002-04-10
James,Perry,AU,james.perry@yahoo.com,1965-06-11
Daniel,Baker,US,daniel.baker@hotmail.com,1978-03-17
Ryan,Joseph,FR,ryan.joseph@gmail.com,1982-10-13
Daniel,Young,US,daniel.young@gmail.com,1972-12-02
Rachel,Boone,FR,rachel.boone@yahoo.com,1973-04-12
Christopher,Rodriguez,US,christopher.rodriguez@yahoo.com,1989-03-05
Dominic,Rodriguez,US,dominic.rodriguez@hotmail.com,2005-10-18
Sheena,Valenzuela,AU,sheena.valenzuela@yahoo.com,1955-04-11
Leah,Walters,FR,leah.walters@hotmail.com,1980-10-04
Jennifer,Gilbert,US,jennifer.gilbert@hotmail.com,1985-10-07
Natalie,Mcbride,US,natalie.mcbride@yahoo.com,2006-10-17
Stephanie,Gonzalez,GB,stephanie.gonzalez@hotmail.com,1988-05-12
Lauren,Reed,DE,lauren.reed@gmail.com,1958-10-15
Jacqueline,Boone,GB,jacqueline.boone@hotmail.com,1969-08-12
Marcus,Schmidt,US,marcus.schmidt@hotmail.com,1975-04-13
Lisa,Williamson,US,lisa.williamson@hotmail.com,1957-09-24
Jessica,Griffin,AU,jessica.griffin@hotmail.com,1979-05-24
Joseph,Pham,AU,joseph.pham@yahoo.com,2001-02-16
Kayla,Willis,US,kayla.willis@hotmail.com,1989-05-15
Gregg,Chase,US,gregg.chase@hotmail.com,1959-03-16
Joshua,Banks,US,joshua.banks@gmail.com,1996-07-25
James,Rush,US,james.rush@gmail.com,1961-04-08
Nicole,Johnson,DE,nicole.johnson@gmail.com,1999-01-05
Heather,Gilmore,FR,heather.gilmore@gmail.com,1976-09-25
Marcia,Johnson,CA,marcia.johnson@yahoo.com,1950-11-07
Russell,Rasmussen,DE,russell.rasmussen@hotmail.com,1958-07-26
Natalie,Brown,FR,natalie.brown@yahoo.com,2003-12-01
Christy,Krause,CA,christy.krause@hotmail.com,1974-07-03
Linda,Rosales,FR,linda.rosales@hotmail.com,1959-03-02
Crystal,Martin,US,crystal.martin@yahoo.com,1979-09-08
Alisha,Ross,CA,alisha.ross@hotmail.com,1991-04-11
Wendy,Lee,US,wendy.lee@yahoo.com,1986-09-28
Kristina,Robertson,US,Hc1FSskristina.robertson@gmail.com,1960-12-25
Alexandra,Cox,CA,alexandra.cox@yahoo.com,1991-12-06
Caitlyn,Watson,GB,caitlyn.watson@gmail.com,1970-07-28
Erika,Cole,CA,erika.cole@hotmail.com,1967-04-21
Matthew,Whitaker,CA,matthew.whitaker@yahoo.com,2005-12-07
Loretta,Schneider,US,loretta.schneider@yahoo.com,1957-04-10
Emily,Perez,US,emily.perez@hotmail.com,1971-05-10
Lisa,Stein,US,lisa.stein@gmail.com,1968-01-11
Justin,Walker,US,justin.walker@yahoo.com,1953-01-02
Anna,Lowery,US,anna.lowery@hotmail.com,1954-09-14
Keith,Ramirez,US,keith.ramirez@yahoo.com,1962-09-21
Mitchell,Walker,US,mitchell.walker@yahoo.com,1992-08-27
Matthew,Orozco,US,matthew.orozco@hotmail.com,2007-12-29
Victor,Gallagher,CA,victor.gallagher@hotmail.com,1973-05-02
Jessica,Salazar,US,jessica.salazar@yahoo.com,1962-12-14
Terri,Edwards,US,terri.edwards@hotmail.com,1954-03-24
Bobby,Williams,GB,bobby.williams@gmail.com,1967-10-30
Christian,Rodriguez,FR,christian.rodriguez@hotmail.com,1962-11-18
Tamara,Smith,US,tamara.smith@yahoo.com,2006-09-19
Danielle,Blackburn,AU,danielle.blackburn@yahoo.com,1953-10-02
Laura,Torres,US,laura.torres@hotmail.com,1986-10-19
Brian,King,CA,brian.king@gmail.com,1990-06-18
Sherry,Trevino,AU,sherry.trevino@yahoo.com,1988-02-17
Beth,Johnson,US,etuv2Obeth.johnson@gmail.com,1998-08-09
Claire,Chambers,US,claire.chambers@hotmail.com,2000-08-23
Bobby,Martin,CA,bobby.martin@yahoo.com,1964-01-22
Jay,Curry,AU,jay.curry@yahoo.com,1984-01-02
Mark,Lopez,US,mark.lopez@yahoo.com,1965-06-13
Nicholas,Watson,GB,nicholas.watson@hotmail.com,1967-04-10
Kathleen,Golden,US,kathleen.golden@hotmail.com,1975-03-24
Rebecca,Taylor,US,rebecca.taylor@hotmail.com,1982-03-17
Robert,Phillips,SE,robert.phillips@yahoo.com,1976-04-22
Stephanie,Bowers,CA,stephanie.bowers@yahoo.com,1973-03-29
Austin,Cook,SE,austin.cook@yahoo.com,1999-05-15
Mary,Williams,US,mary.williams@gmail.com,1951-03-19
Justin,Rich,GB,justin.rich@yahoo.com,1958-10-25
Matthew,Richardson,SE,matthew.richardson@gmail.com,2004-10-25
Michael,Diaz,US,michael.diaz@hotmail.com,1984-03-22
Faith,Reed,DE,faith.reed@hotmail.com,1982-02-15
Crystal,Tucker,DE,crystal.tucker@gmail.com,2000-03-19
Christopher,Mccoy,DE,christopher.mccoy@gmail.com,1956-07-23
Henry,Alvarez,US,henry.alvarez@hotmail.com,1961-09-21
Ashley,Kelly,DE,ashley.kelly@yahoo.com,1972-09-26
Caleb,Strickland,US,caleb.strickland@gmail.com,2006-06-02
Katherine,Byrd,GB,katherine.byrd@gmail.com,1957-09-27
Eric,Jackson,DE,5ZtOCZeric.jackson@yahoo.com,1963-12-08
Sherri,Williams,US,sherri.williams@yahoo.com,1962-01-31
Nathan,White,US,nathan.white@hotmail.com,1992-06-23
Benjamin,Evans,SE,benjamin.evans@yahoo.com,1973-09-15
David,Hester,US,david.hester@yahoo.com,1951-02-26
Jenny,Holt,CA,jenny.holt@hotmail.com,1970-07-16
Amy,Huber,US,amy.huber@hotmail.com,1991-01-11
Karen,Vazquez,US,karen.vazquez@hotmail.com,2005-02-19
Laurie,Bradshaw,US,laurie.bradshaw@yahoo.com,1960-08-25
Rebecca,Gates,US,rebecca.gates@yahoo.com,1985-06-16
Margaret,Cruz,GB,margaret.cruz@gmail.com,1975-08-14
James,Baker,GB,james.baker@hotmail.com,1977-02-27
Paula,Holt,US,paula.holt@hotmail.com,2007-09-19
Jade,Ware,GB,jade.ware@hotmail.com,2004-10-31
Timothy,Bell,AU,timothy.bell@yahoo.com,1955-03-25
Jeffrey,Kim,SE,jeffrey.kim@yahoo.com,1969-01-11
Kathleen,Torres,NL,kathleen.torres@gmail.com,1952-11-23
John,Hernandez,US,b9f2DVjohn.hernandez@gmail.com,1970-07-08
Travis,Ballard,US,travis.ballard@gmail.com,1962-07-08
Amber,Washington,US,amber.washington@gmail.com,1990-07-17
Christopher,Randolph,GB,christopher.randolph@hotmail.com,1996-11-28
Samantha,Clark,DE,samantha.clark@gmail.com,1957-11-17
John,Lewis,US,john.lewis@yahoo.com,1971-12-30
David,Garcia,GB,david.garcia@yahoo.com,1960-02-17
Melissa,Santiago,GB,melissa.santiago@yahoo.com,1969-06-25
Ricky,Small,AU,ricky.small@gmail.com,1989-08-26
Nicholas,Cowan,US,nicholas.cowan@gmail.com,2004-05-07
Jason,Miller,US,dkTLmmjason.miller@gmail.com,1976-11-20
Nicholas,Medina,FR,nicholas.medina@gmail.com,2001-03-03
Brandon,Mitchell,US,brandon.mitchell@yahoo.com,2003-06-13
Mitchell,Sparks,NL,mitchell.sparks@hotmail.com,1985-10-14
Connor,Lopez,DE,connor.lopez@gmail.com,2002-07-01
Samantha,Ford,US,samantha.ford@gmail.com,1952-06-29
Courtney,Jennings,US,courtney.jennings@hotmail.com,1982-08-11
Sandra,Harmon,US,sandra.harmon@hotmail.com,2003-02-21
Vicki,Glass,US,vicki.glass@hotmail.com,1958-09-23
Haley,Anderson,SE,haley.anderson@gmail.com,1956-10-29
Wanda,Carter,GB,wanda.carter@hotmail.com,2004-07-18
Lynn,Mendoza,US,lynn.mendoza@gmail.com,1983-05-18
Andrea,Gomez,GB,andrea.gomez@gmail.com,1997-11-17
Kirk,Carter,US,kirk.carter@yahoo.com,1995-12-22
Heather,Snyder,AU,5ezfUUheather.snyder@yahoo.com,1967-12-11
Roger,Stout,US,roger.stout@hotmail.com,1960-03-20
Caroline,Warren,US,caroline.warren@gmail.com,1975-11-14
Alicia,Farmer,NL,alicia.farmer@yahoo.com,1963-06-21
Justin,Medina,US,justin.medina@hotmail.com,2002-08-12
Michele,Simpson,US,michele.simpson@gmail.com,1979-05-19
Shannon,Brooks,US,shannon.brooks@gmail.com,1968-02-28
Grace,Weiss,US,grace.weiss@hotmail.com,1964-04-30
Amber,Beasley,CA,amber.beasley@gmail.com,1990-04-25
Aaron,Smith,FR,aaron.smith@yahoo.com,2001-05-02
Alexa,Hernandez,US,alexa.hernandez@yahoo.com,2007-09-21
William,Robinson,CA,william.robinson@hotmail.com,2008-02-10
Kimberly,Gonzalez,US,kimberly.gonzalez@hotmail.com,1979-06-04
Jennifer,Sanchez,SE,FA1HOnjennifer.sanchez@hotmail.com,1979-02-01
Cindy,Soto,US,cindy.soto@yahoo.com,2004-06-10
Justin,Harris,GB,justin.harris@hotmail.com,1991-09-10
Nathaniel,Huffman,FR,nathaniel.huffman@yahoo.com,1989-03-08
Tracy,Smith,CA,tracy.smith@hotmail.com,2002-04-03
Kenneth,Cunningham,AU,kenneth.cunningham@hotmail.com,1999-02-03
Nicole,Johnson,US,nicole.johnson@yahoo.com,1980-10-10
Anthony,Thompson,US,anthony.thompson@hotmail.com,1982-12-09
Jeffrey,James,DE,jeffrey.james@hotmail.com,1973-11-18
Jonathan,Allen,NL,jonathan.allen@hotmail.com,1978-12-29
Randy,Knight,CA,randy.knight@hotmail.com,2004-08-29
Cheryl,Roberts,US,cheryl.roberts@gmail.com,1992-06-23
Rebecca,Hartman,US,rebecca.hartman@gmail.com,1985-01-15
Brandy,Riley,US,brandy.riley@gmail.com,1984-02-20
Antonio,Olson,DE,antonio.olson@hotmail.com,1992-01-27
David,Smith,US,david.smith@hotmail.com,1956-07-26
Katherine,Burgess,CA,katherine.burgess@gmail.com,1974-03-01
Julie,Lam,US,julie.lam@gmail.com,2004-11-10
Charles,Smith,US,oGsVQCcharles.smith@yahoo.com,1985-05-01
Stephen,Anderson,US,stephen.anderson@hotmail.com,1988-08-27
Erika,Rivera,US,erika.rivera@gmail.com,1993-11-19
William,Avila,AU,william.avila@yahoo.com,1998-05-22
Robin,Warner,US,robin.warner@hotmail.com,1955-09-25
Steve,Chapman,US,steve.chapman@hotmail.com,1995-09-10
Thomas,Gonzalez,AU,thomas.gonzalez@yahoo.com,1954-07-31
Jorge,Gonzalez,GB,jorge.gonzalez@hotmail.com,2004-01-13
Adam,King,US,adam.king@gmail.com,1951-11-25
Heather,Rivera,CA,heather.rivera@gmail.com,1956-07-02
Michele,Savage,US,michele.savage@yahoo.com,1972-01-06
Dylan,Crawford,US,dylan.crawford@hotmail.com,1988-05-16
Lori,Williams,US,lori.williams@hotmail.com,1982-06-06
Matthew,Smith,CA,diy1E6matthew.smith@yahoo.com,2003-05-19
Heather,Bennett,US,heather.bennett@hotmail.com,1971-07-08
William,Berry,AU,JJyn2Jwilliam.berry@hotmail.com,1955-09-26
Stephen,Wilkins,CA,stephen.wilkins@gmail.com,1982-04-06
Laurie,Johnson,AU,laurie.johnson@gmail.com,1997-09-18
Nicholas,Rojas,US,nicholas.rojas@yahoo.com,1980-12-25
Karen,Strickland,US,karen.strickland@hotmail.com,1969-08-26
Jason,Curtis,CA,jason.curtis@yahoo.com,2004-02-20
April,Pugh,US,april.pugh@hotmail.com,2003-01-14
Barbara,Snyder,US,barbara.snyder@gmail.com,2001-03-14
Jennifer,Carter,US,YFW1vajennifer.carter@hotmail.com,1983-06-04
Grant,Fischer,CA,grant.fischer@yahoo.com,1967-02-08
Erica,Gonzalez,US,erica.gonzalez@hotmail.com,1991-02-16
Ashley,Shea,US,ashley.shea@hotmail.com,1994-10-27
Amy,Garrett,SE,amy.garrett@gmail.com,1981-03-05
James,Mcclain,AU,james.mcclain@hotmail.com,1961-08-29
Sean,Pope,US,sean.pope@gmail.com,1963-02-05
Keith,Phillips,US,keith.phillips@gmail.com,1988-08-24
Michael,Hayes,US,TrZONJmichael.hayes@yahoo.com,1965-10-24
Mark,Oconnell,US,mark.oconnell@gmail.com,1994-04-13
Vincent,Bishop,US,vincent.bishop@yahoo.com,2007-06-18
Betty,Snyder,US,betty.snyder@hotmail.com,1952-04-19
Jacob,Kane,US,jacob.kane@gmail.com,1983-09-16
Richard,Marshall,US,hS4oFrrichard.marshall@gmail.com,1962-08-20
Frances,Baker,CA,frances.baker@gmail.com,1963-07-19
Belinda,Herman,US,belinda.herman@gmail.com,1973-02-24
Christine,Blevins,CA,christine.blevins@hotmail.com,1979-06-02
Christopher,Schwartz,US,christopher.schwartz@yahoo.com,1993-03-14
Crystal,Smith,US,crystal.smith@yahoo.com,2002-09-11
Anthony,Joseph,US,anthony.joseph@yahoo.com,1967-03-05
Eric,Huber,FR,eric.huber@yahoo.com,1966-06-10
Margaret,James,US,margaret.james@gmail.com,2006-04-06
Michael,Miller,US,yiUFXqmichael.miller@hotmail.com,1996-08-24
Travis,Smith,CA,travis.smith@gmail.com,1960-05-10
Douglas,Mcdaniel,US,douglas.mcdaniel@hotmail.com,1980-12-04
Kimberly,Fisher,CA,kimberly.fisher@yahoo.com,1994-05-16
Claire,Phillips,US,claire.phillips@gmail.com,1967-07-03
Lauren,Carson,GB,lauren.carson@hotmail.com,1955-01-29
Michael,Morris,US,michael.morris@gmail.com,1981-05-10
Kristie,Gonzalez,DE,kristie.gonzalez@yahoo.com,1981-10-31
Jennifer,Ramirez,US,jennifer.ramirez@yahoo.com,2007-03-25
Natalie,Sims,GB,natalie.sims@hotmail.com,1962-09-11
Alexis,Wood,FR,alexis.wood@hotmail.com,1950-09-27
Robert,Brooks,CA,robert.brooks@gmail.com,1963-06-13
John,Horton,US,john.horton@yahoo.com,2008-06-09
James,Howell,DE,james.howell@yahoo.com,1992-06-02
Kristin,Diaz,GB,kristin.diaz@gmail.com,2001-05-25
Jeffrey,Hawkins,CA,jeffrey.hawkins@hotmail.com,2007-06-28
Hannah,Moore,CA,hannah.moore@hotmail.com,1974-03-03
Valerie,Schwartz,US,valerie.schwartz@hotmail.com,2005-09-20
Keith,Turner,CA,keith.turner@hotmail.com,1963-08-03
Destiny,Russell,GB,destiny.russell@gmail.com,1964-05-14
James,Green,CA,james.green@hotmail.com,1979-02-08
Morgan,Walker,US,morgan.walker@hotmail.com,1972-10-25
Tara,Delgado,CA,tara.delgado@hotmail.com,1977-07-27
Steven,Moore,DE,steven.moore@yahoo.com,1962-08-31
Debra,Warner,GB,debra.warner@hotmail.com,2000-01-07
Bryan,Dixon,US,bryan.dixon@yahoo.com,2001-09-29
Diana,Hess,NL,diana.hess@gmail.com,2008-01-17
Karen,Gordon,AU,karen.gordon@hotmail.com,1955-12-19
James,Galloway,US,james.galloway@hotmail.com,1981-04-29
Logan,Martin,US,logan.martin@hotmail.com,1964-10-21
Danielle,Estrada,FR,danielle.estrada@yahoo.com,1997-04-07
Mario,Lambert,CA,mario.lambert@yahoo.com,1954-10-29
Gerald,Miranda,US,gerald.miranda@gmail.com,1951-04-02
Laura,Cain,DE,laura.cain@yahoo.com,1988-06-25
Dennis,Kennedy,US,dennis.kennedy@gmail.com,1994-12-13
Samuel,Carter,US,samuel.carter@yahoo.com,1969-09-26
Christopher,Franklin,AU,christopher.franklin@yahoo.com,1954-03-16
Sarah,Salas,FR,sarah.salas@yahoo.com,1982-06-04
Rebecca,Bailey,US,rebecca.bailey@yahoo.com,1983-08-11
Miranda,Herrera,US,miranda.herrera@gmail.com,1971-10-01
Michelle,Brooks,US,michelle.brooks@yahoo.com,2001-12-30
Linda,Hunt,AU,linda.hunt@yahoo.com,2000-09-23
Daniel,Johnson,US,JIFwxidaniel.johnson@yahoo.com,2003-10-29
Jessica,Watson,US,jessica.watson@yahoo.com,1999-11-09
William,Middleton,NL,william.middleton@gmail.com,1998-07-08
Joseph,Scott,US,joseph.scott@hotmail.com,1972-04-11
Travis,Brown,US,travis.brown@hotmail.com,1966-10-12
Karen,Boone,CA,karen.boone@yahoo.com,1992-12-01
Hannah,Park,CA,hannah.park@hotmail.com,1963-09-26
Angela,Young,GB,angela.young@yahoo.com,1969-08-31
Margaret,Parker,US,margaret.parker@hotmail.com,1961-12-23
Loretta,Phillips,DE,loretta.phillips@yahoo.com,1955-10-01
Jonathan,Russell,GB,jonathan.russell@gmail.com,1972-06-16
Rebecca,Leon,GB,rebecca.leon@gmail.com,1987-08-16
Matthew,Ortiz,AU,matthew.ortiz@gmail.com,1963-11-11
Joseph,Stanley,US,joseph.stanley@gmail.com,1991-08-07
Jennifer,Knight,US,jennifer.knight@yahoo.com,1971-03-25
Jonathan,Jarvis,CA,jonathan.jarvis@yahoo.com,1967-04-19
Nicole,Carpenter,US,nicole.carpenter@hotmail.com,1961-11-12
Patricia,Schneider,US,patricia.schneider@gmail.com,2000-12-04
Deborah,Murray,CA,deborah.murray@gmail.com,1988-04-04
Alicia,Horton,US,alicia.horton@gmail.com,2007-08-27
Ashley,Huffman,SE,ashley.huffman@yahoo.com,1986-01-03
Margaret,Hensley,CA,margaret.hensley@gmail.com,1996-06-21
Jeffrey,Dixon,GB,jeffrey.dixon@hotmail.com,1982-07-04
Karen,Wallace,CA,karen.wallace@yahoo.com,1953-08-03
Thomas,Mejia,US,thomas.mejia@gmail.com,1978-10-13
Robin,Myers,US,robin.myers@hotmail.com,1985-05-27
Sandra,Hendrix,CA,sandra.hendrix@yahoo.com,2005-02-03
Ernest,Miller,AU,ernest.miller@hotmail.com,2004-03-04
Phillip,Sullivan,US,phillip.sullivan@gmail.com,1975-06-21
Cody,Barnes,GB,HUcSOlcody.barnes@yahoo.com,1955-12-08
Robert,Johnson,US,robert.johnson@hotmail.com,1981-04-06
Benjamin,Moreno,US,benjamin.moreno@yahoo.com,1959-06-22
Keith,Anderson,GB,keith.anderson@gmail.com,2002-03-17
Luis,Brown,US,luis.brown@gmail.com,1953-05-08
James,Tyler,US,james.tyler@gmail.com,1965-06-05
Angela,Riley,US,angela.riley@hotmail.com,2000-07-12
Jennifer,Berry,US,jennifer.berry@hotmail.com,1964-08-23
Robert,Carney,US,robert.carney@gmail.com,1952-07-24
Glenn,Thompson,FR,glenn.thompson@gmail.com,1951-06-20
Veronica,Klein,US,veronica.klein@yahoo.com,2007-03-09
David,Underwood,US,david.underwood@hotmail.com,1980-08-06
Kathleen,Reyes,DE,kathleen.reyes@hotmail.com,1953-05-24
Stephen,Evans,US,stephen.evans@hotmail.com,2001-08-07
Desiree,Cooper,CA,desiree.cooper@yahoo.com,1995-12-28
Brooke,Wells,CA,brooke.wells@hotmail.com,1990-10-04
Jake,Hopkins,US,jake.hopkins@gmail.com,2008-06-03
Richard,Ingram,AU,richard.ingram@yahoo.com,1983-12-07
Ronald,Rivera,US,ronald.rivera@gmail.com,1968-09-07
Jasmin,Rice,DE,jasmin.rice@yahoo.com,1960-02-04
Daniel,Clark,GB,daniel.clark@gmail.com,2002-03-23
Brendan,Barr,US,brendan.barr@yahoo.com,1976-02-04
Manuel,West,US,manuel.west@hotmail.com,1956-04-06
Richard,Bates,CA,richard.bates@hotmail.com,1970-01-06
Victoria,Mcdaniel,DE,victoria.mcdaniel@gmail.com,1985-03-08
Deborah,Chapman,CA,deborah.chapman@yahoo.com,1982-01-11
David,Sharp,US,david.sharp@gmail.com,1970-07-14
Jerome,Mayer,CA,jerome.mayer@yahoo.com,1953-09-15
Jamie,Sullivan,US,jamie.sullivan@yahoo.com,1970-01-08
Katherine,Lang,CA,katherine.lang@hotmail.com,1988-05-22
Deanna,Bradford,US,deanna.bradford@yahoo.com,1981-06-23
Brent,Johnson,AU,brent.johnson@yahoo.com,1974-03-16
Greg,Holloway,US,greg.holloway@hotmail.com,1972-07-12
Nancy,Robertson,US,nancy.robertson@yahoo.com,1966-01-20
Thomas,Williams,SE,thomas.williams@gmail.com,1994-08-08
Melissa,Walters,US,melissa.walters@gmail.com,1973-03-07
Tiffany,Johnson,US,aUYsYxtiffany.johnson@yahoo.com,1959-05-23
Darryl,Grimes,CA,darryl.grimes@hotmail.com,1979-10-11
Theresa,Wilson,US,theresa.wilson@gmail.com,2004-01-08
Diane,Smith,US,diane.smith@gmail.com,1965-07-13
Angelica,Ruiz,US,angelica.ruiz@gmail.com,1979-05-27
Jerome,Young,GB,jerome.young@gmail.com,1958-02-25
Kathy,Wiggins,US,kathy.wiggins@yahoo.com,1971-04-07
David,Walters,US,david.walters@yahoo.com,1978-03-04
Kenneth,Carpenter,GB,kenneth.carpenter@hotmail.com,1957-04-29
Samuel,Frederick,US,samuel.frederick@yahoo.com,1979-08-16
William,Bryant,US,PmZGkiwilliam.bryant@gmail.com,1972-02-01
Randy,Wood,SE,randy.wood@yahoo.com,1955-12-19
Joshua,Colon,US,joshua.colon@gmail.com,1997-04-13
Carrie,Clark,US,carrie.clark@yahoo.com,1998-08-31
Ashley,Jones,GB,ashley.jones@yahoo.com,1976-02-01
Kevin,Ruiz,GB,kevin.ruiz@gmail.com,1952-05-01
Tracy,Murphy,SE,tracy.murphy@yahoo.com,1988-01-28
Ryan,Powell,US,ryan.powell@gmail.com,2003-11-26
Paul,Barber,US,paul.barber@yahoo.com,1975-09-25
Misty,Hayes,AU,misty.hayes@gmail.com,2000-03-30
Thomas,Martin,CA,thomas.martin@yahoo.com,1968-11-01
Austin,Luna,GB,austin.luna@yahoo.com,1953-09-19
Elizabeth,Berry,US,elizabeth.berry@yahoo.com,1970-05-19
Samantha,Palmer,NL,samantha.palmer@yahoo.com,1960-12-31
Ashley,Matthews,US,ashley.matthews@yahoo.com,1955-12-15
Tiffany,Strickland,NL,tiffany.strickland@gmail.com,1959-01-26
Travis,Wiggins,US,travis.wiggins@gmail.com,1958-12-16
Teresa,Dunn,DE,teresa.dunn@hotmail.com,1998-09-09
Rebecca,Ryan,US,rebecca.ryan@hotmail.com,1980-01-06
Grace,Lewis,US,grace.lewis@gmail.com,1951-05-25
Katrina,Scott,GB,katrina.scott@gmail.com,2003-08-26
Carlos,Hale,US,carlos.hale@gmail.com,1991-12-31
Robert,Oconnor,US,robert.oconnor@gmail.com,2008-01-13
Kara,Alvarez,NL,kara.alvarez@gmail.com,2004-08-19
Douglas,Callahan,US,douglas.callahan@yahoo.com,1956-06-20
Linda,Watkins,US,linda.watkins@yahoo.com,1952-01-09
Shelly,Powers,DE,shelly.powers@yahoo.com,1951-03-29
Kimberly,White,US,kimberly.white@yahoo.com,1966-02-07
Mark,Bailey,US,mark.bailey@gmail.com,1962-04-30
Jason,Green,GB,jason.green@gmail.com,1960-12-01
Cheryl,Valencia,US,cheryl.valencia@hotmail.com,2006-04-14
Robert,Fields,AU,robert.fields@yahoo.com,1999-10-19
Scott,Clark,US,scott.clark@yahoo.com,1988-02-05
Rodney,Watts,CA,rodney.watts@hotmail.com,1960-12-06
John,Foster,US,john.foster@gmail.com,1978-01-07
Tammy,Pratt,US,tammy.pratt@yahoo.com,1968-02-16
Barbara,Gutierrez,GB,barbara.gutierrez@yahoo.com,1959-08-21
Jillian,Jones,GB,jillian.jones@yahoo.com,1974-04-08
Amanda,Santiago,US,amanda.santiago@gmail.com,2000-11-19
Laurie,Cunningham,US,laurie.cunningham@gmail.com,1988-12-30
Jeremy,Wood,US,jeremy.wood@yahoo.com,1973-10-26
James,Russell,US,james.russell@yahoo.com,1974-04-26
Richard,Peterson,US,richard.peterson@yahoo.com,1960-04-23
Daniel,Williams,US,oRMKMIdaniel.williams@gmail.com,1985-05-05
Kristina,Robertson,CA,9DidwFkristina.robertson@gmail.com,1994-05-12
Jim,Hicks,US,jim.hicks@hotmail.com,2002-04-12
Michael,Mcdonald,US,michael.mcdonald@gmail.com,1968-09-01
Caitlin,Bass,US,caitlin.bass@gmail.com,1989-08-26
Janet,Hernandez,GB,janet.hernandez@gmail.com,2001-06-10
Zachary,Moreno,NL,zachary.moreno@gmail.com,1986-09-14
Jennifer,Carter,NL,Pg6v4Fjennifer.carter@hotmail.com,1963-09-09
Shannon,Gomez,US,shannon.gomez@gmail.com,1963-08-20
Katrina,Allen,US,katrina.allen@gmail.com,2002-05-16
Jessica,Goodwin,DE,jessica.goodwin@hotmail.com,1966-02-22
Heather,Lawrence,AU,heather.lawrence@yahoo.com,1959-07-14
Tyler,Newman,FR,tyler.newman@gmail.com,1970-10-03
Crystal,Paul,US,crystal.paul@gmail.com,1964-07-15
Douglas,Vang,US,douglas.vang@hotmail.com,1971-08-02
Kristen,White,US,kristen.white@hotmail.com,1999-12-08
Cheryl,Black,NL,cheryl.black@yahoo.com,1961-04-29
Robert,Montoya,DE,robert.montoya@yahoo.com,2007-04-30
Brian,Thornton,CA,brian.thornton@yahoo.com,1971-01-30
James,Macdonald,DE,james.macdonald@hotmail.com,1981-11-10
Aaron,Craig,AU,aaron.craig@hotmail.com,1966-11-13
Joshua,Garner,US,joshua.garner@gmail.com,1967-08-13
Leah,Morgan,FR,leah.morgan@hotmail.com,1960-12-15
Reginald,Hill,US,reginald.hill@gmail.com,1985-02-17
Derek,French,US,derek.french@gmail.com,1997-06-14
Kevin,Bryan,US,kevin.bryan@gmail.com,1992-11-20
Doris,Romero,FR,doris.romero@hotmail.com,2005-05-19
Nancy,Bailey,US,nancy.bailey@gmail.com,1952-01-12
David,Patterson,DE,david.patterson@yahoo.com,1962-10-16
Justin,Smith,US,justin.smith@hotmail.com,1962-05-22
Lisa,Medina,GB,lisa.medina@hotmail.com,1995-02-24
Sarah,Peters,US,sarah.peters@hotmail.com,1979-11-13
Jesse,Moore,CA,jesse.moore@yahoo.com,1988-11-28
Phillip,Jenkins,DE,phillip.jenkins@yahoo.com,1985-07-01
Joshua,Walker,US,joshua.walker@yahoo.com,1998-11-04
Sierra,Smith,US,sierra.smith@hotmail.com,1986-04-06
Monica,Ferguson,FR,monica.ferguson@yahoo.com,1958-09-26
Katherine,Hernandez,US,katherine.hernandez@hotmail.com,1993-05-28
Austin,Sanchez,CA,austin.sanchez@gmail.com,1997-07-07
Molly,Bennett,US,molly.bennett@hotmail.com,1968-06-24
Anthony,Elliott,CA,anthony.elliott@yahoo.com,1989-09-13
Amy,Myers,US,amy.myers@hotmail.com,1965-05-25
Billy,Hernandez,GB,billy.hernandez@yahoo.com,1994-01-17
Sherri,Bradley,US,sherri.bradley@gmail.com,1965-07-20
Gregory,Brandt,AU,gregory.brandt@hotmail.com,1987-06-14
Crystal,Brewer,US,crystal.brewer@gmail.com,1994-12-31
Sara,Carter,US,sara.carter@gmail.com,1998-01-04
Alan,Thomas,GB,alan.thomas@gmail.com,1966-09-27
Gina,Berger,US,gina.berger@yahoo.com,1951-09-22
Sarah,Hanna,US,sarah.hanna@hotmail.com,1955-11-10
Madeline,Cantu,US,madeline.cantu@gmail.com,1962-02-26
Marisa,Jones,US,marisa.jones@gmail.com,1979-08-13
Margaret,Lin,AU,margaret.lin@gmail.com,1964-02-05
Mark,Short,US,mark.short@gmail.com,1952-03-31
Andrew,Wilson,US,andrew.wilson@hotmail.com,1998-08-31
Monique,Jones,GB,monique.jones@yahoo.com,1979-09-25
Jeffrey,Chavez,AU,jeffrey.chavez@hotmail.com,1991-04-12
Cheryl,Day,SE,cheryl.day@hotmail.com,1994-08-04
Christopher,Lopez,US,w3CxXlchristopher.lopez@yahoo.com,1991-08-07
Michael,Thompson,DE,michael.thompson@hotmail.com,1968-01-03
Douglas,Marshall,US,douglas.marshall@gmail.com,1994-12-04
Matthew,Davis,US,matthew.davis@yahoo.com,2001-02-15
Robert,Wood,CA,robert.wood@hotmail.com,1998-11-06
Brian,Mcgee,US,brian.mcgee@yahoo.com,1961-08-29
Seth,Monroe,CA,seth.monroe@yahoo.com,1956-06-05
Julia,Miller,US,julia.miller@yahoo.com,2007-05-10
Christopher,Chen,CA,christopher.chen@gmail.com,1987-02-02
Daniel,Rodriguez,US,daniel.rodriguez@gmail.com,1957-01-26
Allison,Campbell,US,allison.campbell@hotmail.com,1965-05-19
David,Mendoza,GB,david.mendoza@hotmail.com,1961-12-01
Christine,Tran,DE,christine.tran@gmail.com,1982-08-10
Jennifer,Mills,GB,jennifer.mills@gmail.com,1986-07-22
Patrick,Weaver,GB,patrick.weaver@gmail.com,1969-09-20
David,Dalton,AU,david.dalton@gmail.com,1989-03-28
Derek,Landry,US,derek.landry@gmail.com,1968-01-25
Melinda,Blake,US,melinda.blake@gmail.com,1986-12-03
Mary,Proctor,US,mary.proctor@yahoo.com,1967-04-12
Brandon,Hill,CA,brandon.hill@yahoo.com,1987-06-10
John,Singleton,US,john.singleton@yahoo.com,1959-04-14
Kathleen,Cowan,SE,kathleen.cowan@gmail.com,1951-05-24
Aaron,Wade,AU,aaron.wade@hotmail.com,1989-12-27
Mary,Hernandez,US,mary.hernandez@yahoo.com,1994-09-22
Joseph,Pearson,US,joseph.pearson@gmail.com,1951-08-24
Justin,Yates,CA,justin.yates@gmail.com,1987-10-04
Paul,Logan,US,paul.logan@hotmail.com,1982-11-14
Kelsey,Rodriguez,GB,mqqogkkelsey.rodriguez@hotmail.com,1959-06-03
Erika,Mayer,AU,erika.mayer@hotmail.com,1954-06-09
Darren,Robinson,DE,darren.robinson@hotmail.com,1999-07-16
Jennifer,Williams,AU,w2CSjwjennifer.williams@gmail.com,1977-11-10
Louis,Macias,US,louis.macias@hotmail.com,1989-05-21
Michael,Jackson,GB,K1SScsmichael.jackson@hotmail.com,2007-06-12
Laura,Walters,CA,laura.walters@gmail.com,1974-11-05
Andre,Anderson,DE,andre.anderson@hotmail.com,1972-11-19
Robert,Morrow,US,robert.morrow@yahoo.com,1991-11-01
Michael,Jenkins,US,michael.jenkins@hotmail.com,1985-07-11
Keith,Thompson,CA,keith.thompson@gmail.com,1987-02-10
Calvin,Grant,CA,calvin.grant@gmail.com,1969-06-20
Andrew,Hopkins,US,andrew.hopkins@hotmail.com,2006-06-25
Kenneth,Cook,GB,kenneth.cook@yahoo.com,1983-04-10
Emily,Davis,GB,emily.davis@yahoo.com,1999-02-21
Vanessa,Nichols,US,vanessa.nichols@hotmail.com,1993-07-14
Michael,Massey,AU,michael.massey@yahoo.com,1965-10-19
Jenna,Kim,US,jenna.kim@hotmail.com,2002-09-11
Mary,Owen,DE,mary.owen@hotmail.com,2006-05-05
Daniel,Johnson,SE,fHYbvgdaniel.johnson@hotmail.com,1998-05-10
William,Bryant,GB,6nLECowilliam.bryant@gmail.com,2001-04-04
Tina,Barrett,AU,tina.barrett@yahoo.com,1989-03-23
Jonathan,Harris,US,jonathan.harris@gmail.com,1992-02-02
Rebecca,Diaz,US,rebecca.diaz@yahoo.com,1999-08-19
Michael,Harper,CA,michael.harper@hotmail.com,1986-09-09
Troy,Jones,US,troy.jones@gmail.com,1952-01-29
Elizabeth,Wilkinson,GB,elizabeth.wilkinson@gmail.com,1966-11-02
Jessica,Holmes,US,jessica.holmes@gmail.com,1980-04-07
Barbara,Mills,AU,barbara.mills@yahoo.com,1993-07-05
Morgan,Hicks,US,morgan.hicks@yahoo.com,1996-04-17
Kyle,Davis,US,kyle.davis@hotmail.com,1966-04-11
Cole,Saunders,US,cole.saunders@gmail.com,1986-03-15
Martin,Gray,US,martin.gray@gmail.com,1959-02-24
Eileen,Gomez,US,eileen.gomez@yahoo.com,1962-10-19
Larry,Duke,DE,larry.duke@gmail.com,1976-06-03
Oscar,Dennis,DE,oscar.dennis@gmail.com,1979-07-22
Amanda,Phillips,FR,amanda.phillips@hotmail.com,1971-09-28
Julie,Lester,US,julie.lester@gmail.com,1984-01-09
Destiny,Bennett,GB,destiny.bennett@gmail.com,1987-04-07
Ashley,Richardson,US,ashley.richardson@gmail.com,1965-07-01
Sherry,Mosley,US,sherry.mosley@yahoo.com,1995-08-21
Michael,Leon,AU,michael.leon@gmail.com,1959-08-31
Joseph,Wolf,US,joseph.wolf@gmail.com,1955-12-21
Lisa,Thompson,US,lisa.thompson@hotmail.com,1987-05-07
Angela,Ashley,DE,angela.ashley@yahoo.com,1986-05-30
Briana,Cunningham,US,briana.cunningham@hotmail.com,1988-09-02
Jamie,Aguilar,US,jamie.aguilar@yahoo.com,1950-10-15
Natasha,White,CA,natasha.white@hotmail.com,1957-06-23
Jody,Everett,FR,jody.everett@hotmail.com,1969-11-26
Leslie,Young,US,leslie.young@hotmail.com,1966-11-15
Ruben,Kim,US,ruben.kim@gmail.com,1968-07-19
Elizabeth,Schneider,US,elizabeth.schneider@yahoo.com,1967-06-18
Dylan,Buckley,CA,dylan.buckley@hotmail.com,1961-11-10
Timothy,Berg,US,timothy.berg@gmail.com,1998-04-01
Kimberly,Miles,DE,kimberly.miles@yahoo.com,1959-12-31
Billy,Soto,US,billy.soto@yahoo.com,1992-07-08
Jason,Keller,CA,jason.keller@hotmail.com,1970-01-09
Richard,Gregory,US,richard.gregory@yahoo.com,1968-03-17
Whitney,Freeman,US,whitney.freeman@hotmail.com,1985-03-31
Jeffrey,Gonzalez,CA,jeffrey.gonzalez@hotmail.com,2004-08-14
Bradley,Thomas,CA,bradley.thomas@gmail.com,1991-07-26
Alexis,Marshall,US,alexis.marshall@yahoo.com,1970-01-22
Sherry,Davis,CA,sherry.davis@gmail.com,2000-01-05
Jonathan,Smith,FR,jonathan.smith@hotmail.com,1976-04-15
Kimberly,Brooks,FR,kimberly.brooks@hotmail.com,1954-06-07
Kathleen,Wyatt,CA,kathleen.wyatt@yahoo.com,1967-02-24
Anne,West,FR,anne.west@hotmail.com,1966-05-08
David,Williams,US,david.williams@yahoo.com,1975-01-16
Richard,Miller,US,richard.miller@hotmail.com,1964-02-12
Alexander,Reynolds,US,alexander.reynolds@gmail.com,1953-02-04
Samuel,Browning,DE,samuel.browning@yahoo.com,1973-11-22
Nicholas,Morris,GB,nicholas.morris@hotmail.com,1954-01-13
Theresa,Goodwin,DE,theresa.goodwin@yahoo.com,1994-04-20
Brian,Johnson,GB,oX2hTMbrian.johnson@gmail.com,1994-11-15
Kelly,Anderson,US,kelly.anderson@gmail.com,1968-08-22
Billy,Palmer,GB,billy.palmer@yahoo.com,2004-11-06
Victoria,Maxwell,FR,victoria.maxwell@hotmail.com,1955-11-15
Miguel,Pitts,FR,miguel.pitts@hotmail.com,2004-11-16
Jason,West,AU,jason.west@hotmail.com,1978-02-15
Kristin,Brown,US,kristin.brown@gmail.com,1964-02-02
Joshua,Jackson,NL,joshua.jackson@yahoo.com,1964-09-11
Laura,Wright,SE,laura.wright@gmail.com,1997-08-21
Alexandria,Gonzalez,US,alexandria.gonzalez@yahoo.com,1978-09-30
Timothy,Stanley,CA,timothy.stanley@gmail.com,1957-05-17
John,Green,US,john.green@gmail.com,2003-07-22
Paul,Smith,DE,o8ktygpaul.smith@hotmail.com,1974-09-16
John,Miller,FR,john.miller@yahoo.com,1983-08-18
Penny,Thomas,US,penny.thomas@yahoo.com,1953-09-08
Emily,Short,US,emily.short@gmail.com,1962-10-17
Grace,Lawrence,AU,grace.lawrence@yahoo.com,2003-03-17
Jennifer,Mckenzie,GB,jennifer.mckenzie@yahoo.com,1998-12-04
Melissa,Davis,AU,melissa.davis@hotmail.com,1996-10-08
Jennifer,Robinson,US,jennifer.robinson@yahoo.com,1987-05-08
Pam,Orozco,US,pam.orozco@hotmail.com,1988-03-18
Kaitlin,Snyder,US,kaitlin.snyder@gmail.com,1969-07-19
Matthew,Holmes,US,matthew.holmes@yahoo.com,1987-07-30
Jason,Barnett,CA,jason.barnett@gmail.com,1973-09-13
Emily,Velasquez,AU,emily.velasquez@gmail.com,1989-11-04
Duane,Sampson,CA,duane.sampson@hotmail.com,2007-05-12
Jesus,Gonzalez,AU,jesus.gonzalez@hotmail.com,1975-08-28
Jeremiah,Sweeney,US,jeremiah.sweeney@hotmail.com,1961-03-24
Joseph,Browning,AU,joseph.browning@gmail.com,1979-12-20
Robert,Osborne,US,robert.osborne@gmail.com,2000-04-02
Austin,Figueroa,GB,austin.figueroa@yahoo.com,1989-03-13
Antonio,Davis,CA,antonio.davis@hotmail.com,1953-11-21
Stephen,Stevens,US,stephen.stevens@yahoo.com,1959-02-03
Denise,King,CA,denise.king@yahoo.com,1966-05-09
Nicholas,Vaughn,GB,nicholas.vaughn@gmail.com,1995-04-23
Paul,Summers,US,paul.summers@hotmail.com,1993-12-17
Joshua,Ford,US,joshua.ford@yahoo.com,2001-05-05
Brian,Roberts,AU,brian.roberts@hotmail.com,1981-04-07
Jason,Burnett,US,jason.burnett@gmail.com,1990-03-02
Charles,Kelly,US,charles.kelly@yahoo.com,2005-08-02
Anthony,Garza,US,anthony.garza@yahoo.com,1967-02-20
Krista,Whitney,US,krista.whitney@yahoo.com,2000-12-22
Meagan,Reed,US,meagan.reed@gmail.com,1978-03-23
Michael,Martin,US,michael.martin@hotmail.com,2004-10-05
Brandon,Prince,CA,brandon.prince@yahoo.com,1979-01-20
Perry,Sanchez,US,perry.sanchez@gmail.com,1984-08-18
Karen,Richards,US,karen.richards@yahoo.com,1965-06-04
Nancy,Smith,AU,nancy.smith@hotmail.com,1994-06-13
Nicole,Anderson,US,nicole.anderson@gmail.com,1960-01-28
Megan,Smith,FR,dmrdoZmegan.smith@hotmail.com,2005-10-31
Lauren,Holland,GB,lauren.holland@gmail.com,1953-05-06
David,Thomas,FR,QXz5iOdavid.thomas@hotmail.com,1973-12-07
Danielle,Larson,CA,danielle.larson@hotmail.com,1994-01-11
Morgan,Martinez,GB,morgan.martinez@hotmail.com,2006-07-08
Jaime,George,US,jaime.george@hotmail.com,1969-11-17
Robert,Hunt,GB,robert.hunt@hotmail.com,1989-08-29
Jonathan,Perry,AU,jonathan.perry@hotmail.com,1960-11-09
Micheal,Barnes,US,micheal.barnes@yahoo.com,1960-11-15
Kaylee,Parsons,CA,kaylee.parsons@hotmail.com,1953-12-11
Amanda,Wood,US,amanda.wood@hotmail.com,1978-11-12
William,King,US,EDgKXhwilliam.king@hotmail.com,1989-04-29
Christopher,Espinoza,DE,christopher.espinoza@hotmail.com,1995-07-10
Darrell,Stewart,US,darrell.stewart@hotmail.com,1995-10-19
Jill,Smith,NL,jill.smith@gmail.com,1994-11-19
Jacqueline,Chapman,US,jacqueline.chapman@hotmail.com,1976-05-06
Daniel,Johnson,GB,daniel.johnson@gmail.com,1960-03-25
Kelly,Fox,US,kelly.fox@hotmail.com,2005-02-04
Desiree,Freeman,CA,desiree.freeman@gmail.com,1961-05-31
Courtney,Little,US,courtney.little@yahoo.com,1961-04-23
Frances,Fleming,US,frances.fleming@gmail.com,1964-12-10
Karen,Barrera,DE,karen.barrera@hotmail.com,1978-07-24
William,Smith,FR,zIkYBkwilliam.smith@hotmail.com,1965-04-23
Jennifer,Diaz,GB,jennifer.diaz@yahoo.com,1980-11-23
Monica,Turner,US,monica.turner@hotmail.com,1981-04-11
Kristen,Holt,US,kristen.holt@hotmail.com,2002-03-18
Jeffrey,Bell,CA,jeffrey.bell@gmail.com,1979-12-07
Andrew,Shepherd,US,andrew.shepherd@yahoo.com,1974-12-27
Kylie,Cunningham,NL,kylie.cunningham@hotmail.com,1989-04-24
Crystal,Fernandez,GB,crystal.fernandez@hotmail.com,1978-03-15
Alexander,Miller,AU,alexander.miller@hotmail.com,1951-11-29
Thomas,Williams,GB,njSI2Zthomas.williams@hotmail.com,1992-05-19
David,Johnson,GB,yZZkAVdavid.johnson@gmail.com,1962-04-20
Michael,Brown,SE,awi4p6michael.brown@gmail.com,1961-10-09
Isabella,Glass,SE,isabella.glass@gmail.com,1976-07-26
Sheila,Ortega,CA,sheila.ortega@gmail.com,1959-11-09
Thomas,Jackson,US,thomas.jackson@gmail.com,1953-02-11
Melinda,Palmer,US,melinda.palmer@hotmail.com,1990-01-07
Samantha,Lucas,US,samantha.lucas@hotmail.com,1951-06-06
Natasha,Freeman,CA,natasha.freeman@gmail.com,2007-12-04
Eric,Lopez,US,eric.lopez@hotmail.com,1984-10-30
Jake,Ball,US,jake.ball@gmail.com,1953-06-14
Danielle,Wolfe,US,danielle.wolfe@hotmail.com,1997-03-09
Charles,Cook,CA,JDvFc4charles.cook@yahoo.com,2005-03-19
Olivia,Yang,GB,olivia.yang@gmail.com,1979-05-06
Albert,Porter,US,albert.porter@yahoo.com,1985-01-10
Colleen,Mayer,US,colleen.mayer@hotmail.com,1969-12-24
Shannon,Schroeder,US,shannon.schroeder@gmail.com,2000-10-24
Patty,Smith,US,patty.smith@hotmail.com,1952-06-21
Michelle,Arellano,US,michelle.arellano@hotmail.com,1981-04-27
Charles,Little,US,charles.little@hotmail.com,2000-10-30
Kayla,Brewer,DE,kayla.brewer@gmail.com,1984-10-26
Heather,Brown,US,U8RrIbheather.brown@yahoo.com,1979-05-14
Erin,Pham,AU,erin.pham@gmail.com,1977-06-15
Joy,Parker,NL,joy.parker@yahoo.com,1956-08-19
Lynn,Mckinney,CA,lynn.mckinney@hotmail.com,1996-06-10
Richard,Carr,DE,richard.carr@yahoo.com,1997-11-06
Blake,Lin,AU,blake.lin@gmail.com,2007-02-22
Vicki,Robertson,US,vicki.robertson@yahoo.com,1965-11-23
Anna,Simmons,US,anna.simmons@yahoo.com,1956-07-21
Dale,Peterson,US,dale.peterson@yahoo.com,1976-06-14
Tara,Norman,US,tara.norman@hotmail.com,1963-11-25
David,Walker,US,david.walker@hotmail.com,1963-05-04
David,Alvarado,US,david.alvarado@hotmail.com,1981-08-15
Kathleen,Mullen,CA,kathleen.mullen@yahoo.com,2002-02-16
Patrick,Lopez,NL,patrick.lopez@hotmail.com,1957-08-30
James,Whitney,GB,james.whitney@hotmail.com,1966-03-27
Kelly,Holland,US,kelly.holland@gmail.com,2001-09-19
Alicia,Roberts,GB,alicia.roberts@hotmail.com,1990-09-18
Kenneth,Bailey,US,kenneth.bailey@hotmail.com,1982-05-13
Samantha,Adkins,US,samantha.adkins@yahoo.com,1993-09-11
Bryan,Walker,GB,bryan.walker@gmail.com,1986-03-15
Andrew,Cain,US,andrew.cain@gmail.com,2002-08-23
Eric,Butler,US,eric.butler@yahoo.com,1972-11-02
Charles,Mcclure,US,HK42Kxcharles.mcclure@hotmail.com,1993-10-02
Barbara,Ho,US,barbara.ho@yahoo.com,1962-12-03
Laura,Moore,US,laura.moore@gmail.com,1953-10-15
Tara,Richard,US,tara.richard@hotmail.com,1985-07-04
Michael,Pope,FR,michael.pope@gmail.com,2006-01-08
Jacob,Woods,AU,jacob.woods@hotmail.com,1980-10-24
Stephen,Allen,CA,stephen.allen@gmail.com,1977-10-18
Annette,Terry,US,annette.terry@gmail.com,1979-11-09
Amanda,Duncan,AU,amanda.duncan@hotmail.com,1954-01-31
Austin,Smith,CA,4eEdUgaustin.smith@gmail.com,1994-02-16
Kelly,Cervantes,CA,kelly.cervantes@gmail.com,2005-01-04
Christopher,Stanley,US,christopher.stanley@hotmail.com,1990-06-18
David,Bell,DE,david.bell@hotmail.com,1988-09-13
Sarah,Fitzgerald,AU,sarah.fitzgerald@gmail.com,1968-03-28
Ashley,Palmer,GB,ashley.palmer@gmail.com,1983-05-29
William,Rogers,FR,william.rogers@yahoo.com,1981-12-20
Benjamin,Moore,CA,benjamin.moore@yahoo.com,1960-12-07
Joseph,Perez,CA,joseph.perez@gmail.com,1961-10-30
Zachary,Hill,US,zachary.hill@yahoo.com,1996-06-04
Brian,Young,CA,brian.young@yahoo.com,2004-08-10
Amy,Smith,US,oxZKFWamy.smith@hotmail.com,1987-04-21
Stephanie,Brady,GB,stephanie.brady@gmail.com,1966-02-22
Stephanie,Pena,US,stephanie.pena@gmail.com,1971-09-25
Corey,Davenport,FR,corey.davenport@hotmail.com,1952-08-15
John,Lopez,US,john.lopez@gmail.com,1968-03-01
Carrie,Anderson,GB,carrie.anderson@yahoo.com,1959-10-15
Matthew,Ferguson,US,matthew.ferguson@yahoo.com,1971-03-01
Mary,Berg,GB,mary.berg@gmail.com,1984-10-02
Alexis,Clark,US,alexis.clark@hotmail.com,1975-01-13
Jasmine,Rosario,AU,jasmine.rosario@gmail.com,1982-07-27
Michael,Dennis,CA,michael.dennis@gmail.com,1990-08-28
Adam,Fields,US,adam.fields@hotmail.com,1994-08-15
Beverly,Barrera,US,beverly.barrera@hotmail.com,1954-01-19
Andrea,Huff,US,andrea.huff@hotmail.com,1963-06-07
Jesse,Fuller,US,jesse.fuller@yahoo.com,1960-12-07
Jane,Wallace,US,jane.wallace@gmail.com,1967-03-31
Angelica,Zamora,US,angelica.zamora@yahoo.com,1956-01-16
Connor,Kelley,US,connor.kelley@hotmail.com,1977-08-25
Lisa,Washington,DE,lisa.washington@hotmail.com,1973-10-02
Timothy,Porter,US,timothy.porter@gmail.com,2004-07-05
Shannon,Everett,US,shannon.everett@gmail.com,1967-05-24
Melissa,Mata,US,melissa.mata@gmail.com,1987-03-24
Susan,Greene,US,susan.greene@gmail.com,1979-03-26
David,Maynard,US,david.maynard@yahoo.com,1955-12-27
Alexa,Allen,NL,alexa.allen@gmail.com,1985-06-04
Kevin,Johnson,US,kevin.johnson@yahoo.com,1975-11-23
Bethany,Pineda,SE,bethany.pineda@gmail.com,1980-11-15
Michelle,Cantu,US,michelle.cantu@gmail.com,1985-12-10
Barbara,Harvey,US,barbara.harvey@yahoo.com,1996-01-23
Deanna,Stewart,US,deanna.stewart@yahoo.com,1999-02-26
Rebecca,Adams,CA,rebecca.adams@gmail.com,1973-01-13
Samuel,Hernandez,US,samuel.hernandez@yahoo.com,1955-04-22
Jane,Harrington,SE,jane.harrington@gmail.com,1987-11-02
Lisa,Baxter,US,lisa.baxter@gmail.com,1952-07-22
Amber,Herring,AU,amber.herring@hotmail.com,1955-05-09
Michael,Norton,CA,michael.norton@hotmail.com,2003-05-07
Paula,Bennett,GB,paula.bennett@yahoo.com,1992-02-27
Ann,Walker,CA,ann.walker@hotmail.com,1954-07-14
Tina,Oneill,US,tina.oneill@gmail.com,1967-08-22
Victoria,Stewart,US,victoria.stewart@hotmail.com,1977-10-13
Tara,Parker,DE,tara.parker@yahoo.com,1960-01-19
Adrian,Buchanan,DE,adrian.buchanan@gmail.com,1961-12-19
Randy,Griffin,US,randy.griffin@hotmail.com,1995-02-15
David,Jordan,US,david.jordan@yahoo.com,2004-05-27
Molly,Carpenter,CA,molly.carpenter@hotmail.com,1968-08-20
Andrea,Black,US,andrea.black@hotmail.com,1999-01-29
Patrick,Williams,CA,patrick.williams@hotmail.com,1985-08-22
Sherri,Christensen,FR,sherri.christensen@yahoo.com,1973-09-17
Jason,Becker,CA,jason.becker@yahoo.com,1995-06-18
Jessica,Evans,NL,jessica.evans@yahoo.com,1952-05-20
Theresa,Gibbs,US,theresa.gibbs@hotmail.com,1961-08-11
Katie,Clark,CA,katie.clark@gmail.com,1954-10-24
Brian,Love,DE,brian.love@hotmail.com,1989-05-31
Dorothy,Adams,AU,dorothy.adams@gmail.com,2002-10-08
Michael,Vasquez,US,michael.vasquez@gmail.com,1973-02-24
Brad,Turner,US,brad.turner@yahoo.com,2001-07-01
Ruben,Powell,US,ruben.powell@hotmail.com,1953-12-21
Jeremy,Long,GB,jeremy.long@yahoo.com,1986-12-24
Richard,Nichols,GB,richard.nichols@hotmail.com,1951-01-07
Joshua,Stanley,US,joshua.stanley@gmail.com,1959-08-29
Daniel,Weaver,US,daniel.weaver@gmail.com,1992-01-26
Matthew,Anderson,US,matthew.anderson@gmail.com,1989-11-23
Tracy,Higgins,AU,tracy.higgins@gmail.com,1994-06-04
Darrell,Jenkins,US,darrell.jenkins@yahoo.com,2005-08-06
Teresa,Lee,US,teresa.lee@yahoo.com,1990-02-15
Jerry,Bailey,CA,jerry.bailey@gmail.com,2008-03-09
Gary,Davis,US,gary.davis@hotmail.com,1951-06-03
Sandra,Garcia,US,sandra.garcia@gmail.com,1982-01-16
Stacy,Morrison,GB,stacy.morrison@yahoo.com,1973-03-11
Benjamin,Stark,US,benjamin.stark@gmail.com,1990-01-09
Deanna,Keith,US,deanna.keith@hotmail.com,1995-04-26
Sarah,Terry,CA,sarah.terry@hotmail.com,1951-02-13
John,Powell,AU,john.powell@gmail.com,1978-06-03
Mark,Newton,AU,mark.newton@yahoo.com,1983-03-17
Betty,Garcia,US,betty.garcia@hotmail.com,1957-03-09
Cody,Mullins,US,cody.mullins@gmail.com,1983-03-14
Madison,Walls,GB,madison.walls@yahoo.com,1979-12-27
Tristan,Bond,US,tristan.bond@gmail.com,1989-07-09
Monica,Coleman,CA,monica.coleman@yahoo.com,1961-01-07
Tracey,Carr,CA,tracey.carr@gmail.com,1976-06-07
Fernando,Kelly,US,fernando.kelly@hotmail.com,1964-07-18
Michelle,Day,US,michelle.day@hotmail.com,2008-04-15
Daniel,Marshall,US,daniel.marshall@hotmail.com,1982-08-02
Lisa,Santiago,AU,lisa.santiago@gmail.com,2005-03-23
James,Skinner,US,james.skinner@yahoo.com,1976-12-18
Jessica,Lewis,CA,jessica.lewis@hotmail.com,2002-12-09
Susan,Miller,US,susan.miller@gmail.com,1968-05-02
Mitchell,Burns,US,mitchell.burns@gmail.com,1987-03-13
Margaret,Wyatt,CA,margaret.wyatt@gmail.com,1976-10-21
Rebecca,Landry,AU,rebecca.landry@yahoo.com,1957-02-24
Rebecca,Duncan,US,rebecca.duncan@yahoo.com,1987-03-07
Bryan,Smith,US,bryan.smith@hotmail.com,1991-01-08
Paul,Leonard,DE,paul.leonard@gmail.com,1961-01-26
Scott,Giles,FR,scott.giles@hotmail.com,1969-12-19
Emily,Hawkins,US,emily.hawkins@hotmail.com,1956-12-15
Dustin,Torres,FR,dustin.torres@hotmail.com,1976-06-15
Lisa,Hicks,US,lisa.hicks@hotmail.com,1977-04-15
Dennis,Carrillo,US,dennis.carrillo@hotmail.com,1978-05-11
Tyler,Mcdaniel,AU,tyler.mcdaniel@yahoo.com,1976-08-08
Jeffrey,Smith,US,jeffrey.smith@yahoo.com,1985-09-04
Kevin,Obrien,GB,kevin.obrien@gmail.com,1982-07-20
Derek,Sutton,US,derek.sutton@gmail.com,2006-05-12
Jason,Johnson,AU,jason.johnson@hotmail.com,1973-06-13
John,Snyder,FR,john.snyder@yahoo.com,1957-07-28
Ashley,Herrera,US,ashley.herrera@yahoo.com,1993-12-05
Kathryn,Baker,CA,kathryn.baker@yahoo.com,1956-11-25
Joseph,Williams,AU,joseph.williams@yahoo.com,1964-04-25
Michael,Fischer,DE,michael.fischer@hotmail.com,1954-06-12
Molly,Griffin,GB,molly.griffin@hotmail.com,2003-04-08
Joseph,Gomez,US,joseph.gomez@gmail.com,1976-11-25
Larry,Barker,AU,larry.barker@yahoo.com,1964-08-09
Jesse,Jones,CA,1Oalpgjesse.jones@gmail.com,2007-09-29
Jason,Harris,US,jason.harris@yahoo.com,1987-03-28
Dana,Reed,US,dana.reed@gmail.com,1992-05-15
Melissa,Hill,US,melissa.hill@yahoo.com,2003-12-14
Lisa,Ortiz,US,lisa.ortiz@yahoo.com,1974-07-04
Samantha,Armstrong,AU,samantha.armstrong@gmail.com,1981-06-20
Danielle,Curtis,FR,danielle.curtis@hotmail.com,1971-05-29
Scott,Allison,FR,scott.allison@yahoo.com,2005-01-02
Francisco,Pacheco,US,francisco.pacheco@gmail.com,1997-04-19
Jean,Goodwin,SE,jean.goodwin@yahoo.com,2002-02-21
Eric,Rios,CA,eric.rios@yahoo.com,1990-04-13
Veronica,Coffey,DE,veronica.coffey@yahoo.com,1956-09-11
Randy,Pennington,GB,randy.pennington@yahoo.com,1982-11-18
Linda,Mercer,US,linda.mercer@gmail.com,1989-05-28
Jerry,Robinson,AU,jerry.robinson@yahoo.com,1967-10-10
Michael,Ponce,GB,UEwbstmichael.ponce@yahoo.com,1988-10-24
Kurt,Cabrera,NL,kurt.cabrera@gmail.com,1991-08-19
Robert,Freeman,FR,robert.freeman@hotmail.com,1963-07-24
Mitchell,Greer,GB,mitchell.greer@hotmail.com,1988-05-19
Christopher,Pope,US,christopher.pope@hotmail.com,1951-08-17
Maria,Mullins,GB,maria.mullins@hotmail.com,1987-04-30
Brian,Johnson,GB,F6ScAjbrian.johnson@gmail.com,1953-05-05
Joseph,Peterson,US,joseph.peterson@yahoo.com,1957-08-15
Ruth,Patrick,US,ruth.patrick@hotmail.com,2004-09-19
Melissa,English,CA,melissa.english@yahoo.com,2000-03-04
Daniel,Martin,US,daniel.martin@gmail.com,1996-09-06
Sandra,Hull,AU,sandra.hull@yahoo.com,1959-10-08
Jessica,Dominguez,US,jessica.dominguez@gmail.com,1983-11-15
Aaron,Campbell,US,aaron.campbell@hotmail.com,1968-12-12
Julia,Abbott,NL,julia.abbott@hotmail.com,1964-07-25
Anthony,Brown,GB,anthony.brown@yahoo.com,1973-01-14
Gregory,Wright,NL,GDW7Hjgregory.wright@yahoo.com,1982-08-30
Michael,Church,US,michael.church@yahoo.com,1958-03-15
Timothy,Smith,GB,GE3JNLtimothy.smith@hotmail.com,1953-09-06
Kirsten,Campbell,US,kirsten.campbell@yahoo.com,1998-08-26
Jasmine,Ayers,DE,jasmine.ayers@yahoo.com,1998-07-06
Mary,Ali,DE,mary.ali@yahoo.com,2005-06-02
Sandra,Valenzuela,US,sandra.valenzuela@gmail.com,2000-07-13
Laurie,Francis,CA,laurie.francis@yahoo.com,1960-08-20
Autumn,Meyer,US,autumn.meyer@hotmail.com,1982-09-17
Linda,Reynolds,US,linda.reynolds@hotmail.com,2006-04-09
Madison,Reed,US,madison.reed@hotmail.com,1994-02-20
Jennifer,Daniels,US,jennifer.daniels@hotmail.com,1983-10-02
Jennifer,Sullivan,CA,jennifer.sullivan@hotmail.com,2001-08-19
Matthew,Miles,US,matthew.miles@yahoo.com,1971-08-15
Mark,Stephens,CA,mark.stephens@yahoo.com,1969-06-06
Richard,Cox,AU,richard.cox@hotmail.com,2005-05-08
Charles,Weeks,US,charles.weeks@yahoo.com,1989-03-13
Teresa,Mcintosh,US,teresa.mcintosh@yahoo.com,2001-05-25
Tiffany,Johnson,US,zZEltXtiffany.johnson@yahoo.com,1969-08-10
Benjamin,Reyes,GB,benjamin.reyes@yahoo.com,1963-02-02
Shane,Freeman,US,shane.freeman@gmail.com,1975-07-27
Michelle,Moss,US,michelle.moss@gmail.com,1978-12-21
Joshua,Williams,DE,joshua.williams@hotmail.com,1985-07-18
Jennifer,Potts,US,jennifer.potts@yahoo.com,1977-09-30
Dylan,Weeks,US,dylan.weeks@yahoo.com,1969-02-17
Brian,Smith,AU,46A8A2brian.smith@gmail.com,1968-06-18
Emily,Craig,CA,emily.craig@gmail.com,2001-11-02
Paul,Liu,CA,paul.liu@yahoo.com,1979-05-15
Lauren,Mosley,US,lauren.mosley@gmail.com,1999-02-25
Paul,Morgan,GB,paul.morgan@gmail.com,1952-05-18
Tanner,Castillo,US,tanner.castillo@yahoo.com,1964-07-15
Richard,Ayala,US,richard.ayala@yahoo.com,1953-09-03
Virginia,Lee,US,virginia.lee@gmail.com,1966-02-08
Sonya,Middleton,CA,sonya.middleton@yahoo.com,2001-03-07
Connie,Sherman,US,connie.sherman@gmail.com,1961-09-04
Tara,Dunn,DE,tara.dunn@gmail.com,1958-03-30
Meghan,Farmer,AU,meghan.farmer@yahoo.com,1956-04-21
Christine,Bailey,AU,christine.bailey@hotmail.com,1994-06-14
James,Smith,US,james.smith@hotmail.com,1983-12-20
David,Atkins,US,david.atkins@gmail.com,1989-12-17
Richard,Rodriguez,US,richard.rodriguez@yahoo.com,1959-07-18
Calvin,Jarvis,GB,calvin.jarvis@hotmail.com,1981-12-01
Leslie,Munoz,US,leslie.munoz@gmail.com,1968-01-02
Sylvia,Atkins,US,sylvia.atkins@hotmail.com,1976-01-03
George,Bishop,US,george.bishop@hotmail.com,1973-05-18
Michael,Ortega,US,michael.ortega@yahoo.com,1955-05-13
Michele,Phillips,CA,michele.phillips@hotmail.com,1978-08-22
Sara,Marks,US,sara.marks@yahoo.com,1956-10-06
Amy,Smith,GB,dmrIENamy.smith@hotmail.com,1999-01-30
Christian,Harrison,NL,christian.harrison@hotmail.com,1957-05-04
Stephen,Thompson,US,stephen.thompson@yahoo.com,1968-10-19
Karla,Boyd,US,karla.boyd@hotmail.com,1990-04-25
Jenny,Evans,US,jenny.evans@gmail.com,1967-11-18
Kari,Williams,DE,kari.williams@gmail.com,1981-01-08
Robert,Lee,AU,robert.lee@yahoo.com,1967-07-19
Jennifer,Mccoy,US,jennifer.mccoy@yahoo.com,1980-03-06
Laura,Bradley,US,laura.bradley@yahoo.com,1965-07-13
William,Tate,GB,william.tate@gmail.com,1970-03-08
Angela,Garcia,US,angela.garcia@gmail.com,2001-12-18
Michelle,Wright,CA,michelle.wright@hotmail.com,1960-01-18
Jessica,Brennan,US,jessica.brennan@hotmail.com,1992-09-16
Karen,Mills,US,karen.mills@yahoo.com,1952-03-31
Lindsey,Jackson,GB,lindsey.jackson@yahoo.com,1987-09-26
Martin,Leonard,US,martin.leonard@hotmail.com,1954-01-03
Edward,Page,US,edward.page@hotmail.com,1984-08-11
Carmen,Ramirez,CA,carmen.ramirez@hotmail.com,1958-04-21
Jennifer,Wright,US,jennifer.wright@gmail.com,1987-09-11
Amanda,Alexander,US,amanda.alexander@hotmail.com,1982-05-04
Crystal,Chase,US,crystal.chase@gmail.com,1969-08-17
Hector,Walker,US,hector.walker@gmail.com,1981-01-28
Robert,Garcia,US,robert.garcia@gmail.com,2003-12-30
Kristin,Strickland,US,kristin.strickland@gmail.com,1980-06-17
Joseph,Burton,US,joseph.burton@gmail.com,1977-10-20
Brad,Gray,US,brad.gray@gmail.com,1983-07-13
Michael,Villanueva,US,michael.villanueva@hotmail.com,2005-04-18
Zachary,Jarvis,US,zachary.jarvis@gmail.com,1986-10-29
Denise,Vazquez,US,denise.vazquez@hotmail.com,1965-04-07
Kristen,French,CA,kristen.french@hotmail.com,1962-05-02
Rhonda,Mclean,CA,rhonda.mclean@hotmail.com,1977-04-04
Robert,Stone,AU,robert.stone@yahoo.com,1950-10-26
Julie,Robertson,US,julie.robertson@gmail.com,1983-04-13
Kari,Swanson,CA,kari.swanson@hotmail.com,1985-10-10
Richard,Caldwell,US,richard.caldwell@hotmail.com,1965-03-09
Sandra,Fisher,NL,sandra.fisher@hotmail.com,1971-04-22
Emily,Johnson,US,emily.johnson@gmail.com,1991-07-05
Stephen,Richards,US,stephen.richards@gmail.com,1994-04-03
Kendra,Caldwell,US,kendra.caldwell@gmail.com,1965-11-07
Wendy,Williams,US,wendy.williams@yahoo.com,1960-04-08
John,Jones,US,apwVk7john.jones@gmail.com,1970-08-02
Joshua,Wolf,US,joshua.wolf@hotmail.com,1979-07-05
Richard,Page,US,richard.page@gmail.com,1983-01-09
Denise,Johnson,US,denise.johnson@yahoo.com,1998-07-21
Sharon,James,CA,sharon.james@yahoo.com,1989-03-27
Debra,Torres,NL,debra.torres@yahoo.com,1974-05-22
Cody,Love,CA,cody.love@gmail.com,1994-01-24
Gregory,Mercer,US,gregory.mercer@yahoo.com,1971-06-06
Brittany,Cole,CA,brittany.cole@hotmail.com,1978-12-05
Karen,Harper,US,karen.harper@hotmail.com,1957-08-21
Bethany,Simmons,CA,bethany.simmons@hotmail.com,1994-07-31
Julie,Duran,US,julie.duran@hotmail.com,1972-08-31
Janice,Myers,AU,janice.myers@yahoo.com,1982-04-30
Virginia,Harrison,US,virginia.harrison@hotmail.com,1957-01-10
Monica,Delgado,US,monica.delgado@yahoo.com,1967-02-26
David,Chen,US,david.chen@hotmail.com,1977-11-14
Elizabeth,Castro,US,elizabeth.castro@gmail.com,1960-11-12
Cole,Obrien,US,cole.obrien@yahoo.com,1985-07-25
James,Dorsey,US,james.dorsey@hotmail.com,1991-05-10
Suzanne,Stewart,US,suzanne.stewart@gmail.com,2007-07-30
Lauren,Sharp,FR,lauren.sharp@yahoo.com,1972-03-27
Gary,Anderson,CA,gary.anderson@yahoo.com,2003-06-28
Megan,Watson,AU,megan.watson@gmail.com,1969-12-11
Brandon,Coleman,CA,brandon.coleman@gmail.com,1957-06-26
Michelle,Thompson,AU,michelle.thompson@yahoo.com,1957-12-06
Nathan,Castaneda,AU,nathan.castaneda@hotmail.com,1988-01-03
Nathan,Oconnell,AU,nathan.oconnell@hotmail.com,1975-02-02
Jennifer,Holmes,US,jennifer.holmes@gmail.com,1982-02-14
Jonathan,Singleton,US,jonathan.singleton@yahoo.com,1999-02-24
David,Branch,GB,david.branch@yahoo.com,2002-08-10
Peter,Walton,SE,peter.walton@hotmail.com,1990-01-08
Michele,Nelson,US,michele.nelson@yahoo.com,1954-02-24
Evelyn,Schmidt,CA,evelyn.schmidt@gmail.com,1974-09-04
Faith,Long,GB,faith.long@hotmail.com,1950-08-14
Jillian,Bell,US,jillian.bell@hotmail.com,2004-11-07
Jacqueline,Liu,GB,jacqueline.liu@gmail.com,1992-07-27
Lisa,Carson,US,lisa.carson@yahoo.com,1989-10-06
David,Brooks,US,david.brooks@gmail.com,1993-09-09
John,Perez,US,john.perez@hotmail.com,1965-01-05
Elizabeth,Mckinney,NL,elizabeth.mckinney@gmail.com,2002-08-27
Amanda,Frank,FR,amanda.frank@gmail.com,1960-08-20
Adam,Fernandez,CA,adam.fernandez@hotmail.com,1994-07-08
Antonio,Parks,US,antonio.parks@hotmail.com,1993-06-30
Mary,Hill,US,mary.hill@gmail.com,1993-01-14
Emily,Edwards,US,emily.edwards@yahoo.com,1968-05-31
Kendra,White,GB,kendra.white@yahoo.com,1992-03-03
Mary,Moody,US,mary.moody@yahoo.com,1971-02-24
Steven,Dominguez,CA,steven.dominguez@hotmail.com,1966-01-19
Alicia,Hayes,FR,alicia.hayes@yahoo.com,1976-05-31
David,Graves,US,david.graves@gmail.com,1972-12-22
Shawn,Lewis,CA,shawn.lewis@yahoo.com,1998-06-30
Jeffrey,Garcia,US,jeffrey.garcia@hotmail.com,1974-02-19
Kyle,Shah,US,kyle.shah@yahoo.com,2002-09-28
Christina,Morris,US,christina.morris@yahoo.com,1957-09-07
Adam,Gates,FR,adam.gates@hotmail.com,1990-06-23
Lynn,Porter,FR,lynn.porter@hotmail.com,1978-09-13
Walter,Taylor,US,walter.taylor@gmail.com,1981-02-04
Ray,Pratt,CA,ray.pratt@hotmail.com,1969-03-28
Olivia,Diaz,US,olivia.diaz@yahoo.com,1998-03-29
Yvonne,Johnson,US,yvonne.johnson@gmail.com,2006-10-15
Andrew,Smith,US,1qNE0candrew.smith@yahoo.com,1992-04-25
Valerie,White,US,valerie.white@gmail.com,1960-12-19
James,Williams,GB,james.williams@hotmail.com,1958-10-22
Jeffrey,Singleton,AU,jeffrey.singleton@gmail.com,1966-08-27
Traci,Farrell,US,traci.farrell@hotmail.com,1981-06-25
Brent,Hill,US,brent.hill@hotmail.com,2001-12-19
Annette,Gomez,US,annette.gomez@yahoo.com,1966-01-27
Matthew,Sanders,US,matthew.sanders@yahoo.com,1990-05-10
Michael,Bird,FR,michael.bird@hotmail.com,1969-08-22
Jennifer,Wilson,US,jennifer.wilson@yahoo.com,1997-02-05
Donald,Frazier,US,donald.frazier@gmail.com,1981-04-22
Bridget,Williams,US,bridget.williams@gmail.com,1999-03-04
Taylor,Hicks,US,taylor.hicks@gmail.com,1958-09-19
Jeffrey,Molina,US,jeffrey.molina@yahoo.com,1986-05-19
Richard,Valencia,GB,richard.valencia@gmail.com,1984-02-18
Melissa,Baxter,US,melissa.baxter@hotmail.com,1985-05-27
William,Garcia,US,william.garcia@hotmail.com,1966-09-07
Eileen,Wood,US,eileen.wood@hotmail.com,1950-07-22
Tammy,Ramirez,CA,tammy.ramirez@yahoo.com,1976-01-07
Thomas,Hendrix,US,thomas.hendrix@hotmail.com,1971-04-25
Derek,Ho,GB,derek.ho@gmail.com,1966-08-15
Michael,Phillips,US,michael.phillips@yahoo.com,1981-08-21
Joseph,Carter,SE,joseph.carter@hotmail.com,1957-11-13
John,Burnett,US,john.burnett@hotmail.com,1980-09-11
Victor,Vazquez,US,victor.vazquez@yahoo.com,1998-06-06
Jesse,Lang,US,jesse.lang@hotmail.com,1994-07-08
Keith,Rogers,US,A4tXc3keith.rogers@hotmail.com,2002-06-05
Jodi,Long,US,jodi.long@gmail.com,1951-05-23
Alexander,Smith,US,S3x1jJalexander.smith@yahoo.com,1957-10-18
Kyle,Gardner,GB,kyle.gardner@hotmail.com,1969-10-03
Heather,Luna,US,heather.luna@hotmail.com,1950-10-03
Kelsey,Wright,US,kelsey.wright@gmail.com,2007-02-05
James,Tran,DE,james.tran@hotmail.com,1981-06-16
Michael,Murphy,CA,michael.murphy@hotmail.com,1981-05-17
Jennifer,Gamble,US,jennifer.gamble@yahoo.com,1964-11-05
Karen,Mayer,FR,karen.mayer@hotmail.com,1970-05-12
Mary,Frazier,US,mary.frazier@yahoo.com,1974-02-25
Ashley,Oneal,SE,ashley.oneal@yahoo.com,1993-07-12
Gregory,Stevens,DE,gregory.stevens@yahoo.com,1999-01-16
Erin,Mcknight,AU,erin.mcknight@hotmail.com,1962-08-09
Christopher,Gonzalez,AU,christopher.gonzalez@gmail.com,1983-08-17
Roy,Koch,SE,roy.koch@gmail.com,1969-06-21
Angela,Powell,GB,angela.powell@yahoo.com,1966-01-07
Vickie,Williamson,AU,vickie.williamson@hotmail.com,1984-06-19
Richard,Wood,FR,richard.wood@hotmail.com,2000-08-04
Rebecca,Lin,US,rebecca.lin@yahoo.com,2001-08-03
Tammy,Gonzalez,US,tammy.gonzalez@gmail.com,1968-05-07
Mark,Alexander,US,mark.alexander@gmail.com,1963-12-27
Teresa,Pittman,US,teresa.pittman@gmail.com,2003-08-10
Robin,Miller,US,robin.miller@yahoo.com,1960-04-30
Gabriel,Johnson,CA,gabriel.johnson@hotmail.com,1965-08-22
Brenda,Smith,US,brenda.smith@gmail.com,1975-12-28
Alexandra,Scott,US,alexandra.scott@gmail.com,1964-01-02
Morgan,Klein,FR,morgan.klein@yahoo.com,1990-12-10
James,Ferguson,AU,james.ferguson@gmail.com,2004-05-17
Andrea,Washington,GB,andrea.washington@hotmail.com,1955-09-23
Jennifer,Barron,US,jennifer.barron@gmail.com,1962-10-26
Jamie,Lopez,US,jamie.lopez@gmail.com,1967-08-02
Catherine,Reyes,US,catherine.reyes@yahoo.com,2003-01-25
Cameron,Horton,AU,cameron.horton@hotmail.com,1980-03-02
Justin,Leon,US,justin.leon@yahoo.com,1982-06-08
Laura,Olson,US,laura.olson@yahoo.com,1970-08-16
Meghan,Wright,AU,meghan.wright@gmail.com,1973-11-12
Linda,Burton,US,linda.burton@gmail.com,1954-02-28
Jenny,Thomas,US,jenny.thomas@hotmail.com,1975-05-06
John,Armstrong,CA,john.armstrong@yahoo.com,1960-09-29
Linda,Bennett,US,linda.bennett@yahoo.com,1961-08-21
Tara,Guerrero,US,tara.guerrero@gmail.com,1999-02-09
Harold,Butler,US,harold.butler@gmail.com,1986-11-04
Leonard,Mitchell,US,leonard.mitchell@yahoo.com,1991-09-26
Lisa,Campbell,CA,lisa.campbell@yahoo.com,1964-09-26
David,Davis,US,eOdwwWdavid.davis@hotmail.com,2002-01-25
Nathan,Berry,US,nathan.berry@yahoo.com,1957-12-05
Matthew,Sullivan,US,uN3JK1matthew.sullivan@hotmail.com,2008-03-15
Jennifer,Howe,CA,jennifer.howe@gmail.com,1963-10-24
Anthony,Hernandez,US,anthony.hernandez@yahoo.com,1986-11-05
Andrew,Garcia,NL,andrew.garcia@yahoo.com,1960-09-23
Tyler,Murphy,US,tyler.murphy@gmail.com,1983-01-21
Savannah,Dickerson,AU,savannah.dickerson@gmail.com,1969-04-03
Jeffrey,Craig,US,jeffrey.craig@hotmail.com,1966-12-16
Derek,Powell,GB,derek.powell@hotmail.com,1992-08-17
Matthew,Banks,US,matthew.banks@gmail.com,1962-11-16
Aaron,Kelly,NL,aaron.kelly@gmail.com,1954-02-01
Kimberly,Grant,FR,kimberly.grant@hotmail.com,1972-06-12
Jonathan,Melton,US,jonathan.melton@gmail.com,1954-12-31
Julian,Long,US,julian.long@gmail.com,1976-07-06
Donna,Green,AU,donna.green@gmail.com,1987-07-13
Amy,Ortiz,AU,amy.ortiz@hotmail.com,1986-05-11
Scott,Weaver,US,scott.weaver@hotmail.com,1972-03-10
Rodney,Walker,AU,rodney.walker@yahoo.com,2002-04-01
Amanda,Fuller,US,amanda.fuller@gmail.com,1969-02-24
Malik,Craig,US,malik.craig@gmail.com,1988-11-05
Franklin,Pennington,US,franklin.pennington@gmail.com,1961-04-13
Elizabeth,Huffman,US,elizabeth.huffman@yahoo.com,1974-10-26
Jennifer,Blackwell,US,jennifer.blackwell@yahoo.com,1970-08-15
Jack,Rodriguez,CA,jack.rodriguez@gmail.com,1961-07-10
Eric,Jackson,US,eric.jackson@gmail.com,1986-04-19
Abigail,Jackson,US,abigail.jackson@hotmail.com,1993-06-18
Zachary,Mckinney,GB,zachary.mckinney@hotmail.com,1952-09-08
Rachel,Anderson,CA,rachel.anderson@hotmail.com,1999-11-30
Jennifer,Ramsey,GB,jennifer.ramsey@hotmail.com,2004-06-11
Brett,Rodriguez,US,brett.rodriguez@yahoo.com,1988-04-06
Andre,Clark,DE,andre.clark@hotmail.com,1962-02-08
Michele,Cooper,FR,michele.cooper@yahoo.com,1989-07-02
Erin,Garrett,US,erin.garrett@yahoo.com,1990-05-15
Mark,Juarez,US,mark.juarez@hotmail.com,1988-09-13
Michael,James,US,mjHwxPmichael.james@yahoo.com,1965-02-16
Eric,Patel,US,eric.patel@gmail.com,1977-07-23
Cindy,Brown,FR,cindy.brown@gmail.com,1994-05-28
Diane,Turner,FR,diane.turner@yahoo.com,1977-02-21
John,Evans,CA,john.evans@yahoo.com,1951-06-16
Kevin,Bailey,CA,kevin.bailey@hotmail.com,1996-11-18
Natalie,Soto,FR,natalie.soto@gmail.com,2004-03-07
Anthony,Valdez,AU,anthony.valdez@yahoo.com,1951-05-23
Jason,Phillips,US,jason.phillips@yahoo.com,1980-11-23
Amy,Villanueva,SE,amy.villanueva@hotmail.com,1959-08-21
Becky,Vargas,US,becky.vargas@gmail.com,1952-11-06
Emily,Briggs,GB,emily.briggs@gmail.com,1956-01-21
John,Rodriguez,CA,john.rodriguez@yahoo.com,1956-06-05
Stephen,Humphrey,US,stephen.humphrey@hotmail.com,1967-05-26
Katelyn,Anderson,GB,katelyn.anderson@yahoo.com,2002-04-17
Kimberly,Gould,CA,kimberly.gould@hotmail.com,1967-07-06
Tanya,Henderson,US,tanya.henderson@yahoo.com,1986-01-12
Kevin,Jenkins,US,B6iSiakevin.jenkins@gmail.com,1984-04-18
Susan,Stevenson,US,susan.stevenson@gmail.com,1996-06-23
Brandy,Taylor,US,brandy.taylor@yahoo.com,1960-02-28
Courtney,Burton,GB,courtney.burton@gmail.com,1959-02-15
Paul,Murphy,US,paul.murphy@gmail.com,2006-08-03
Ashley,Anderson,CA,by6pvpashley.anderson@gmail.com,1950-07-07
Carlos,Douglas,US,carlos.douglas@hotmail.com,1982-08-03
Leah,Williams,GB,leah.williams@gmail.com,1978-07-24
Denise,Bailey,AU,denise.bailey@yahoo.com,1970-11-14
Kim,Schneider,GB,kim.schneider@hotmail.com,1984-04-11
Travis,Matthews,GB,travis.matthews@hotmail.com,2001-01-09
Joseph,Todd,US,joseph.todd@yahoo.com,1985-06-28
Tabitha,Gallegos,US,tabitha.gallegos@gmail.com,1995-06-13
Charles,Case,DE,charles.case@hotmail.com,1971-04-09
Katherine,Padilla,US,katherine.padilla@hotmail.com,1977-09-11
Michael,Peters,US,michael.peters@gmail.com,1972-05-22
Katie,Lee,CA,katie.lee@yahoo.com,1999-02-04
John,Morrison,CA,john.morrison@yahoo.com,1993-08-13
Chad,Mueller,US,chad.mueller@hotmail.com,1986-03-01
Hunter,White,US,hunter.white@hotmail.com,1980-12-07
Daniel,Phillips,SE,daniel.phillips@hotmail.com,1990-08-17
Kimberly,Leon,CA,kimberly.leon@gmail.com,2001-10-20
Eric,Strickland,US,eric.strickland@gmail.com,1953-08-11
Rebecca,Burton,US,rebecca.burton@yahoo.com,1958-09-07
Robert,West,NL,robert.west@yahoo.com,1983-04-28
Nicole,Larsen,DE,nicole.larsen@yahoo.com,1953-08-24
Travis,Castro,US,travis.castro@hotmail.com,1972-12-17
William,Robinson,GB,william.robinson@gmail.com,1997-11-02
Aaron,Williams,GB,aaron.williams@yahoo.com,1972-01-06
Stephanie,Sexton,US,stephanie.sexton@hotmail.com,1986-07-27
Kathryn,Terry,US,kathryn.terry@yahoo.com,1986-05-21
Michaela,Mcdonald,US,michaela.mcdonald@hotmail.com,1966-08-11
Michelle,Johnson,US,michelle.johnson@gmail.com,1973-10-10
Julie,Smith,AU,julie.smith@yahoo.com,1983-02-18
Sandra,Murphy,US,sandra.murphy@hotmail.com,1980-07-14
Kathryn,Bradford,GB,kathryn.bradford@yahoo.com,2005-12-21
Amanda,Berry,US,amanda.berry@hotmail.com,1975-02-08
Stefanie,Perez,CA,stefanie.perez@gmail.com,1957-07-26
Beth,Bishop,DE,beth.bishop@gmail.com,1968-06-03
Richard,Henderson,CA,richard.henderson@hotmail.com,1999-04-17
Jonathan,Hall,US,jonathan.hall@hotmail.com,1962-04-25
Edward,Garcia,US,edward.garcia@hotmail.com,1981-03-28
Theresa,King,US,theresa.king@gmail.com,1998-06-01
Emily,Sandoval,US,emily.sandoval@gmail.com,1957-09-14
Shaun,Chan,US,shaun.chan@hotmail.com,1979-03-17
Jesse,Bradley,CA,jesse.bradley@hotmail.com,1995-06-23
Casey,Haas,AU,casey.haas@hotmail.com,1967-08-18
Todd,Ortega,FR,todd.ortega@hotmail.com,1950-09-25
Leah,Wise,FR,leah.wise@hotmail.com,1985-06-07
David,Hicks,CA,zauflUdavid.hicks@yahoo.com,2004-11-06
Lisa,Smith,CA,lisa.smith@hotmail.com,1961-09-09
Timothy,Douglas,GB,timothy.douglas@gmail.com,1993-11-22
Joseph,Hinton,US,joseph.hinton@yahoo.com,2002-01-02
Wendy,Wilson,CA,wendy.wilson@hotmail.com,1964-07-30
Amber,Taylor,US,amber.taylor@gmail.com,1997-08-12
Collin,Thompson,US,collin.thompson@yahoo.com,1965-11-01
Susan,Crawford,GB,susan.crawford@gmail.com,1992-01-08
Julie,Reyes,DE,julie.reyes@gmail.com,1987-06-23
Madison,Ballard,AU,madison.ballard@yahoo.com,1976-06-05
Jacob,Martinez,US,jacob.martinez@yahoo.com,1990-07-26
Sheila,Avery,GB,sheila.avery@yahoo.com,1956-01-18
Adriana,Sanchez,CA,adriana.sanchez@hotmail.com,1965-12-09
Virginia,Bailey,US,virginia.bailey@gmail.com,2004-03-25
William,Mcknight,US,william.mcknight@gmail.com,1984-10-05
Sarah,Garcia,CA,sarah.garcia@gmail.com,1986-10-15
Darrell,Chapman,US,darrell.chapman@hotmail.com,1985-12-24
Denise,Schultz,DE,denise.schultz@yahoo.com,1971-12-16
Alex,Diaz,AU,alex.diaz@yahoo.com,1974-04-21
Douglas,Gibson,CA,douglas.gibson@gmail.com,1980-03-13
Scott,Carter,US,scott.carter@gmail.com,2002-08-11
Matthew,Mitchell,US,matthew.mitchell@gmail.com,2000-09-10
Kelly,Rubio,NL,kelly.rubio@yahoo.com,2002-03-24
Donald,Ortiz,US,donald.ortiz@gmail.com,1951-02-24
Michael,Mitchell,US,13FqlQmichael.mitchell@hotmail.com,2008-03-12
Marco,Gallegos,US,marco.gallegos@yahoo.com,1989-08-04
David,Fernandez,CA,david.fernandez@gmail.com,1987-12-12
Brittany,Roberts,NL,brittany.roberts@gmail.com,1950-10-09
Stanley,Meyer,US,stanley.meyer@gmail.com,2005-02-11
Holly,Owens,NL,holly.owens@yahoo.com,1969-08-02
Ryan,Ward,US,ryan.ward@hotmail.com,1975-11-13
Linda,Brown,US,tFocgvlinda.brown@gmail.com,1972-12-04
Kathleen,Miller,AU,ZBPGeQkathleen.miller@hotmail.com,1957-04-18
Melissa,Kemp,DE,melissa.kemp@yahoo.com,1968-09-19
Danny,Jennings,DE,danny.jennings@yahoo.com,1959-03-24
David,Vincent,FR,david.vincent@hotmail.com,1973-10-08
Christopher,Davis,US,christopher.davis@gmail.com,1998-06-28
Paul,English,GB,paul.english@gmail.com,1975-09-28
Mary,Rice,US,mary.rice@gmail.com,2008-02-11
Jared,Moody,US,jared.moody@hotmail.com,1990-04-28
Kenneth,Caldwell,US,kenneth.caldwell@gmail.com,1951-07-26
Daniel,Brown,AU,daniel.brown@hotmail.com,1968-09-29
Darius,Lynch,CA,darius.lynch@hotmail.com,1957-07-24
Matthew,Hanson,CA,matthew.hanson@gmail.com,1971-09-19
Susan,Peterson,US,susan.peterson@yahoo.com,1984-08-17
Alexandra,Mitchell,US,alexandra.mitchell@yahoo.com,1968-03-02
Dennis,Ellis,US,dennis.ellis@hotmail.com,1992-12-30
Bryan,Parker,US,bryan.parker@hotmail.com,2002-10-17
James,Copeland,US,james.copeland@hotmail.com,2002-03-17
Belinda,Kelley,US,belinda.kelley@yahoo.com,1952-07-04
John,Burgess,SE,john.burgess@yahoo.com,1974-10-09
Michael,Martinez,US,michael.martinez@yahoo.com,1983-03-06
Trevor,White,GB,trevor.white@hotmail.com,2001-06-07
Hunter,Clark,US,hunter.clark@gmail.com,2008-06-03
Christopher,Johnson,CA,c57IgLchristopher.johnson@hotmail.com,1993-06-22
Tyler,Williams,US,tyler.williams@yahoo.com,1954-02-07
Patricia,Payne,AU,patricia.payne@hotmail.com,1952-09-27
Kevin,Webb,US,kevin.webb@yahoo.com,1951-11-16
Donna,Morris,US,xBT3Awdonna.morris@gmail.com,1950-12-11
Paul,Gutierrez,US,paul.gutierrez@yahoo.com,1976-06-07
Sean,Kemp,US,sean.kemp@gmail.com,1955-05-31
Jeffrey,Larson,CA,jeffrey.larson@hotmail.com,2005-06-23
Stephanie,Gonzales,US,stephanie.gonzales@gmail.com,2005-07-08
Ashley,Ford,GB,ashley.ford@yahoo.com,1950-10-17
David,Hobbs,US,david.hobbs@gmail.com,1989-07-30
Laura,Kim,US,laura.kim@gmail.com,1996-02-01
Brian,Williams,AU,brian.williams@gmail.com,1978-08-31
Cindy,Edwards,US,cindy.edwards@gmail.com,2002-03-21
Henry,Pratt,DE,henry.pratt@hotmail.com,1956-07-31
Sally,Fuller,CA,sally.fuller@yahoo.com,2007-10-17
Nicholas,Navarro,US,nicholas.navarro@yahoo.com,1985-02-03
Denise,Nelson,US,denise.nelson@gmail.com,1959-09-12
Sandy,May,GB,sandy.may@hotmail.com,1952-06-30
Lucas,Maxwell,AU,lucas.maxwell@yahoo.com,2002-10-13
Judith,Murphy,GB,judith.murphy@hotmail.com,1969-11-10
Riley,Hancock,US,riley.hancock@gmail.com,1997-07-17
Christine,Rodgers,US,christine.rodgers@yahoo.com,1974-04-18
Jacob,Harrison,NL,jacob.harrison@hotmail.com,1968-03-24
Lauren,Huang,CA,lauren.huang@hotmail.com,1962-06-26
Ryan,Harrison,US,ryan.harrison@gmail.com,1969-06-28
Ronald,Gibson,DE,ronald.gibson@gmail.com,1990-03-01
Sean,Jones,US,sean.jones@gmail.com,1973-11-16
Michael,Howe,US,michael.howe@gmail.com,1961-11-02
Barbara,Collins,AU,barbara.collins@yahoo.com,1963-01-06
Christopher,Donaldson,US,christopher.donaldson@yahoo.com,1988-08-26
Thomas,Middleton,AU,thomas.middleton@yahoo.com,1987-05-02
Jordan,Smith,NL,jordan.smith@hotmail.com,1994-02-19
Heather,Garcia,GB,heather.garcia@hotmail.com,2005-05-05
Kayla,Jensen,CA,kayla.jensen@hotmail.com,1974-03-02
Kim,Robles,AU,kim.robles@gmail.com,1955-04-05
Robert,Moore,US,4dpxNkrobert.moore@hotmail.com,2003-06-27
Christopher,Mooney,CA,christopher.mooney@hotmail.com,2005-01-04
Bethany,Larsen,CA,bethany.larsen@hotmail.com,2004-12-31
Ashley,Munoz,CA,ashley.munoz@yahoo.com,1970-08-27
Jasmine,Greene,US,jasmine.greene@hotmail.com,1973-02-23
Elijah,Prince,US,elijah.prince@gmail.com,1974-03-08
Diane,Ramos,US,diane.ramos@gmail.com,1990-03-03
Alicia,Martinez,CA,alicia.martinez@gmail.com,1987-06-23
Daniel,May,US,IV2uyQdaniel.may@yahoo.com,1986-02-10
Daniel,Johnson,AU,9pfJ9edaniel.johnson@hotmail.com,1954-04-28
Debbie,Fowler,DE,debbie.fowler@gmail.com,1958-12-05
Joseph,Hunter,GB,joseph.hunter@yahoo.com,1991-04-06
Yolanda,Baxter,US,yolanda.baxter@gmail.com,1981-11-27
Beth,Collins,AU,beth.collins@hotmail.com,1963-01-14
Crystal,Payne,AU,crystal.payne@gmail.com,2000-04-18
Hunter,Willis,GB,hunter.willis@gmail.com,2004-03-25
Morgan,Hernandez,US,morgan.hernandez@yahoo.com,2001-02-01
Timothy,Cobb,DE,timothy.cobb@gmail.com,1995-11-17
Mark,Gonzalez,US,mark.gonzalez@yahoo.com,1967-12-28
Emily,Lee,FR,emily.lee@gmail.com,1997-02-17
Christine,Lee,US,christine.lee@gmail.com,1959-09-11
Shannon,Moore,GB,shannon.moore@gmail.com,1978-01-22
Christopher,Jacobs,US,christopher.jacobs@yahoo.com,1991-04-09
Abigail,Pruitt,GB,abigail.pruitt@yahoo.com,1990-06-22
Katherine,Collins,US,katherine.collins@gmail.com,1997-07-22
Julie,Waters,NL,julie.waters@gmail.com,1962-01-28
Brittany,Norton,US,brittany.norton@hotmail.com,1962-10-10
Tom,Ward,SE,tom.ward@yahoo.com,1991-06-10
Megan,Adams,CA,megan.adams@hotmail.com,1977-10-26
Robert,Sanders,GB,robert.sanders@hotmail.com,1957-04-06
Alex,Ayala,DE,alex.ayala@gmail.com,1969-01-30
Kayla,Dougherty,US,kayla.dougherty@gmail.com,1995-12-30
Brenda,Patterson,SE,brenda.patterson@yahoo.com,1958-10-09
William,King,DE,G8KJWFwilliam.king@yahoo.com,1956-08-14
Laura,Hurst,US,laura.hurst@hotmail.com,2007-09-20
Steven,Hall,US,steven.hall@gmail.com,1952-09-23
Carlos,Lee,SE,carlos.lee@gmail.com,2006-02-16
Joshua,Crawford,CA,joshua.crawford@gmail.com,1979-11-18
Samantha,Romero,CA,samantha.romero@gmail.com,1994-12-12
Johnathan,Keller,US,johnathan.keller@yahoo.com,1991-10-25
Larry,Cunningham,GB,larry.cunningham@hotmail.com,1970-04-15
Zachary,Erickson,NL,zachary.erickson@hotmail.com,1977-11-04
Sara,Dominguez,US,sara.dominguez@yahoo.com,1983-04-24
Shannon,Brown,AU,shannon.brown@hotmail.com,1985-08-10
Tina,Mitchell,US,tina.mitchell@hotmail.com,2005-07-29
Cynthia,Kelley,CA,cynthia.kelley@yahoo.com,1991-10-22
Daniel,Sampson,AU,daniel.sampson@yahoo.com,1962-04-25
Justin,Stanley,GB,justin.stanley@yahoo.com,1953-05-21
Mary,Brown,FR,mary.brown@yahoo.com,1991-08-12
Albert,Jones,GB,albert.jones@gmail.com,1957-01-06
Roy,Phillips,US,roy.phillips@gmail.com,1950-12-01
Evelyn,Johnson,US,evelyn.johnson@hotmail.com,1961-10-20
Gina,Burke,GB,gina.burke@gmail.com,1973-02-11
Jennifer,Torres,CA,jennifer.torres@hotmail.com,1991-06-02
Jeffrey,Wagner,SE,jeffrey.wagner@hotmail.com,1956-04-15
Cindy,Lynch,AU,cindy.lynch@hotmail.com,2001-08-05
Daniel,Velez,GB,daniel.velez@gmail.com,1952-12-20
Sherri,Good,US,sherri.good@yahoo.com,1983-01-21
Ashley,Ruiz,US,ashley.ruiz@gmail.com,1980-03-21
Richard,Dixon,US,richard.dixon@gmail.com,2001-12-03
Teresa,Phillips,US,teresa.phillips@gmail.com,1997-07-04
James,Bradley,US,james.bradley@gmail.com,1960-06-18
Aaron,Powers,US,aaron.powers@hotmail.com,1965-11-01
Raymond,Ellis,US,raymond.ellis@gmail.com,1998-06-27
Mackenzie,Reyes,US,mackenzie.reyes@gmail.com,1952-02-29
Matthew,Ross,US,matthew.ross@hotmail.com,1955-03-06
Steven,Benson,US,steven.benson@gmail.com,1987-05-10
Zachary,Pineda,US,zachary.pineda@yahoo.com,1984-05-11
Kathleen,Henry,US,kathleen.henry@gmail.com,1996-08-07
Albert,Strickland,CA,albert.strickland@hotmail.com,1970-07-09
Michael,Cooper,US,michael.cooper@yahoo.com,1991-08-20
James,Summers,AU,james.summers@gmail.com,1986-01-17
Nicholas,Sims,CA,nicholas.sims@hotmail.com,1951-10-01
William,Roman,AU,william.roman@gmail.com,1982-02-11
Tony,Bell,CA,tony.bell@yahoo.com,1956-02-14
Randall,Higgins,US,randall.higgins@gmail.com,1957-05-31
Jennifer,Huang,US,jennifer.huang@hotmail.com,1960-01-09
Vanessa,Barry,GB,vanessa.barry@gmail.com,1958-10-14
Mark,Stewart,US,y5OPP6mark.stewart@yahoo.com,1967-10-30
Kathy,Bell,US,kathy.bell@yahoo.com,1983-01-28
Marc,Torres,FR,marc.torres@gmail.com,2003-07-26
Jennifer,Waters,GB,jennifer.waters@yahoo.com,1955-04-27
Mary,Bishop,US,mary.bishop@gmail.com,1950-08-07
Jennifer,Vasquez,US,jennifer.vasquez@gmail.com,1958-09-28
Kelly,Anderson,US,kelly.anderson@hotmail.com,1994-11-03
Tyler,Moore,US,tyler.moore@gmail.com,1950-07-19
Roy,Massey,US,roy.massey@hotmail.com,1953-08-28
William,Harrison,US,william.harrison@yahoo.com,1996-12-06
Gina,Weiss,US,gina.weiss@hotmail.com,2003-08-10
Michael,Johnston,US,michael.johnston@yahoo.com,1971-03-08
Deborah,Austin,US,deborah.austin@yahoo.com,1954-08-17
Kimberly,Collins,US,kimberly.collins@hotmail.com,1957-03-25
Kenneth,Johnson,US,kenneth.johnson@hotmail.com,1998-12-10
Jonathan,Phillips,US,jonathan.phillips@hotmail.com,1955-09-19
William,Smith,AU,yy1AEAwilliam.smith@hotmail.com,1955-10-27
Derrick,Monroe,NL,derrick.monroe@hotmail.com,1956-03-05
Andrea,Fields,AU,andrea.fields@yahoo.com,1959-02-10
Julie,Collins,US,julie.collins@yahoo.com,1977-09-16
Victor,Garcia,US,victor.garcia@yahoo.com,1961-04-24
Allison,Beltran,CA,allison.beltran@hotmail.com,1965-07-10
Kathleen,Guerrero,FR,kathleen.guerrero@gmail.com,1983-03-21
Michael,Hernandez,US,kwqN9Tmichael.hernandez@gmail.com,1973-07-06
Tiffany,Martin,NL,tiffany.martin@hotmail.com,1988-10-20
James,Mckinney,US,james.mckinney@gmail.com,1955-01-28
Amanda,Miller,CA,amanda.miller@gmail.com,2002-11-28
Anthony,Rodriguez,FR,anthony.rodriguez@gmail.com,1985-04-09
Kristen,French,NL,kristen.french@yahoo.com,1992-11-05
Melissa,Hardy,DE,melissa.hardy@gmail.com,1964-12-08
Jonathan,Villarreal,GB,jonathan.villarreal@yahoo.com,2001-06-29
Amanda,Wong,NL,amanda.wong@hotmail.com,1985-12-17
Christine,Bradley,SE,christine.bradley@hotmail.com,1995-01-27
Lisa,Zavala,AU,lisa.zavala@yahoo.com,1958-03-06
Laura,Lopez,GB,laura.lopez@hotmail.com,1995-03-30
Haley,Wang,US,haley.wang@yahoo.com,1974-09-06
Douglas,Freeman,US,douglas.freeman@yahoo.com,1970-08-08
Mary,Brown,US,5Nfp40mary.brown@hotmail.com,2002-08-17
Julie,Rios,US,julie.rios@hotmail.com,1967-12-25
Mark,Wright,DE,blMLS4mark.wright@yahoo.com,2007-01-09
Christopher,Green,NL,christopher.green@yahoo.com,1980-05-11
Matthew,Walker,CA,Ij5XfTmatthew.walker@yahoo.com,1993-02-16
Emily,Carson,US,emily.carson@hotmail.com,1958-07-12
Kathleen,Keith,US,kathleen.keith@hotmail.com,1979-05-02
Jo,Cervantes,US,jo.cervantes@yahoo.com,1997-11-08
Brenda,Washington,SE,brenda.washington@yahoo.com,1952-08-20
Sandra,Riley,CA,sandra.riley@hotmail.com,1974-09-26
Paul,Brooks,US,lR70Jfpaul.brooks@yahoo.com,1959-03-30
Donald,Murray,SE,donald.murray@yahoo.com,1954-06-07
Leroy,Lane,US,leroy.lane@hotmail.com,1984-10-10
Steven,Rodriguez,US,steven.rodriguez@gmail.com,2003-12-14
Aaron,Garrison,GB,aaron.garrison@gmail.com,1982-07-05
Kathleen,Lewis,CA,kathleen.lewis@gmail.com,1993-01-06
Joseph,Savage,AU,joseph.savage@gmail.com,1972-07-30
Corey,Rivera,AU,corey.rivera@hotmail.com,1953-12-07
Jennifer,Bryant,US,jennifer.bryant@yahoo.com,2002-10-26
Sarah,Wolf,US,sarah.wolf@yahoo.com,1976-09-24
Eddie,Miranda,US,eddie.miranda@yahoo.com,1989-02-02
Abigail,Crane,AU,abigail.crane@gmail.com,1983-04-24
Kristin,Gonzales,GB,kristin.gonzales@yahoo.com,1983-08-02
David,Johnson,CA,david.johnson@hotmail.com,1973-11-23
Rick,Moody,DE,rick.moody@gmail.com,1954-12-24
Megan,Thomas,US,megan.thomas@yahoo.com,1977-10-01
Shelia,Smith,GB,shelia.smith@hotmail.com,1998-09-06
Kevin,Mckenzie,AU,kevin.mckenzie@hotmail.com,2001-01-11
Brenda,Perry,US,brenda.perry@yahoo.com,1972-09-30
Mark,Wade,US,mark.wade@yahoo.com,1970-03-26
William,Smith,US,DuycBNwilliam.smith@yahoo.com,1974-01-16
Lauren,Horne,NL,lauren.horne@gmail.com,1959-07-03
Douglas,Cabrera,US,douglas.cabrera@yahoo.com,1979-07-17
Christopher,Holland,US,christopher.holland@hotmail.com,1959-07-18
Erin,Costa,AU,erin.costa@yahoo.com,1963-12-18
Kimberly,Williams,US,kimberly.williams@yahoo.com,1974-04-04
Adriana,Brown,US,adriana.brown@hotmail.com,1967-08-20
Stacey,Haney,GB,stacey.haney@yahoo.com,2006-04-17
Matthew,Smith,US,1KcvAsmatthew.smith@yahoo.com,1989-09-15
Victoria,Brown,AU,victoria.brown@yahoo.com,1971-03-16
Mariah,Porter,AU,mariah.porter@yahoo.com,1960-08-05
Ethan,Duran,US,ethan.duran@hotmail.com,1961-06-28
Matthew,Adams,US,d2wmuQmatthew.adams@yahoo.com,1955-08-02
Malik,Avila,AU,malik.avila@gmail.com,1953-04-07
Molly,Cooper,US,molly.cooper@yahoo.com,2001-04-10
Brian,Roberson,US,brian.roberson@gmail.com,1951-09-05
Ashley,Johnson,SE,ashley.johnson@gmail.com,1964-07-26
Michael,Smith,GB,michael.smith@gmail.com,1976-06-02
Kevin,Powers,US,kevin.powers@gmail.com,1991-04-16
Terri,Webb,US,terri.webb@hotmail.com,1957-06-28
Catherine,Price,US,catherine.price@yahoo.com,1974-01-08
Jessica,Wolf,FR,jessica.wolf@hotmail.com,1992-07-30
Jennifer,Myers,US,jennifer.myers@yahoo.com,1971-01-14
Judy,Cook,US,judy.cook@hotmail.com,1958-02-05
Richard,Winters,NL,richard.winters@hotmail.com,1972-09-02
Laura,Shepherd,GB,laura.shepherd@hotmail.com,1989-07-06
Jesus,Cole,US,jesus.cole@yahoo.com,1977-01-28
Zachary,Cole,US,zachary.cole@hotmail.com,2003-10-11
Christian,Wilkerson,US,christian.wilkerson@gmail.com,1989-01-26
Shelby,Long,CA,shelby.long@gmail.com,1984-08-17
Troy,Abbott,CA,troy.abbott@yahoo.com,1961-07-18
Diane,Gillespie,US,diane.gillespie@yahoo.com,2000-11-19
Eric,Gutierrez,US,eric.gutierrez@gmail.com,1979-03-11
Lisa,Robinson,US,lisa.robinson@hotmail.com,1994-01-19
Michelle,Martinez,US,michelle.martinez@gmail.com,2003-05-14
Rhonda,Roberts,GB,rhonda.roberts@gmail.com,1966-06-17
Anthony,Stephens,US,anthony.stephens@gmail.com,1951-04-11
Deanna,Stein,CA,deanna.stein@yahoo.com,1992-06-21
Anthony,Gomez,US,anthony.gomez@gmail.com,1999-02-23
Robert,Greene,SE,robert.greene@gmail.com,1982-03-28
Brandi,Long,FR,brandi.long@yahoo.com,1980-12-25
Barbara,Robinson,SE,barbara.robinson@hotmail.com,1995-09-23
Charles,Martinez,US,charles.martinez@yahoo.com,1950-07-11
Joseph,Cox,US,joseph.cox@hotmail.com,2005-12-28
Sierra,Weiss,DE,sierra.weiss@gmail.com,1998-11-08
Meghan,Payne,US,meghan.payne@yahoo.com,1998-10-27
Cathy,Washington,CA,cathy.washington@gmail.com,1972-06-21
William,Kemp,US,william.kemp@yahoo.com,2005-05-04
Shirley,Flynn,US,shirley.flynn@gmail.com,1996-05-17
Megan,Ross,CA,megan.ross@gmail.com,1982-01-02
Kathryn,Moore,CA,kathryn.moore@yahoo.com,1995-04-12
Shelby,Davis,CA,shelby.davis@hotmail.com,1980-08-11
Chelsea,Miller,US,chelsea.miller@gmail.com,1986-05-17
Samuel,Tapia,DE,samuel.tapia@gmail.com,1991-10-23
Sean,Reyes,US,sean.reyes@yahoo.com,1965-12-25
Ellen,Warner,US,ellen.warner@gmail.com,2001-07-13
Kathleen,Little,CA,kathleen.little@gmail.com,1969-09-22
Jenna,Wheeler,US,jenna.wheeler@yahoo.com,1993-04-10
Valerie,Ford,US,valerie.ford@hotmail.com,1962-08-27
Raymond,Martin,US,raymond.martin@hotmail.com,1976-07-29
Russell,Padilla,GB,russell.padilla@hotmail.com,1962-09-17
Gerald,Collins,NL,gerald.collins@yahoo.com,1974-09-01
Pamela,Johnson,NL,pamela.johnson@hotmail.com,1986-08-04
Shawn,Robinson,US,shawn.robinson@hotmail.com,1957-05-09
Tina,Vasquez,US,tina.vasquez@gmail.com,1993-06-18
Sharon,Johnson,US,sharon.johnson@hotmail.com,1957-05-11
Michael,Orr,SE,michael.orr@gmail.com,2005-01-12
Sheena,Sanchez,DE,sheena.sanchez@hotmail.com,1979-10-13
Lindsey,Mason,US,lindsey.mason@hotmail.com,2004-10-07
John,Bennett,CA,Q12As6john.bennett@gmail.com,1999-07-08
Antonio,House,US,antonio.house@yahoo.com,1983-03-03
Summer,Bowers,DE,summer.bowers@gmail.com,1983-01-30
Benjamin,Henry,US,benjamin.henry@yahoo.com,1996-08-22
Linda,Conner,CA,linda.conner@hotmail.com,2001-03-10
Jessica,Ray,CA,jessica.ray@yahoo.com,1951-08-13
Eric,Lawson,US,eric.lawson@gmail.com,1952-06-14
Brett,Watts,US,brett.watts@yahoo.com,1951-04-05
Amanda,Austin,US,amanda.austin@yahoo.com,1972-05-30
Marcus,Carter,US,marcus.carter@yahoo.com,1993-08-01
Jonathan,Shields,AU,jonathan.shields@hotmail.com,1988-01-27
Connie,Sosa,US,connie.sosa@gmail.com,1955-12-30
Joel,Mccarthy,US,joel.mccarthy@yahoo.com,1999-06-28
Scott,Miller,US,scott.miller@yahoo.com,1990-04-23
Samantha,Lane,SE,samantha.lane@gmail.com,1963-04-06
Rachel,Green,NL,rachel.green@gmail.com,1969-01-07
Lauren,Hansen,US,lauren.hansen@yahoo.com,1990-09-09
Dakota,Hebert,US,dakota.hebert@hotmail.com,2008-01-19
William,Jackson,US,william.jackson@gmail.com,1996-03-07
Jessica,Edwards,AU,jessica.edwards@gmail.com,1965-06-02
James,Cortez,AU,james.cortez@hotmail.com,1967-11-25
Nicole,Owens,NL,nicole.owens@gmail.com,2007-04-25
Renee,Mendoza,GB,renee.mendoza@gmail.com,1982-11-17
Spencer,Hernandez,US,spencer.hernandez@yahoo.com,1966-03-09
Monica,Robinson,AU,monica.robinson@gmail.com,1974-11-23
Karen,Stevens,AU,karen.stevens@yahoo.com,1960-05-17
Erik,Levy,GB,erik.levy@gmail.com,1955-03-03
Melissa,Duran,GB,melissa.duran@gmail.com,1974-01-13
Barbara,Jackson,US,barbara.jackson@hotmail.com,2002-08-28
Lisa,Berger,US,lisa.berger@hotmail.com,1995-04-30
Megan,Erickson,US,megan.erickson@hotmail.com,1969-03-06
Julie,Douglas,GB,julie.douglas@hotmail.com,1954-07-31
Jessica,James,CA,jessica.james@yahoo.com,1963-10-10
Kevin,Rodriguez,CA,0gojhpkevin.rodriguez@yahoo.com,2008-01-03
Stephanie,Schwartz,US,stephanie.schwartz@gmail.com,2001-10-09
Jason,Romero,US,jason.romero@hotmail.com,2004-04-09
Mitchell,Zhang,SE,mitchell.zhang@gmail.com,1994-02-23
Luke,Smith,CA,luke.smith@yahoo.com,1971-07-13
James,Coleman,CA,james.coleman@gmail.com,1973-11-16
Gary,Mcbride,SE,gary.mcbride@yahoo.com,1995-09-11
Charles,Irwin,US,charles.irwin@yahoo.com,1990-12-26
Lisa,Smith,DE,JFTPVRlisa.smith@yahoo.com,1962-02-02
Zachary,Mcintyre,CA,zachary.mcintyre@hotmail.com,1959-05-23
Katelyn,Green,US,katelyn.green@gmail.com,1984-09-09
Michael,Velasquez,US,michael.velasquez@yahoo.com,1990-09-29
Jared,Sanchez,GB,jared.sanchez@gmail.com,1983-11-27
Donald,Hill,US,donald.hill@gmail.com,1996-09-11
Brian,Wiggins,AU,brian.wiggins@yahoo.com,2004-01-14
Aaron,Rhodes,CA,aaron.rhodes@yahoo.com,2005-10-31
Adriana,Pace,CA,adriana.pace@yahoo.com,1980-06-06
Heidi,Newman,DE,heidi.newman@yahoo.com,1961-10-06
Tiffany,Oneal,DE,tiffany.oneal@gmail.com,1986-10-20
Anna,Green,US,anna.green@hotmail.com,1988-01-24
Jeffrey,Graves,US,jeffrey.graves@yahoo.com,2006-12-13
William,Welch,DE,william.welch@yahoo.com,1972-05-01
Cynthia,Vaughn,US,cynthia.vaughn@gmail.com,1973-07-25
Brandi,Clarke,US,brandi.clarke@hotmail.com,1972-12-13
Teresa,Montoya,US,teresa.montoya@yahoo.com,1975-12-06
Penny,Johnson,AU,penny.johnson@hotmail.com,1952-05-03
Debra,Berry,CA,debra.berry@hotmail.com,1971-05-29
Gregory,Adams,US,gregory.adams@gmail.com,1984-04-14
Christina,Cooke,US,christina.cooke@gmail.com,1970-11-10
Loretta,Ortiz,US,loretta.ortiz@yahoo.com,2001-06-24
Sarah,Nguyen,US,sarah.nguyen@gmail.com,1996-05-25
Christopher,Owens,FR,christopher.owens@gmail.com,1994-05-21
Todd,Brown,US,todd.brown@hotmail.com,1961-11-21
Cindy,Chen,DE,cindy.chen@yahoo.com,1977-10-29
Crystal,Wright,SE,crystal.wright@gmail.com,1955-08-17
Lauren,Thompson,GB,lauren.thompson@yahoo.com,1966-06-06
Mary,Holland,CA,mary.holland@gmail.com,2001-03-11
Kathy,Lopez,US,kathy.lopez@gmail.com,1980-09-30
David,Watson,US,david.watson@hotmail.com,1981-02-09
Christina,Scott,US,christina.scott@hotmail.com,1998-09-10
Jennifer,Chase,US,cYMt8pjennifer.chase@hotmail.com,1965-10-24
Tina,Morgan,CA,tina.morgan@yahoo.com,1964-12-17
Michael,Clark,US,michael.clark@hotmail.com,1965-07-12
Kevin,Cole,NL,kevin.cole@yahoo.com,1994-11-10
Natalie,Hernandez,CA,natalie.hernandez@hotmail.com,1968-12-21
Chelsea,Webster,US,chelsea.webster@hotmail.com,1972-11-18
Sherry,West,CA,sherry.west@gmail.com,1997-04-18
Amanda,Davis,AU,amanda.davis@hotmail.com,1953-07-20
Jaime,Gonzalez,US,jaime.gonzalez@yahoo.com,1951-12-29
Daniel,Estrada,US,daniel.estrada@yahoo.com,1978-10-07
Brian,Campbell,US,1ZBZc5brian.campbell@hotmail.com,1971-11-01
Donna,Wilson,US,donna.wilson@yahoo.com,1973-08-17
Luis,Stewart,GB,luis.stewart@hotmail.com,2004-09-27
Emily,Austin,US,emily.austin@gmail.com,1976-06-28
Wendy,Floyd,US,wendy.floyd@yahoo.com,1968-06-25
Angela,Peterson,CA,angela.peterson@hotmail.com,1984-04-01
Susan,Peterson,US,susan.peterson@hotmail.com,1995-05-13
Michelle,Allen,US,michelle.allen@hotmail.com,1983-04-02
Patricia,Mann,GB,patricia.mann@gmail.com,1951-03-08
Ashley,Rodriguez,AU,1sKhDXashley.rodriguez@hotmail.com,2007-12-25
Taylor,Haley,US,taylor.haley@yahoo.com,1967-03-03
Linda,Hurst,US,linda.hurst@hotmail.com,1969-05-21
Jacqueline,Thomas,US,jacqueline.thomas@gmail.com,1962-12-11
Calvin,Williams,US,calvin.williams@gmail.com,1980-02-13
Nicole,Alvarez,US,nicole.alvarez@hotmail.com,1959-04-06
Daniel,Garza,CA,daniel.garza@yahoo.com,1970-12-25
Todd,Thomas,US,todd.thomas@hotmail.com,2008-05-06
Justin,Simmons,FR,justin.simmons@yahoo.com,1973-10-10
Ryan,Glover,CA,ryan.glover@hotmail.com,1993-09-14
Matthew,Edwards,NL,matthew.edwards@hotmail.com,1977-09-01
Randy,Wade,US,randy.wade@hotmail.com,1968-09-30
Kyle,Huerta,US,kyle.huerta@yahoo.com,1990-10-19
Savannah,Andrade,CA,savannah.andrade@hotmail.com,2003-11-14
Andrea,Ingram,US,andrea.ingram@yahoo.com,1995-01-18
Michael,Walker,GB,michael.walker@gmail.com,1980-10-01
Holly,Davis,FR,holly.davis@gmail.com,1997-03-06
Joel,Hill,CA,joel.hill@yahoo.com,1971-12-13
Paula,Stone,GB,paula.stone@yahoo.com,2002-01-17
Victor,Santiago,FR,victor.santiago@hotmail.com,1958-07-17
Matthew,Adams,US,hTOiU6matthew.adams@yahoo.com,2004-07-14
Anthony,Butler,US,anthony.butler@yahoo.com,1985-02-13
Christopher,Henderson,US,christopher.henderson@yahoo.com,1958-02-07
Jenna,Turner,US,jenna.turner@gmail.com,2004-07-21
Ryan,Long,US,ryan.long@gmail.com,1993-04-20
Brandon,Todd,CA,brandon.todd@gmail.com,1989-11-16
Jenna,Stewart,US,jenna.stewart@gmail.com,1954-08-17
Jeffery,Vargas,US,jeffery.vargas@gmail.com,1958-07-25
Teresa,Carter,SE,teresa.carter@gmail.com,1977-03-04
Zachary,Long,GB,zachary.long@yahoo.com,1953-03-09
Michael,Suarez,US,michael.suarez@gmail.com,2002-02-24
Ryan,Thompson,US,ryan.thompson@yahoo.com,1960-02-09
Haley,Kane,US,haley.kane@yahoo.com,1977-06-05
Patrick,Gay,US,patrick.gay@hotmail.com,1971-09-22
Michelle,Vasquez,NL,michelle.vasquez@hotmail.com,1986-06-29
Brandy,Schmitt,FR,brandy.schmitt@yahoo.com,1987-05-14
Carol,Graham,US,carol.graham@yahoo.com,1970-05-01
Dwayne,Walsh,US,dwayne.walsh@hotmail.com,1984-01-31
Joel,Smith,US,joel.smith@hotmail.com,1960-07-14
Joshua,Baker,GB,joshua.baker@hotmail.com,1999-06-23
Amber,Richardson,DE,amber.richardson@hotmail.com,1985-01-08
Rodney,Wallace,US,rodney.wallace@hotmail.com,1985-01-23
Paul,Simmons,CA,paul.simmons@yahoo.com,1953-12-05
Valerie,Fry,GB,valerie.fry@gmail.com,1994-10-24
Robert,Fisher,US,robert.fisher@yahoo.com,1985-10-13
Joshua,Jones,GB,BHGNEpjoshua.jones@hotmail.com,1974-05-31
Allison,Benson,SE,allison.benson@yahoo.com,1995-05-29
Wendy,Green,AU,wendy.green@gmail.com,1976-10-27
Dorothy,Owen,US,dorothy.owen@gmail.com,1988-03-11
Justin,Navarro,GB,justin.navarro@gmail.com,1991-02-09
Aaron,Miles,GB,aaron.miles@gmail.com,1958-01-01
Nicole,Meyer,GB,nicole.meyer@hotmail.com,1956-07-13
Kimberly,Leonard,US,kimberly.leonard@hotmail.com,2008-06-04
Mary,Gonzalez,SE,mary.gonzalez@hotmail.com,1972-04-26
Mark,Spencer,US,mark.spencer@gmail.com,1964-06-14
Carrie,Garrett,US,carrie.garrett@yahoo.com,1997-01-05
Lisa,Johnson,GB,GtIKOllisa.johnson@yahoo.com,1963-05-14
Edward,Becker,US,edward.becker@yahoo.com,2007-04-24
John,Brown,US,john.brown@yahoo.com,1985-03-28
Stephanie,Parker,AU,stephanie.parker@gmail.com,1982-05-01
Danielle,Zimmerman,CA,danielle.zimmerman@yahoo.com,1971-07-19
Taylor,Paul,AU,taylor.paul@yahoo.com,1965-05-17
Daniel,Bass,US,daniel.bass@gmail.com,1976-02-05
Arthur,Green,SE,arthur.green@gmail.com,1988-08-03
Michael,Dickson,FR,michael.dickson@hotmail.com,1989-01-02
Marc,Gibson,US,marc.gibson@yahoo.com,1950-11-06
Charles,Smith,US,bhlK3jcharles.smith@yahoo.com,1962-01-24
Darrell,Harris,GB,darrell.harris@hotmail.com,1998-05-16
Michaela,Williams,CA,michaela.williams@hotmail.com,1986-04-30
Michael,Kirk,FR,michael.kirk@gmail.com,2003-07-09
Stephanie,Wolfe,GB,stephanie.wolfe@gmail.com,1986-02-20
Craig,Stewart,NL,craig.stewart@hotmail.com,1981-06-17
Jennifer,Turner,CA,kqFpSXjennifer.turner@gmail.com,1990-08-16
Gary,Frederick,CA,gary.frederick@yahoo.com,1988-04-17
Mary,Jenkins,GB,mary.jenkins@yahoo.com,1987-11-16
Eugene,Lee,US,eugene.lee@yahoo.com,1972-02-14
Sherry,Mejia,DE,sherry.mejia@gmail.com,1978-08-22
John,Castaneda,CA,john.castaneda@yahoo.com,1970-03-11
Tanya,Davis,DE,tanya.davis@hotmail.com,1950-12-16
Grant,Wolf,US,grant.wolf@gmail.com,1994-01-07
Shawn,Caldwell,FR,shawn.caldwell@gmail.com,1971-05-17
Rebekah,Castillo,NL,rebekah.castillo@hotmail.com,1977-09-08
Gerald,Rodriguez,DE,gerald.rodriguez@hotmail.com,2008-03-26
Anne,Gibbs,US,anne.gibbs@yahoo.com,1963-07-21
William,Hall,GB,william.hall@hotmail.com,1980-05-21
Tom,Tran,SE,tom.tran@yahoo.com,1976-11-16
Teresa,Woods,NL,teresa.woods@yahoo.com,1975-01-17
Stanley,Scott,US,stanley.scott@yahoo.com,2002-05-25
Jeremy,Cross,NL,jeremy.cross@gmail.com,1968-07-17
Carl,Delgado,US,carl.delgado@gmail.com,1992-07-31
Sandy,Villanueva,AU,sandy.villanueva@gmail.com,1966-12-08
Howard,Bailey,US,howard.bailey@gmail.com,2002-08-27
Shelley,Horton,US,shelley.horton@yahoo.com,1969-07-12
Monica,French,US,monica.french@hotmail.com,1997-02-23
Lonnie,Buck,CA,lonnie.buck@yahoo.com,2006-01-05
Kathryn,Cunningham,US,kathryn.cunningham@gmail.com,1954-01-24
Kathryn,Berg,GB,kathryn.berg@gmail.com,1968-06-16
Vincent,Boyle,FR,vincent.boyle@yahoo.com,1994-05-05
Kyle,Sherman,DE,kyle.sherman@yahoo.com,1982-01-14
Jerry,Chen,US,jerry.chen@hotmail.com,1986-01-06
Tina,Freeman,US,tina.freeman@hotmail.com,1998-06-17
Peter,Pierce,US,peter.pierce@yahoo.com,1978-12-05
Robert,Sims,US,robert.sims@yahoo.com,1998-01-19
Darryl,Parsons,US,darryl.parsons@hotmail.com,2000-12-14
Raymond,Rush,CA,raymond.rush@hotmail.com,1983-07-15
Christopher,Smith,CA,DcyOMgchristopher.smith@gmail.com,1961-11-25
Linda,Sanders,US,linda.sanders@gmail.com,1994-02-24
Kathy,Fox,CA,kathy.fox@yahoo.com,1955-04-27
Kyle,Blackburn,GB,kyle.blackburn@yahoo.com,2005-12-21
John,Williams,GB,lee2mujohn.williams@gmail.com,1991-02-10
Heidi,Johnson,US,heidi.johnson@gmail.com,1983-08-02
Jimmy,Ponce,CA,jimmy.ponce@yahoo.com,1956-09-13
Jose,Parks,NL,jose.parks@yahoo.com,2003-05-19
Jose,Perry,CA,jose.perry@yahoo.com,1996-07-15
Julie,Rich,US,julie.rich@yahoo.com,1990-06-03
Renee,Watkins,FR,renee.watkins@gmail.com,1986-09-30
Alexis,Spencer,GB,alexis.spencer@yahoo.com,1956-04-16
Marie,Hughes,US,marie.hughes@gmail.com,1967-09-03
David,Johns,US,david.johns@yahoo.com,1963-06-04
Jason,Hardy,CA,jason.hardy@yahoo.com,1981-11-06
Todd,Austin,US,todd.austin@hotmail.com,2007-05-16
Jillian,Mills,CA,jillian.mills@yahoo.com,2004-10-22
Melissa,George,US,melissa.george@gmail.com,1978-07-07
Ronald,Hernandez,US,ronald.hernandez@hotmail.com,1984-05-09
Shari,Hodge,CA,shari.hodge@hotmail.com,2004-02-24
Aaron,Garcia,CA,aaron.garcia@yahoo.com,1955-04-11
Richard,Anderson,CA,richard.anderson@hotmail.com,1972-07-22
Jeffrey,Lester,US,jeffrey.lester@yahoo.com,1996-08-25
Audrey,Donaldson,US,audrey.donaldson@hotmail.com,2007-07-31
Anthony,Fisher,CA,anthony.fisher@hotmail.com,1961-09-27
Jon,Cummings,CA,jon.cummings@hotmail.com,1988-07-20
Dawn,Williams,AU,dawn.williams@hotmail.com,1981-08-10
Daniel,Hernandez,FR,IFot7Qdaniel.hernandez@gmail.com,1969-01-23
Rachel,Mcbride,AU,rachel.mcbride@gmail.com,1996-09-19
Sarah,Brown,US,sarah.brown@gmail.com,2002-11-22
Kimberly,Jackson,US,kimberly.jackson@gmail.com,1950-10-21
Deborah,Owen,US,deborah.owen@hotmail.com,1962-03-29
Christina,Ortiz,CA,christina.ortiz@gmail.com,1958-03-19
Michael,Bates,AU,michael.bates@hotmail.com,1957-03-25
Patricia,Carpenter,FR,patricia.carpenter@yahoo.com,1962-12-26
Jocelyn,Taylor,US,jocelyn.taylor@yahoo.com,1955-11-02
Justin,Wells,AU,justin.wells@yahoo.com,1989-10-03
Erika,Mcclure,US,erika.mcclure@yahoo.com,2008-04-28
Linda,Allen,GB,linda.allen@gmail.com,1966-04-14
Joe,Martin,US,joe.martin@hotmail.com,1993-02-20
Laura,Marsh,NL,laura.marsh@gmail.com,1985-06-08
Christian,Salas,FR,christian.salas@yahoo.com,1956-01-20
Patrick,Olson,CA,patrick.olson@hotmail.com,1964-10-05
Jason,Robinson,US,jason.robinson@yahoo.com,1971-07-04
Jill,Humphrey,CA,jill.humphrey@gmail.com,1952-11-23
John,Williams,US,john.williams@hotmail.com,1989-11-13
Andrew,Dixon,US,andrew.dixon@hotmail.com,1961-10-26
Katherine,Allen,DE,katherine.allen@gmail.com,2005-08-30
Collin,Peterson,DE,collin.peterson@hotmail.com,1953-01-17
Kayla,Elliott,US,kayla.elliott@gmail.com,1959-10-02
Andrea,Martinez,US,andrea.martinez@yahoo.com,1955-07-15
Jacob,Molina,US,jacob.molina@hotmail.com,1968-02-11
Stephen,Thomas,DE,stephen.thomas@hotmail.com,2005-10-20
Kimberly,Fletcher,US,kimberly.fletcher@yahoo.com,1979-02-16
Robert,Obrien,US,robert.obrien@hotmail.com,1967-09-18
Eric,Clark,GB,j6VsrKeric.clark@hotmail.com,1999-03-26
Kristi,Valencia,US,kristi.valencia@gmail.com,1990-07-31
John,Johns,GB,john.johns@yahoo.com,1951-07-28
Eric,Riddle,NL,eric.riddle@hotmail.com,1981-09-17
Christine,Carter,GB,OeEvKzchristine.carter@yahoo.com,1991-10-30
Jordan,Wilcox,CA,jordan.wilcox@yahoo.com,1987-06-03
Justin,Hoffman,US,justin.hoffman@gmail.com,2000-10-19
Sara,Brown,GB,TqlFkJsara.brown@yahoo.com,1965-01-28
Barry,Smith,AU,barry.smith@yahoo.com,1953-05-30
Billy,Morales,FR,billy.morales@hotmail.com,2004-04-20
Kristin,Jordan,US,kristin.jordan@hotmail.com,1972-02-14
Kelsey,Acosta,CA,kelsey.acosta@gmail.com,2001-07-17
Emily,Lopez,AU,emily.lopez@yahoo.com,1999-12-11
Caroline,King,CA,caroline.king@yahoo.com,1956-06-10
Jamie,Howard,AU,jamie.howard@hotmail.com,1982-06-27
Kelly,Schneider,FR,kelly.schneider@yahoo.com,1951-04-10
James,Mckinney,US,james.mckinney@hotmail.com,1978-05-02
Brandy,Stephens,US,brandy.stephens@yahoo.com,1954-01-26
Martin,Dean,US,martin.dean@gmail.com,1964-05-19
Margaret,Adkins,US,margaret.adkins@hotmail.com,1971-12-24
Erica,Cisneros,GB,erica.cisneros@hotmail.com,1972-04-24
Susan,Cruz,US,susan.cruz@hotmail.com,2000-04-23
Natalie,Adams,NL,natalie.adams@yahoo.com,2008-05-19
Dennis,Brown,US,dennis.brown@gmail.com,1995-11-25
Michael,Joseph,US,michael.joseph@gmail.com,1975-03-24
John,Anderson,US,john.anderson@gmail.com,1982-02-22
Sean,Raymond,US,sean.raymond@hotmail.com,2000-07-24
Regina,Harrison,DE,regina.harrison@hotmail.com,1992-01-21
Carol,Moore,US,carol.moore@yahoo.com,1976-06-28
Mark,Davidson,GB,mark.davidson@yahoo.com,1981-02-23
Dawn,Lloyd,AU,dawn.lloyd@yahoo.com,1972-05-14
Leslie,Hicks,US,leslie.hicks@hotmail.com,1959-07-13
Robert,Wilson,US,robert.wilson@yahoo.com,1956-06-10
Gregory,Mitchell,US,gregory.mitchell@gmail.com,2003-07-10
Dakota,Oneill,US,dakota.oneill@hotmail.com,1965-01-17
Stephanie,White,FR,stephanie.white@yahoo.com,1972-12-26
Candace,Santos,AU,candace.santos@yahoo.com,2002-05-26
William,Oliver,US,william.oliver@gmail.com,1975-05-30
Tara,Stephenson,US,tara.stephenson@hotmail.com,1954-03-26
Amber,Bowen,CA,amber.bowen@gmail.com,1986-06-13
Edwin,Vasquez,DE,edwin.vasquez@gmail.com,2007-10-20
Tony,Stewart,US,tony.stewart@hotmail.com,1993-07-27
Jacob,Davis,US,jacob.davis@hotmail.com,1962-05-09
Melissa,Alvarez,AU,melissa.alvarez@hotmail.com,1975-06-09
Carl,Walton,GB,carl.walton@hotmail.com,1958-06-16
Johnny,Williams,DE,johnny.williams@yahoo.com,1981-06-10
Jennifer,Dunn,US,jennifer.dunn@yahoo.com,2007-01-13
Dawn,Douglas,NL,dawn.douglas@yahoo.com,1983-07-20
Beth,Martin,US,beth.martin@yahoo.com,1976-04-02
Amber,Coleman,US,amber.coleman@hotmail.com,1961-05-28
Grant,Campos,CA,grant.campos@gmail.com,1976-10-07
Jessica,Thomas,US,jessica.thomas@yahoo.com,1956-11-05
Carrie,Lewis,AU,carrie.lewis@gmail.com,1952-12-01
Michael,Nguyen,US,michael.nguyen@yahoo.com,1961-02-21
Paul,Dixon,AU,paul.dixon@hotmail.com,1975-08-07
Lisa,Henderson,US,lisa.henderson@hotmail.com,1992-09-12
Jean,Espinoza,US,jean.espinoza@yahoo.com,1961-04-25
Susan,Gillespie,US,susan.gillespie@yahoo.com,1975-04-18
Carl,Wood,GB,carl.wood@yahoo.com,1985-04-26
Sheila,Jennings,GB,sheila.jennings@hotmail.com,1985-01-19
Kimberly,Hamilton,US,kimberly.hamilton@hotmail.com,1989-02-12
Latoya,Sullivan,FR,latoya.sullivan@yahoo.com,1972-05-17
Nicole,Nunez,SE,nicole.nunez@gmail.com,1961-04-27
Steven,Lin,US,steven.lin@hotmail.com,1994-12-28
Brian,Snyder,US,brian.snyder@gmail.com,2002-08-18
Kimberly,Sanchez,US,kimberly.sanchez@yahoo.com,1959-10-21
Jennifer,Sanchez,US,6YZWyIjennifer.sanchez@hotmail.com,1984-08-04
Nancy,Wood,US,nancy.wood@hotmail.com,2007-04-24
Michael,White,GB,michael.white@yahoo.com,1965-06-04
Terrance,Smith,AU,terrance.smith@hotmail.com,1973-01-10
Randy,Mcdaniel,CA,randy.mcdaniel@yahoo.com,1956-07-21
Joseph,David,GB,joseph.david@gmail.com,1982-12-18
Warren,Lopez,US,warren.lopez@gmail.com,1993-08-02
David,Johnson,US,1INyz6david.johnson@gmail.com,1959-09-07
James,Lawson,CA,james.lawson@gmail.com,2002-03-08
Theresa,Harris,US,theresa.harris@gmail.com,1970-06-16
Bryan,Simmons,GB,bryan.simmons@yahoo.com,1988-07-21
Karen,Williams,AU,karen.williams@gmail.com,1963-01-15
Lauren,Cook,US,lauren.cook@hotmail.com,1978-05-09
Kelly,Jacobson,US,kelly.jacobson@yahoo.com,1975-02-06
John,Quinn,US,john.quinn@hotmail.com,1957-02-04
Drew,Daniels,US,drew.daniels@gmail.com,1983-01-26
Tracie,Hartman,NL,tracie.hartman@gmail.com,1993-02-11
John,Salinas,NL,john.salinas@hotmail.com,1996-06-26
John,Hardy,DE,john.hardy@gmail.com,1953-01-27
Dawn,Farrell,US,dawn.farrell@hotmail.com,2003-05-06
Stephen,Taylor,US,stephen.taylor@hotmail.com,1977-04-16
Thomas,Moore,US,thomas.moore@yahoo.com,1978-10-31
Jamie,Sullivan,AU,jamie.sullivan@hotmail.com,1960-11-30
Amy,Bowman,FR,amy.bowman@hotmail.com,1997-03-09
Michelle,Conner,CA,michelle.conner@gmail.com,1987-01-13
Samantha,Schwartz,AU,samantha.schwartz@hotmail.com,1986-12-10
Kevin,Mueller,GB,kevin.mueller@gmail.com,1957-09-14
Kathleen,Johnson,US,kathleen.johnson@yahoo.com,1958-11-29
Heidi,Young,GB,heidi.young@gmail.com,1952-06-04
Courtney,Brown,DE,courtney.brown@yahoo.com,2007-12-15
Chris,Williams,US,chris.williams@yahoo.com,2001-07-09
Dana,Silva,US,dana.silva@gmail.com,1979-12-22
Laura,Ramirez,AU,laura.ramirez@hotmail.com,1984-02-24
Debbie,Koch,US,debbie.koch@yahoo.com,1975-11-30
Monica,Garcia,US,monica.garcia@gmail.com,1968-06-09
Carol,Taylor,US,carol.taylor@hotmail.com,2007-12-02
Joy,Pierce,FR,joy.pierce@gmail.com,1995-08-09
Deborah,Myers,US,deborah.myers@gmail.com,1983-12-10
Cynthia,Stephens,GB,cynthia.stephens@yahoo.com,2001-05-24
John,Nelson,US,john.nelson@yahoo.com,1970-09-28
Benjamin,Mendoza,SE,benjamin.mendoza@yahoo.com,1958-11-08
Mario,Duncan,DE,mario.duncan@yahoo.com,2002-08-29
Brandi,Garrison,AU,brandi.garrison@gmail.com,1978-10-25
Courtney,Wilson,CA,courtney.wilson@gmail.com,1987-12-04
Michelle,Sherman,AU,michelle.sherman@hotmail.com,1967-06-25
Timothy,Neal,US,timothy.neal@hotmail.com,1992-10-07
Evelyn,Hall,AU,evelyn.hall@yahoo.com,1971-08-07
Donald,Wilson,US,donald.wilson@hotmail.com,2007-08-12
Ethan,Melton,US,ethan.melton@yahoo.com,1961-11-20
Karen,Davis,FR,karen.davis@gmail.com,1982-12-09
Grace,Ramirez,AU,grace.ramirez@yahoo.com,1983-11-10
Paul,Lyons,CA,paul.lyons@yahoo.com,1967-06-11
Mark,Fleming,AU,mark.fleming@gmail.com,1982-05-19
Michelle,Proctor,US,michelle.proctor@hotmail.com,1966-01-22
Crystal,Johns,CA,crystal.johns@gmail.com,1965-09-20
Johnny,Brown,US,johnny.brown@hotmail.com,2001-11-20
Anthony,Werner,AU,anthony.werner@hotmail.com,1961-03-13
Rebecca,Villa,GB,rebecca.villa@yahoo.com,1981-05-12
George,Wiley,AU,george.wiley@gmail.com,2003-07-05
Jessica,Simpson,AU,jessica.simpson@hotmail.com,1988-08-24
Kara,Gonzalez,US,kara.gonzalez@gmail.com,1969-08-26
Joy,Gardner,US,joy.gardner@yahoo.com,1977-01-26
Paul,Duran,CA,paul.duran@yahoo.com,2005-10-08
Ian,Warner,NL,ian.warner@hotmail.com,1990-09-07
Nathan,Bailey,US,nathan.bailey@hotmail.com,2003-12-05
James,Evans,US,james.evans@yahoo.com,2003-12-30
Nathan,Spence,FR,nathan.spence@yahoo.com,1986-04-21
Emma,Martinez,US,emma.martinez@yahoo.com,1987-01-08
Amy,White,GB,amy.white@gmail.com,1974-02-08
Sandra,Clark,US,sandra.clark@hotmail.com,1985-08-06
Daniel,Smith,GB,UJP8tudaniel.smith@hotmail.com,1996-09-19
Christopher,Berger,FR,christopher.berger@gmail.com,1951-01-20
Monica,King,NL,monica.king@hotmail.com,1976-12-29
David,Gray,AU,david.gray@gmail.com,1971-11-19
Troy,Hernandez,SE,troy.hernandez@yahoo.com,1991-12-07
Monica,Castro,US,monica.castro@yahoo.com,1981-04-22
Peter,Hansen,CA,peter.hansen@yahoo.com,1964-05-22
Stephanie,Mendez,US,stephanie.mendez@hotmail.com,1979-10-17
Megan,Davidson,US,megan.davidson@yahoo.com,1987-08-23
Kristine,Hendricks,AU,kristine.hendricks@gmail.com,1967-03-29
Evan,Brewer,US,evan.brewer@yahoo.com,1991-06-08
Heather,Cook,CA,heather.cook@hotmail.com,1976-03-12
Sharon,Romero,US,sharon.romero@hotmail.com,1982-12-23
Amy,Jimenez,US,amy.jimenez@hotmail.com,2001-12-30
Ashley,Shepherd,US,ashley.shepherd@gmail.com,1971-07-22
Kathleen,Roberts,NL,kathleen.roberts@hotmail.com,1997-07-30
Edwin,Peterson,GB,edwin.peterson@hotmail.com,2001-07-23
Sandy,Harris,US,sandy.harris@yahoo.com,2005-07-30
Victoria,Stone,CA,victoria.stone@hotmail.com,1960-02-28
Wesley,Hall,US,wesley.hall@yahoo.com,2004-09-27
Marie,Sandoval,US,marie.sandoval@yahoo.com,1961-03-04
Elizabeth,Morrison,AU,elizabeth.morrison@yahoo.com,2005-03-08
Jessica,Aguilar,GB,jessica.aguilar@hotmail.com,1989-09-22
Andrew,Wood,US,andrew.wood@gmail.com,2003-03-10
Logan,Fields,CA,logan.fields@hotmail.com,1993-06-02
Matthew,Kelley,GB,matthew.kelley@gmail.com,1990-12-02
Gabriella,Mcneil,US,gabriella.mcneil@hotmail.com,1955-04-27
Derek,Carroll,AU,derek.carroll@hotmail.com,2007-07-29
Robin,Ramsey,US,robin.ramsey@hotmail.com,1966-04-27
Jill,Sanders,US,jill.sanders@gmail.com,1957-08-22
Carrie,Sanchez,AU,carrie.sanchez@hotmail.com,1990-05-30
Thomas,Johnson,SE,thomas.johnson@hotmail.com,1959-03-31
Rebecca,Li,FR,rebecca.li@gmail.com,1962-08-07
Benjamin,Saunders,DE,benjamin.saunders@hotmail.com,1968-12-21
Sherry,Horton,US,sherry.horton@hotmail.com,1992-10-27
Bobby,Shepard,US,bobby.shepard@yahoo.com,1953-09-12
Joshua,James,US,joshua.james@yahoo.com,2005-08-26
Shawn,Little,AU,shawn.little@hotmail.com,1953-09-26
Jacqueline,Peck,US,jacqueline.peck@hotmail.com,1970-08-30
Jessica,Mcconnell,US,jessica.mcconnell@hotmail.com,1980-01-19
Thomas,Hudson,SE,thomas.hudson@yahoo.com,1998-10-16
Jessica,Johnson,US,jessica.johnson@hotmail.com,2006-08-07
Gabrielle,Fuller,DE,gabrielle.fuller@hotmail.com,1972-07-23
Derek,Allen,NL,derek.allen@hotmail.com,1992-07-07
Robert,Brown,US,robert.brown@gmail.com,1977-09-16
Gregory,Ford,US,gregory.ford@gmail.com,1971-11-23
Beverly,Williams,AU,beverly.williams@hotmail.com,1953-05-15
Dawn,Lopez,US,dawn.lopez@gmail.com,1952-03-18
Jennifer,Ellis,US,jennifer.ellis@hotmail.com,1986-03-25
Alyssa,Harmon,CA,alyssa.harmon@yahoo.com,1993-09-22
John,Rivers,CA,john.rivers@hotmail.com,1976-07-06
Jenny,Burton,GB,jenny.burton@hotmail.com,1983-10-30
Stephanie,Holden,GB,stephanie.holden@hotmail.com,2001-10-24
Robert,Reed,US,robert.reed@gmail.com,1977-06-06
Mario,Garrison,DE,mario.garrison@hotmail.com,1966-10-02
Leslie,Valenzuela,GB,leslie.valenzuela@yahoo.com,1951-11-19
Ruben,Miller,US,ruben.miller@yahoo.com,1973-02-18
Walter,Dixon,US,walter.dixon@gmail.com,1976-10-18
Sean,Berg,GB,sean.berg@hotmail.com,1950-12-08
Robert,Lewis,SE,robert.lewis@hotmail.com,1975-08-29
Jennifer,Martinez,CA,jennifer.martinez@hotmail.com,1965-12-15
Courtney,Kelly,GB,courtney.kelly@gmail.com,2003-06-29
Pamela,Garcia,US,kLovG8pamela.garcia@yahoo.com,1993-09-25
Melissa,Farmer,CA,melissa.farmer@yahoo.com,1990-10-05
Bryan,Gordon,US,bryan.gordon@hotmail.com,1985-03-16
Shane,Morrison,CA,shane.morrison@yahoo.com,1954-01-21
Wendy,Harper,US,wendy.harper@hotmail.com,1964-03-29
Nicholas,Smith,CA,nicholas.smith@yahoo.com,2007-08-13
Tyler,Ross,US,tyler.ross@hotmail.com,1958-12-27
William,Johns,US,william.johns@gmail.com,1991-08-09
Jessica,Odonnell,SE,jessica.odonnell@yahoo.com,2007-03-06
Anna,Torres,GB,tqx2gcanna.torres@hotmail.com,1981-05-26
Mark,Martinez,US,mark.martinez@hotmail.com,1983-08-11
Alexander,Evans,GB,alexander.evans@gmail.com,2002-09-07
Chad,Chavez,US,chad.chavez@yahoo.com,2006-03-27
Shari,Wright,US,shari.wright@hotmail.com,2003-09-04
Deborah,Duke,US,deborah.duke@hotmail.com,1970-05-28
Laura,Short,US,laura.short@hotmail.com,1978-05-23
Valerie,Ryan,US,valerie.ryan@yahoo.com,1991-09-23
Virginia,Jacobson,US,virginia.jacobson@yahoo.com,1958-03-24
Andrew,Mcdaniel,AU,andrew.mcdaniel@yahoo.com,1970-10-27
Heidi,Serrano,CA,heidi.serrano@hotmail.com,1998-03-22
Robert,Wise,GB,robert.wise@hotmail.com,1961-12-22
Kathy,Gomez,GB,kathy.gomez@gmail.com,1964-10-23
Robert,Williams,US,robert.williams@yahoo.com,1966-04-14
Eric,Huber,GB,eric.huber@hotmail.com,1967-04-06
Juan,King,SE,juan.king@yahoo.com,1998-11-30
Paula,Sanchez,US,paula.sanchez@yahoo.com,1971-01-01
Denise,Jordan,US,denise.jordan@gmail.com,2001-08-01
Curtis,Carrillo,US,curtis.carrillo@gmail.com,1960-06-04
Charles,Huerta,US,charles.huerta@yahoo.com,1958-02-25
George,Thomas,CA,george.thomas@yahoo.com,1961-07-18
Michael,Mills,US,michael.mills@yahoo.com,1994-12-05
Jenna,Lewis,CA,jenna.lewis@gmail.com,1962-06-07
David,Duran,GB,david.duran@hotmail.com,1971-07-01
James,Reed,US,james.reed@yahoo.com,1957-08-08
Timothy,Myers,US,timothy.myers@yahoo.com,1958-05-07
Susan,Greer,US,susan.greer@hotmail.com,1963-02-28
Peggy,Gomez,GB,peggy.gomez@gmail.com,1995-07-23
Joseph,Cole,CA,joseph.cole@yahoo.com,1973-08-02
Donald,Wall,CA,donald.wall@yahoo.com,1952-12-23
William,Myers,US,william.myers@hotmail.com,2008-04-28
Laura,Buchanan,CA,laura.buchanan@yahoo.com,1960-12-16
Yvonne,Jones,US,yvonne.jones@hotmail.com,1989-04-03
Denise,Martin,US,denise.martin@hotmail.com,1964-01-20
Christopher,Wilson,DE,christopher.wilson@gmail.com,1991-07-13
Debra,Rivas,US,debra.rivas@hotmail.com,1973-02-01
Eric,Pearson,SE,eric.pearson@hotmail.com,1995-03-02
Joseph,Morris,US,joseph.morris@hotmail.com,1980-12-03
Haley,Mitchell,US,haley.mitchell@hotmail.com,1988-04-28
Aaron,Nguyen,AU,aaron.nguyen@yahoo.com,2005-03-17
Cynthia,Thompson,AU,cynthia.thompson@gmail.com,1969-04-01
Joseph,Bennett,US,joseph.bennett@gmail.com,1968-03-08
Chase,Hammond,AU,chase.hammond@hotmail.com,1974-02-12
Amy,Duran,US,amy.duran@hotmail.com,1957-02-20
Benjamin,Davis,US,benjamin.davis@yahoo.com,2003-10-09
Dana,Russell,AU,dana.russell@hotmail.com,1985-09-06
Sue,Morton,AU,sue.morton@gmail.com,1965-03-21
Brian,Gonzalez,US,brian.gonzalez@yahoo.com,2000-10-02
Joseph,Nguyen,US,joseph.nguyen@yahoo.com,2004-10-23
Nancy,Marshall,AU,nancy.marshall@hotmail.com,1954-02-22
Yolanda,Schultz,DE,yolanda.schultz@hotmail.com,1978-07-25
Melissa,Turner,US,melissa.turner@yahoo.com,1991-07-25
Rose,Jones,AU,rose.jones@hotmail.com,1955-06-15
Kristina,Moreno,CA,kristina.moreno@hotmail.com,1959-08-18
Troy,Young,US,troy.young@yahoo.com,2004-07-25
Ryan,Wright,US,ryan.wright@yahoo.com,1988-06-12
Luis,Williams,DE,luis.williams@yahoo.com,1986-10-29
Rebecca,Wilson,US,rebecca.wilson@yahoo.com,1971-05-17
Paul,Alexander,NL,paul.alexander@hotmail.com,1990-05-01
Kirk,Yang,US,kirk.yang@gmail.com,1963-11-15
Derrick,Flores,US,derrick.flores@gmail.com,1992-11-08
Michael,Bradley,AU,michael.bradley@yahoo.com,1968-03-24
Cindy,Moore,US,62jfFvcindy.moore@gmail.com,2001-09-06
Sean,Mayo,US,sean.mayo@yahoo.com,1976-03-22
Colleen,Brown,AU,colleen.brown@hotmail.com,1958-03-03
Michele,Turner,US,michele.turner@yahoo.com,1989-02-16
Justin,Smith,US,Pa6kN5justin.smith@gmail.com,1964-02-24
Susan,Elliott,US,susan.elliott@gmail.com,1977-09-07
Mason,Sparks,CA,mason.sparks@hotmail.com,1980-11-23
Bruce,Hall,AU,bruce.hall@gmail.com,1991-09-02
Mark,Cantu,US,mark.cantu@hotmail.com,1974-09-18
Dustin,Mejia,CA,dustin.mejia@gmail.com,2006-09-27
David,George,US,david.george@hotmail.com,2004-12-03
Jason,Davis,US,jason.davis@yahoo.com,1999-07-25
Mary,Schwartz,US,mary.schwartz@hotmail.com,1980-10-30
Michael,Stanley,US,michael.stanley@yahoo.com,1977-10-05
Frank,Wright,US,frank.wright@yahoo.com,2004-02-19
Adrian,Johnson,US,adrian.johnson@gmail.com,1972-07-20
Bobby,Cannon,FR,bobby.cannon@gmail.com,1964-03-15
Eric,Edwards,US,eric.edwards@yahoo.com,1969-03-24
Nicholas,Rodriguez,US,kmXftznicholas.rodriguez@hotmail.com,1966-09-11
Benjamin,Lawrence,US,benjamin.lawrence@gmail.com,1959-05-25
Robin,Garza,US,robin.garza@yahoo.com,1969-09-08
Joseph,Skinner,US,joseph.skinner@gmail.com,1974-10-18
Charles,Alvarez,GB,charles.alvarez@hotmail.com,2003-09-09
Angel,Parker,FR,angel.parker@yahoo.com,1962-08-29
Stephen,Daniels,AU,stephen.daniels@gmail.com,1981-03-13
Dawn,Garcia,US,dawn.garcia@hotmail.com,1997-11-24
Michael,Baker,GB,michael.baker@hotmail.com,1995-06-03
Holly,Cowan,FR,holly.cowan@gmail.com,1976-08-04
Kendra,Huff,FR,kendra.huff@yahoo.com,1993-04-03
Janet,Ramirez,US,janet.ramirez@gmail.com,1996-01-20
Carol,Ward,CA,carol.ward@gmail.com,1984-10-05
Steven,Carter,GB,steven.carter@gmail.com,1998-08-20
Elizabeth,Young,FR,wQNEoGelizabeth.young@gmail.com,1980-08-26
Elizabeth,Guerrero,SE,elizabeth.guerrero@gmail.com,2003-05-03
Frank,Buckley,US,frank.buckley@gmail.com,1973-11-14
Jack,Hobbs,AU,jack.hobbs@gmail.com,1995-03-12
Amy,Mendez,GB,amy.mendez@hotmail.com,2006-11-08
Andrew,Woodward,US,andrew.woodward@gmail.com,2006-05-02
Lauren,Henderson,DE,lauren.henderson@hotmail.com,2008-05-23
Jessica,West,US,jessica.west@gmail.com,1954-10-05
Morgan,Duncan,CA,morgan.duncan@gmail.com,1992-12-21
Patricia,Mcdonald,CA,patricia.mcdonald@gmail.com,1982-01-01
Melanie,Garcia,AU,melanie.garcia@gmail.com,1995-02-03
Joseph,Hernandez,US,joseph.hernandez@hotmail.com,1997-10-27
Richard,Adams,NL,richard.adams@yahoo.com,1970-08-28
Sean,Carlson,US,sean.carlson@gmail.com,2006-01-26
Mark,Powell,CA,mark.powell@gmail.com,2004-02-22
Patrick,Jensen,US,patrick.jensen@hotmail.com,2004-09-29
Cheryl,Gonzalez,US,cheryl.gonzalez@hotmail.com,1992-01-19
Mary,Villarreal,GB,mary.villarreal@gmail.com,1992-07-10
Sandra,Taylor,US,sandra.taylor@hotmail.com,1975-11-08
Stacie,Hutchinson,US,stacie.hutchinson@hotmail.com,1983-02-17
Alexa,Smith,US,alexa.smith@yahoo.com,1987-03-19
Kevin,Norman,CA,kevin.norman@hotmail.com,1955-06-13
Susan,Hernandez,US,susan.hernandez@hotmail.com,1998-01-20
Kirk,House,US,kirk.house@hotmail.com,2005-04-22
Robert,Murray,US,robert.murray@gmail.com,1960-10-26
Jeffrey,Hanson,US,jeffrey.hanson@hotmail.com,1978-08-15
Heidi,Mitchell,US,heidi.mitchell@yahoo.com,1997-06-22
Megan,Briggs,AU,megan.briggs@yahoo.com,1990-08-31
Michael,Douglas,US,rpSR7Mmichael.douglas@hotmail.com,1957-05-20
Colton,Arellano,NL,colton.arellano@yahoo.com,1951-02-07
Tammy,Brown,US,tammy.brown@hotmail.com,2002-08-01
Brandon,Dominguez,GB,brandon.dominguez@gmail.com,1972-03-04
Gabrielle,Coleman,US,gabrielle.coleman@hotmail.com,1970-11-19
Lindsey,Johnson,NL,lindsey.johnson@gmail.com,1984-01-09
Jessica,Kim,US,jessica.kim@hotmail.com,2006-09-27
Victor,Johnson,CA,ZN2Ljavictor.johnson@hotmail.com,2007-10-23
Phillip,Cook,US,phillip.cook@yahoo.com,1991-02-02
Ryan,Robinson,US,ryan.robinson@hotmail.com,1975-12-04
Vanessa,Hopkins,CA,vanessa.hopkins@gmail.com,1995-08-04
Russell,Green,US,russell.green@yahoo.com,1996-05-06
Daniel,Mitchell,US,daniel.mitchell@yahoo.com,2002-12-23
Jamie,Reese,CA,jamie.reese@hotmail.com,2002-10-31
Dan,Johnson,US,dan.johnson@gmail.com,2008-03-08
Erik,Miller,GB,erik.miller@gmail.com,2006-02-08
Walter,Dillon,US,walter.dillon@yahoo.com,2000-09-19
Robert,Christensen,AU,robert.christensen@yahoo.com,1978-01-20
Shawn,Long,US,shawn.long@yahoo.com,1986-12-02
Jason,Hill,US,jason.hill@hotmail.com,1963-02-25
Helen,Coffey,NL,helen.coffey@gmail.com,1991-04-08
Mary,Rogers,GB,mary.rogers@gmail.com,1961-09-17
Brenda,Kelley,US,brenda.kelley@yahoo.com,1976-08-20
Martin,Sweeney,GB,martin.sweeney@hotmail.com,1974-07-02
Carrie,Gonzalez,US,carrie.gonzalez@gmail.com,1978-10-16
Julia,Caldwell,US,julia.caldwell@yahoo.com,2006-08-29
Michael,Williams,GB,BqLPxbmichael.williams@hotmail.com,2001-02-25
Michael,Kennedy,US,michael.kennedy@gmail.com,1973-06-26
Jonathan,Chandler,GB,jonathan.chandler@yahoo.com,1952-11-05
Ryan,Hickman,CA,ryan.hickman@yahoo.com,1966-08-17
Rebecca,Chang,CA,rebecca.chang@hotmail.com,1955-12-14
Linda,Flowers,CA,linda.flowers@yahoo.com,1998-11-21
Nicole,Brown,DE,nicole.brown@gmail.com,1963-01-31
Michelle,Olsen,CA,michelle.olsen@hotmail.com,2000-04-24
Hailey,Moody,FR,hailey.moody@gmail.com,1953-12-06
Brian,Flynn,US,brian.flynn@hotmail.com,1964-09-11
Zachary,Perez,US,zachary.perez@hotmail.com,1957-03-01
David,Wolf,US,david.wolf@hotmail.com,1989-07-22
Gilbert,Randolph,DE,gilbert.randolph@hotmail.com,2005-10-25
Gina,Lang,US,gina.lang@gmail.com,1994-12-17
Devin,Case,FR,devin.case@hotmail.com,2004-04-10
David,Bennett,GB,david.bennett@yahoo.com,1959-11-01
Randy,Rose,US,randy.rose@hotmail.com,1991-11-24
David,Rodriguez,US,david.rodriguez@hotmail.com,1990-10-08
Lisa,Glenn,US,lisa.glenn@hotmail.com,2002-03-09
Cheyenne,Young,AU,cheyenne.young@gmail.com,1967-05-22
Joseph,Roach,CA,joseph.roach@gmail.com,1997-09-26
Tyler,Scott,US,tyler.scott@hotmail.com,1972-01-16
Katie,Glenn,US,katie.glenn@hotmail.com,1991-08-29
Philip,Mora,GB,philip.mora@yahoo.com,2000-06-09
Timothy,Santana,CA,timothy.santana@yahoo.com,1982-10-07
Dominic,Welch,US,dominic.welch@gmail.com,1983-02-09
Megan,Robertson,AU,megan.robertson@hotmail.com,1966-04-28
Anthony,Martin,US,anthony.martin@yahoo.com,1954-06-18
Ruth,Brown,US,ruth.brown@gmail.com,1955-05-07
Lisa,Russell,SE,lisa.russell@hotmail.com,1994-03-20
Daniel,Reed,GB,daniel.reed@gmail.com,1981-10-29
Justin,Rose,US,justin.rose@gmail.com,1999-10-06
Lisa,Brooks,AU,lisa.brooks@gmail.com,1962-03-08
Danielle,Cook,FR,danielle.cook@hotmail.com,1969-05-01
Steve,Hampton,US,steve.hampton@yahoo.com,1969-11-18
David,Hurley,US,david.hurley@yahoo.com,1986-01-24
Tracy,Drake,CA,tracy.drake@hotmail.com,1955-12-05
Andrea,Miller,CA,andrea.miller@gmail.com,1953-11-26
Samantha,Lindsey,CA,samantha.lindsey@yahoo.com,2000-05-30
Micheal,Gonzales,SE,micheal.gonzales@hotmail.com,1982-06-26
Duane,Bauer,US,duane.bauer@yahoo.com,1961-01-18
Kimberly,Hall,AU,kimberly.hall@yahoo.com,1990-10-31
Kayla,Lewis,DE,kayla.lewis@gmail.com,2001-11-25
Sandra,Davis,DE,sandra.davis@gmail.com,1955-02-04
Teresa,Johnson,AU,teresa.johnson@hotmail.com,1975-01-05
Michael,Palmer,CA,michael.palmer@yahoo.com,1976-04-04
Jennifer,Miller,US,HrDK46jennifer.miller@yahoo.com,2005-06-11
Richard,Lee,DE,richard.lee@gmail.com,2004-12-18
Jimmy,Chang,US,jimmy.chang@gmail.com,1970-07-25
David,Allen,US,david.allen@gmail.com,1995-10-12
Tyler,Kirby,US,tyler.kirby@yahoo.com,1950-07-16
Brian,Johnson,US,B0xfaYbrian.johnson@gmail.com,1976-12-10
Nicholas,Reed,FR,nicholas.reed@gmail.com,1984-01-14
Margaret,Simpson,US,margaret.simpson@hotmail.com,1975-03-16
Kim,Lowery,GB,kim.lowery@hotmail.com,1980-07-22
Samantha,Cameron,US,samantha.cameron@hotmail.com,1976-09-11
Victor,Ortiz,CA,victor.ortiz@hotmail.com,1991-06-16
Tracy,Franklin,GB,tracy.franklin@yahoo.com,1974-03-23
Erin,Kramer,GB,erin.kramer@yahoo.com,1968-04-12
Lisa,Barnes,US,lisa.barnes@hotmail.com,2007-07-23
Kara,Davis,US,kara.davis@hotmail.com,2007-05-04
Briana,Huffman,CA,briana.huffman@hotmail.com,1980-12-23
Jennifer,Jackson,US,jennifer.jackson@yahoo.com,1993-11-04
Micheal,Martin,SE,micheal.martin@gmail.com,2005-01-05
Jacob,Davis,NL,jacob.davis@yahoo.com,1994-11-21
Thomas,Mendoza,US,thomas.mendoza@hotmail.com,1980-10-17
Michael,Livingston,US,michael.livingston@yahoo.com,1998-08-07
Lisa,Rodriguez,GB,w47ecwlisa.rodriguez@hotmail.com,1965-01-07
Steven,Thomas,NL,steven.thomas@yahoo.com,1957-03-05
Megan,Manning,CA,megan.manning@yahoo.com,1984-09-13
John,Ortiz,US,john.ortiz@hotmail.com,1956-03-01
Teresa,Davis,DE,teresa.davis@hotmail.com,1981-05-12
Mark,Owens,US,mark.owens@gmail.com,2008-04-06
Stephanie,Richardson,GB,stephanie.richardson@hotmail.com,1957-09-10
Elizabeth,Jones,US,elizabeth.jones@hotmail.com,1978-08-11
Kayla,Tate,US,kayla.tate@gmail.com,1981-03-07
Ronald,Bell,DE,ronald.bell@gmail.com,1962-10-27
Jeffrey,Ford,US,jeffrey.ford@yahoo.com,1972-07-26
Katrina,Holloway,GB,katrina.holloway@gmail.com,1965-08-23
Amber,Baker,US,amber.baker@yahoo.com,1955-06-21
Richard,Young,US,richard.young@yahoo.com,1990-07-09
Jimmy,Mclaughlin,NL,jimmy.mclaughlin@hotmail.com,1992-06-15
Mark,Stevenson,CA,mark.stevenson@hotmail.com,1980-06-17
Karen,Reed,CA,karen.reed@gmail.com,1967-03-23
Jodi,Richardson,NL,jodi.richardson@hotmail.com,1983-09-28
Christine,Davis,CA,christine.davis@yahoo.com,2003-03-29
Todd,Sawyer,US,todd.sawyer@gmail.com,1968-05-18
Lisa,Smith,CA,IIXOvNlisa.smith@yahoo.com,1963-06-10
Amy,Christian,US,amy.christian@yahoo.com,1958-06-26
Gregory,Jackson,FR,gregory.jackson@yahoo.com,1992-06-08
Ricky,Johnson,CA,ricky.johnson@hotmail.com,1994-04-30
Sherri,Bell,US,sherri.bell@gmail.com,2003-03-06
Christina,Lyons,CA,christina.lyons@yahoo.com,1977-12-19
Mark,Macdonald,US,mark.macdonald@gmail.com,1986-12-25
Angela,Torres,US,angela.torres@hotmail.com,1956-12-23
Tiffany,Hale,US,tiffany.hale@gmail.com,1999-03-29
Nicole,Brooks,NL,nicole.brooks@yahoo.com,1960-08-12
Gabriela,Reid,AU,gabriela.reid@hotmail.com,1952-10-04
Benjamin,Freeman,US,benjamin.freeman@gmail.com,1992-10-03
Ralph,Jackson,FR,ralph.jackson@yahoo.com,1990-03-08
George,Butler,US,george.butler@yahoo.com,1971-07-08
Nicole,Watkins,US,nicole.watkins@yahoo.com,1983-12-09
Barbara,Powell,US,barbara.powell@hotmail.com,1964-08-20
Christopher,Nichols,US,christopher.nichols@yahoo.com,1983-05-02
Brianna,Oconnell,AU,brianna.oconnell@hotmail.com,1995-07-16
Wendy,Bradley,AU,wendy.bradley@hotmail.com,1986-08-08
Alex,Schwartz,GB,alex.schwartz@hotmail.com,1973-05-31
Audrey,Proctor,US,audrey.proctor@hotmail.com,1994-06-09
Mallory,Weaver,US,mallory.weaver@hotmail.com,1974-10-08
Tammy,Gibson,US,LcAO6Xtammy.gibson@hotmail.com,1971-01-07
Jeremy,Hunter,US,jeremy.hunter@yahoo.com,1983-09-09
Ruth,Paul,CA,ruth.paul@yahoo.com,1970-04-12
Angel,Smith,US,angel.smith@hotmail.com,1996-09-03
Brenda,Carson,GB,JsVSi2brenda.carson@gmail.com,1981-04-25
Steven,Rangel,US,steven.rangel@hotmail.com,1958-07-17
Edward,Webster,US,edward.webster@hotmail.com,1967-03-29
Connor,Larson,GB,connor.larson@hotmail.com,2004-12-30
Blake,Sanders,NL,blake.sanders@gmail.com,2000-04-01
Matthew,Gray,GB,matthew.gray@gmail.com,1982-12-14
Thomas,Jones,GB,thomas.jones@yahoo.com,2008-04-26
Sarah,Wallace,US,sarah.wallace@yahoo.com,2000-10-31
Sheila,Horton,NL,sheila.horton@gmail.com,1993-10-21
Robert,Wright,GB,robert.wright@gmail.com,1995-07-08
Stephen,Jackson,AU,stephen.jackson@yahoo.com,1968-11-10
Amanda,Tyler,FR,amanda.tyler@yahoo.com,1986-10-14
Jose,Boyd,CA,jose.boyd@gmail.com,1958-08-18
Cindy,Young,US,cindy.young@yahoo.com,1990-03-13
Margaret,Oneal,US,margaret.oneal@yahoo.com,1976-10-07
William,Morris,FR,william.morris@yahoo.com,1960-01-12
Terrance,Jimenez,US,terrance.jimenez@gmail.com,1992-07-05
Lawrence,Mcguire,DE,lawrence.mcguire@yahoo.com,1977-04-23
Allison,Miller,US,zJ3KaDallison.miller@yahoo.com,1994-05-18
Johnny,Fowler,SE,johnny.fowler@hotmail.com,1979-12-20
Jason,Miller,US,jason.miller@hotmail.com,1985-01-15
Sheri,Graham,AU,sheri.graham@gmail.com,1959-05-15
Bryan,Turner,US,bryan.turner@yahoo.com,2001-02-23
Rebecca,Garrett,CA,rebecca.garrett@yahoo.com,1957-05-16
Molly,Jacobs,CA,molly.jacobs@gmail.com,1992-09-18
Christopher,Murphy,GB,christopher.murphy@gmail.com,1966-05-21
Catherine,Wilson,CA,catherine.wilson@hotmail.com,1973-02-28
Nicholas,Cole,US,nicholas.cole@hotmail.com,1963-07-31
Christopher,Lopez,US,DhyKAhchristopher.lopez@yahoo.com,1996-01-02
Bobby,Murray,CA,bobby.murray@gmail.com,1988-03-25
Kayla,Cox,US,kayla.cox@yahoo.com,1954-07-14
Mark,Becker,US,mark.becker@gmail.com,1996-06-02
Sydney,Coleman,FR,sydney.coleman@hotmail.com,1981-11-25
Charles,Bryant,AU,charles.bryant@hotmail.com,1951-10-19
Michael,Nguyen,FR,07zNqZmichael.nguyen@gmail.com,2007-07-19
Logan,Estes,US,logan.estes@yahoo.com,1986-12-18
Karen,Vargas,US,karen.vargas@yahoo.com,1989-08-24
Nathan,Harris,US,nathan.harris@gmail.com,1968-05-05
Mary,Clark,US,mary.clark@yahoo.com,1985-10-15
Jacob,Robinson,US,jacob.robinson@hotmail.com,1964-12-11
Alyssa,Stewart,DE,alyssa.stewart@gmail.com,2000-05-24
Amber,Lambert,CA,amber.lambert@hotmail.com,1958-03-30
Mary,Jones,US,Wt1mwdmary.jones@hotmail.com,1955-06-09
Victoria,Fields,US,victoria.fields@gmail.com,1981-07-02
Angela,Murray,GB,angela.murray@yahoo.com,1976-08-06
Catherine,Finley,CA,catherine.finley@hotmail.com,1968-12-29
Deborah,Moore,CA,deborah.moore@yahoo.com,1971-06-11
Samuel,Sharp,US,samuel.sharp@yahoo.com,2002-01-03
Donna,Bryant,US,donna.bryant@yahoo.com,1968-07-06
Christopher,Carlson,GB,christopher.carlson@hotmail.com,1997-09-02
Sarah,Johnson,US,sarah.johnson@hotmail.com,1982-05-06
Christopher,Anderson,US,christopher.anderson@yahoo.com,1973-06-06
Renee,Stein,US,renee.stein@yahoo.com,1978-02-09
Sara,Dudley,US,sara.dudley@yahoo.com,1953-06-13
Connor,Sutton,CA,connor.sutton@yahoo.com,1962-09-05
Carolyn,Castillo,AU,carolyn.castillo@gmail.com,2002-04-22
Johnny,Leonard,DE,johnny.leonard@yahoo.com,1964-12-13
Charles,White,CA,charles.white@hotmail.com,1997-04-07
Thomas,Thompson,US,thomas.thompson@yahoo.com,1997-01-21
Edward,Hurst,US,edward.hurst@yahoo.com,1950-10-26
Christopher,Norris,DE,christopher.norris@hotmail.com,1982-05-02
Megan,Lopez,CA,megan.lopez@gmail.com,2006-03-28
Christina,Murphy,AU,christina.murphy@yahoo.com,1988-10-21
Jorge,Carney,GB,jorge.carney@gmail.com,1954-06-04
William,Palmer,FR,william.palmer@yahoo.com,1998-03-21
Adam,Morgan,US,adam.morgan@yahoo.com,1959-01-07
Kathleen,French,SE,kathleen.french@gmail.com,1991-01-22
Brian,Martin,US,brian.martin@gmail.com,1963-12-05
Laura,Jackson,US,laura.jackson@yahoo.com,1964-05-28
Vincent,Kent,US,vincent.kent@yahoo.com,1957-01-22
Alexander,Parker,US,alexander.parker@gmail.com,1974-11-08
Whitney,Martin,GB,whitney.martin@hotmail.com,1950-10-23
Bryan,Austin,DE,bryan.austin@yahoo.com,2003-11-24
Jerry,Curtis,GB,jerry.curtis@gmail.com,1988-07-18
Deborah,George,US,deborah.george@yahoo.com,1960-06-01
Erik,Reed,SE,erik.reed@gmail.com,1966-11-23
Raven,Shaw,US,raven.shaw@yahoo.com,1977-10-24
Karen,Adams,US,karen.adams@gmail.com,1950-08-03
Caitlin,Brown,CA,caitlin.brown@hotmail.com,1971-05-21
Madison,Hopkins,US,madison.hopkins@yahoo.com,1977-10-19
Scott,Jones,US,scott.jones@gmail.com,1971-04-17
Daniel,Levy,GB,daniel.levy@yahoo.com,1952-12-20
Alexis,Villegas,DE,alexis.villegas@yahoo.com,1980-04-01
Todd,Fuller,CA,todd.fuller@yahoo.com,1972-09-24
Tyler,Fernandez,US,tyler.fernandez@hotmail.com,1963-07-07
Andrea,Graves,US,andrea.graves@gmail.com,1999-04-08
Mark,Pratt,GB,mark.pratt@gmail.com,1958-02-08
Deborah,Williams,US,bMPgB0deborah.williams@hotmail.com,2002-09-26
Ryan,Thornton,GB,ryan.thornton@yahoo.com,1988-08-08
Samantha,Hamilton,AU,samantha.hamilton@hotmail.com,1996-11-20
Russell,Davis,US,russell.davis@yahoo.com,2008-05-11
Katherine,Salazar,US,katherine.salazar@gmail.com,1981-05-20
Christine,Hamilton,NL,christine.hamilton@yahoo.com,1953-01-07
Joshua,Williams,CA,GCLzpBjoshua.williams@gmail.com,1974-01-03
Amy,Melton,US,amy.melton@yahoo.com,1957-01-03
Christopher,Richards,CA,christopher.richards@hotmail.com,1961-09-17
Michael,Hall,US,michael.hall@hotmail.com,1984-03-15
Sophia,Johnson,NL,sophia.johnson@hotmail.com,1960-09-21
Brittany,Lee,CA,brittany.lee@hotmail.com,1987-08-04
Edward,Myers,AU,edward.myers@hotmail.com,2001-04-13
Ryan,Griffith,FR,ryan.griffith@gmail.com,1992-01-07
Tonya,Smith,AU,tonya.smith@yahoo.com,1997-07-07
Mitchell,Parker,US,mitchell.parker@hotmail.com,2003-04-10
James,Becker,US,james.becker@gmail.com,1953-07-15
Zachary,Pittman,AU,zachary.pittman@yahoo.com,1966-06-09
Ronald,Walker,US,ronald.walker@gmail.com,1993-10-22
Joseph,Mcbride,US,joseph.mcbride@gmail.com,1990-01-05
Rodney,Mason,US,rodney.mason@gmail.com,2006-07-02
Stacey,Henderson,SE,stacey.henderson@yahoo.com,2001-01-13
Kevin,Alvarez,NL,kevin.alvarez@hotmail.com,1972-01-06
Dwayne,Potter,SE,dwayne.potter@yahoo.com,1957-12-12
Sarah,Miller,CA,sarah.miller@hotmail.com,1978-12-29
Christopher,Hartman,US,christopher.hartman@yahoo.com,2007-02-07
Gabriel,Alvarez,US,gabriel.alvarez@gmail.com,2004-02-17
Tammy,Ruiz,US,tammy.ruiz@yahoo.com,2006-04-21
Kimberly,Weaver,NL,kimberly.weaver@hotmail.com,1985-06-10
Kelly,Mueller,CA,kelly.mueller@yahoo.com,2004-12-28
Brian,Baker,US,brian.baker@gmail.com,1986-01-18
Andrew,Buck,US,andrew.buck@yahoo.com,1990-11-05
Jay,Dickerson,NL,jay.dickerson@gmail.com,1966-05-05
Steven,Wiley,CA,steven.wiley@gmail.com,1976-10-18
Alicia,Davis,CA,alicia.davis@yahoo.com,1963-03-14
Anthony,Gonzalez,NL,anthony.gonzalez@yahoo.com,2005-01-29
Michelle,Morse,DE,michelle.morse@gmail.com,1961-07-24
Michelle,Aguilar,CA,michelle.aguilar@hotmail.com,2004-07-19
Colton,Figueroa,US,colton.figueroa@yahoo.com,1986-01-17
Kelly,Randall,US,kelly.randall@gmail.com,2000-05-22
Brittany,Tucker,FR,brittany.tucker@hotmail.com,2006-07-03
Jamie,Martinez,AU,jamie.martinez@hotmail.com,2004-01-26
Amanda,Mcdonald,US,amanda.mcdonald@yahoo.com,1972-01-27
Timothy,Roberts,CA,timothy.roberts@hotmail.com,1988-01-13
Mark,Patel,NL,mark.patel@yahoo.com,1957-12-31
Nathan,Payne,US,nathan.payne@yahoo.com,1993-06-23
Nicholas,Espinoza,CA,nicholas.espinoza@gmail.com,1983-07-15
Joshua,Johnson,AU,uvtvKrjoshua.johnson@yahoo.com,1970-02-08
Thomas,Martinez,US,thomas.martinez@hotmail.com,1967-03-05
Catherine,Nguyen,US,catherine.nguyen@yahoo.com,1961-01-14
Jessica,Conley,US,jessica.conley@hotmail.com,1966-08-02
Christopher,Pope,CA,christopher.pope@yahoo.com,1951-02-16
Charles,Graham,FR,charles.graham@hotmail.com,1953-10-31
Hannah,Serrano,AU,hannah.serrano@yahoo.com,2002-01-30
Antonio,Smith,US,antonio.smith@yahoo.com,1985-03-10
Richard,Fisher,CA,richard.fisher@yahoo.com,1957-05-13
Ryan,Boyd,AU,ryan.boyd@yahoo.com,2005-09-19
Whitney,Gutierrez,US,whitney.gutierrez@gmail.com,1974-08-25
Kristin,Fisher,US,kristin.fisher@yahoo.com,1965-07-09
Anna,Lynch,US,anna.lynch@hotmail.com,1966-01-23
Daniel,Johnson,US,tZi6V3daniel.johnson@yahoo.com,1994-06-13
Trevor,Rodgers,US,trevor.rodgers@gmail.com,2007-06-29
Samuel,Hill,GB,samuel.hill@hotmail.com,1979-12-27
John,Cook,US,john.cook@gmail.com,1985-10-28
Shane,Taylor,AU,shane.taylor@gmail.com,1966-02-09
Elizabeth,Ellis,CA,elizabeth.ellis@gmail.com,2002-12-11
John,Suarez,CA,john.suarez@yahoo.com,1992-11-01
Ryan,Miller,US,zMN484ryan.miller@yahoo.com,1990-04-13
Dana,Jones,US,dana.jones@gmail.com,1969-11-12
Derrick,Lopez,NL,derrick.lopez@gmail.com,1964-11-01
Martha,Morrison,FR,martha.morrison@yahoo.com,1960-07-26
Victoria,Stevenson,GB,victoria.stevenson@gmail.com,1995-12-22
Jason,Holland,US,jason.holland@hotmail.com,1963-05-09
Melissa,Klein,CA,melissa.klein@gmail.com,2007-10-09
Laura,Lloyd,DE,laura.lloyd@gmail.com,1963-11-29
Kristy,Hunt,US,kristy.hunt@hotmail.com,2004-04-04
Jeremiah,Brown,US,jeremiah.brown@yahoo.com,1988-05-06
Robert,Jones,US,robert.jones@yahoo.com,1955-01-07
Mackenzie,Hernandez,FR,mackenzie.hernandez@yahoo.com,1995-08-21
Andrea,Keller,CA,andrea.keller@gmail.com,1981-06-19
Bill,Smith,CA,bill.smith@yahoo.com,1990-08-17
Joseph,Burke,CA,joseph.burke@gmail.com,1983-11-14
Anna,Jones,US,anna.jones@gmail.com,1990-08-25
Glenn,Eaton,FR,glenn.eaton@hotmail.com,2007-01-16
Lisa,Phillips,NL,lisa.phillips@hotmail.com,1992-04-02
Willie,Williams,CA,willie.williams@gmail.com,1982-07-14
Leslie,Maxwell,US,leslie.maxwell@gmail.com,2003-12-15
Dominique,Hernandez,US,dominique.hernandez@yahoo.com,2001-11-27
Ethan,Powell,US,ethan.powell@gmail.com,1982-12-25
Brandon,Simmons,US,brandon.simmons@hotmail.com,1964-09-19
Diana,Lopez,CA,diana.lopez@yahoo.com,1983-07-02
Linda,Hodges,SE,linda.hodges@gmail.com,1956-03-22
Thomas,Yates,US,thomas.yates@yahoo.com,1965-06-09
Michael,Thomas,US,michael.thomas@gmail.com,1957-05-01
Timothy,Miller,AU,timothy.miller@hotmail.com,1957-02-10
Kevin,Stewart,DE,kevin.stewart@gmail.com,1981-12-21
Brian,Crawford,US,brian.crawford@hotmail.com,1972-09-11
Nicole,Carr,US,nicole.carr@hotmail.com,1971-06-14
Elizabeth,Johnston,AU,elizabeth.johnston@hotmail.com,1951-03-27
Jeremy,May,US,jeremy.may@yahoo.com,2000-12-05
Kathryn,Bell,US,kathryn.bell@yahoo.com,1956-01-14
Mandy,Taylor,US,mandy.taylor@gmail.com,1993-11-22
Jason,Combs,US,jason.combs@gmail.com,2000-07-13
John,Harrison,AU,john.harrison@hotmail.com,1954-11-28
Scott,Adams,US,scott.adams@hotmail.com,1959-11-13
Jacob,Buchanan,US,jacob.buchanan@gmail.com,1995-11-08
Brett,Griffin,GB,brett.griffin@yahoo.com,1959-05-14
William,Johnson,CA,Ku3ZBWwilliam.johnson@yahoo.com,1959-09-18
Joel,Espinoza,AU,joel.espinoza@gmail.com,1997-12-15
Sharon,Moyer,CA,sharon.moyer@hotmail.com,1971-06-04
Matthew,Norton,AU,matthew.norton@gmail.com,1977-06-26
Tiffany,Underwood,SE,tiffany.underwood@yahoo.com,1974-09-01
Matthew,Martinez,DE,matthew.martinez@gmail.com,1968-12-25
Nathan,Kim,GB,nathan.kim@hotmail.com,1975-05-29
John,Perkins,US,john.perkins@yahoo.com,2003-08-18
Daniel,Berry,GB,daniel.berry@hotmail.com,1952-01-07
Jesus,Ruiz,US,jesus.ruiz@hotmail.com,2004-08-09
Daniel,Morgan,US,daniel.morgan@hotmail.com,2002-08-25
John,Lopez,NL,john.lopez@hotmail.com,1992-11-19
Jordan,Davis,GB,jordan.davis@hotmail.com,1961-08-25
Troy,Vasquez,US,troy.vasquez@yahoo.com,1950-07-15
Abigail,Harris,US,abigail.harris@yahoo.com,1977-07-13
Jimmy,Becker,US,jimmy.becker@hotmail.com,1968-02-16
Robert,Hall,DE,robert.hall@hotmail.com,1984-04-07
Katherine,Rivas,CA,katherine.rivas@hotmail.com,1950-06-17
Paula,Price,AU,paula.price@gmail.com,1964-01-18
Peter,Robinson,GB,peter.robinson@yahoo.com,2008-03-21
Kevin,Cummings,US,kevin.cummings@yahoo.com,1981-06-26
Mary,Bullock,US,mary.bullock@hotmail.com,1953-01-26
Michael,Curry,US,michael.curry@hotmail.com,1994-03-18
Tiffany,Pace,FR,tiffany.pace@yahoo.com,1997-07-26
Colton,Hall,NL,colton.hall@yahoo.com,1986-01-15
Heather,Snyder,DE,psXSQAheather.snyder@yahoo.com,2005-09-23
Stephanie,Cochran,AU,stephanie.cochran@gmail.com,1998-12-21
Jeremy,Davis,AU,jeremy.davis@hotmail.com,1997-04-19
Jason,Riddle,US,jason.riddle@gmail.com,2001-10-03
Jessica,Stevens,US,jessica.stevens@hotmail.com,1995-04-19
Marissa,Collins,FR,marissa.collins@yahoo.com,1986-08-20
Joseph,Harris,US,FVCxHmjoseph.harris@gmail.com,1972-10-18
Jesse,Miller,US,jesse.miller@gmail.com,1983-08-29
Michael,Solis,US,michael.solis@hotmail.com,1982-12-30
Sherry,Long,US,sherry.long@yahoo.com,1971-10-20
Caleb,Nicholson,DE,caleb.nicholson@hotmail.com,1968-12-27
Michael,Miller,US,michael.miller@gmail.com,1992-12-10
Mary,Evans,US,mary.evans@yahoo.com,1995-05-19
Emily,Watkins,CA,emily.watkins@yahoo.com,1988-11-29
Debbie,Jackson,AU,debbie.jackson@yahoo.com,1999-05-01
Christopher,Welch,CA,christopher.welch@hotmail.com,1991-06-03
Michael,Park,GB,michael.park@yahoo.com,1965-02-12
Erica,Holmes,US,erica.holmes@yahoo.com,1954-08-10
Julia,Franklin,US,julia.franklin@yahoo.com,1994-10-04
Anthony,Powell,GB,anthony.powell@hotmail.com,1961-11-02
Sarah,Davenport,US,sarah.davenport@gmail.com,1984-07-12
Lisa,Shaw,US,lisa.shaw@gmail.com,1964-08-06
Kenneth,Garcia,FR,kenneth.garcia@yahoo.com,1987-10-26
Perry,Fitzgerald,US,perry.fitzgerald@gmail.com,1999-10-04
Brian,Jordan,FR,brian.jordan@yahoo.com,1967-10-12
Sydney,Strickland,US,sydney.strickland@yahoo.com,1989-11-16
Robert,Elliott,US,robert.elliott@gmail.com,1985-01-07
Sydney,Erickson,US,sydney.erickson@gmail.com,1993-04-10
Lisa,Wiggins,NL,lisa.wiggins@hotmail.com,1996-07-16
Bruce,Martinez,GB,bruce.martinez@yahoo.com,1982-08-26
Brandon,Cunningham,US,brandon.cunningham@yahoo.com,1994-04-14
Michelle,Oneill,GB,michelle.oneill@gmail.com,1972-09-21
Molly,Diaz,GB,molly.diaz@gmail.com,2005-08-26
John,Harris,SE,john.harris@hotmail.com,1967-02-05
Jonathan,Clark,AU,jonathan.clark@yahoo.com,1995-05-16
Sara,Mitchell,GB,sara.mitchell@yahoo.com,1986-08-10
James,Graham,FR,james.graham@gmail.com,1959-01-16
Richard,Savage,US,richard.savage@yahoo.com,1991-07-17
Justin,Nelson,DE,justin.nelson@gmail.com,1998-02-11
Kathryn,Valenzuela,CA,kathryn.valenzuela@yahoo.com,1984-09-22
Jim,Garcia,CA,jim.garcia@gmail.com,1998-06-12
April,Peters,US,april.peters@gmail.com,1960-01-07
Chloe,Smith,CA,chloe.smith@gmail.com,1985-06-30
Stephen,Ritter,US,stephen.ritter@hotmail.com,1975-07-31
Stacey,Moore,US,stacey.moore@gmail.com,1954-05-27
Steven,Morrison,US,steven.morrison@gmail.com,1974-01-18
Kevin,Hughes,US,kevin.hughes@yahoo.com,1957-03-07
Cheryl,Melendez,US,cheryl.melendez@yahoo.com,1987-08-06
Lucas,Lynn,US,lucas.lynn@hotmail.com,1960-02-19
Matthew,Baker,CA,matthew.baker@gmail.com,1998-09-28
Keith,Hampton,US,keith.hampton@yahoo.com,2003-02-04
Christine,Bowman,AU,christine.bowman@hotmail.com,1978-06-11
Sharon,Henson,US,sharon.henson@gmail.com,1984-12-02
Shawn,Smith,US,hEXS10shawn.smith@hotmail.com,1994-12-13
Karla,Wright,US,karla.wright@yahoo.com,1970-07-08
Joel,Horn,US,joel.horn@gmail.com,1970-02-17
Jillian,Douglas,AU,jillian.douglas@yahoo.com,1957-04-20
Tara,Thomas,NL,tara.thomas@yahoo.com,1951-12-09
Steven,Fields,GB,steven.fields@yahoo.com,1972-08-17
Danielle,Allen,US,danielle.allen@hotmail.com,1978-02-21
Brian,Hunt,US,brian.hunt@yahoo.com,1976-02-15
Valerie,Mckenzie,NL,valerie.mckenzie@yahoo.com,1968-10-21
Jacob,Cruz,GB,jacob.cruz@hotmail.com,2003-12-08
Laurie,Rivera,US,laurie.rivera@hotmail.com,1956-12-21
Kelly,Mcdaniel,US,kelly.mcdaniel@gmail.com,1978-08-11
Laura,Nelson,GB,laura.nelson@gmail.com,1996-07-14
Gabriela,Dunlap,FR,gabriela.dunlap@gmail.com,1960-01-08
Terry,Olson,GB,terry.olson@yahoo.com,2007-09-13
Robert,Salazar,GB,robert.salazar@gmail.com,1999-07-13
Jason,Campbell,US,jason.campbell@yahoo.com,1971-02-26
Michael,Ortiz,GB,michael.ortiz@hotmail.com,1978-07-18
Randy,Rodriguez,US,randy.rodriguez@yahoo.com,1952-10-28
Thomas,Smith,CA,bQwnnxthomas.smith@yahoo.com,1968-08-06
Mark,Rodgers,CA,mark.rodgers@gmail.com,1955-10-06
Jacob,Jordan,GB,jacob.jordan@yahoo.com,2000-10-12
Christian,Brooks,AU,christian.brooks@yahoo.com,1984-08-17
Nancy,Fuller,US,nancy.fuller@hotmail.com,1957-05-18
John,Avery,NL,john.avery@gmail.com,1997-12-06
Jesse,Doyle,GB,jesse.doyle@hotmail.com,1990-10-06
Dan,Walker,CA,dan.walker@hotmail.com,1973-11-10
Lindsay,Morales,CA,lindsay.morales@gmail.com,1993-11-13
Jason,Mckenzie,US,jason.mckenzie@gmail.com,1970-10-03
Sarah,Rose,US,sarah.rose@hotmail.com,1960-10-21
Michelle,Willis,US,michelle.willis@hotmail.com,1968-09-26
Barbara,Russo,SE,barbara.russo@yahoo.com,1956-05-30
John,Owen,US,john.owen@gmail.com,1971-11-10
Stephen,Green,GB,stephen.green@hotmail.com,1989-08-16
Richard,Patel,US,richard.patel@gmail.com,1982-03-27
Caitlyn,Weiss,SE,caitlyn.weiss@yahoo.com,1976-12-07
Kathryn,Cantu,US,kathryn.cantu@yahoo.com,1972-03-09
Lori,Collier,AU,lori.collier@yahoo.com,1951-08-17
Charles,Koch,FR,charles.koch@hotmail.com,1956-07-02
Patricia,Bowman,US,patricia.bowman@yahoo.com,1996-01-06
Travis,Anderson,FR,travis.anderson@yahoo.com,1989-08-01
Margaret,Benton,US,margaret.benton@gmail.com,2006-06-07
Stephanie,Rice,CA,stephanie.rice@hotmail.com,1998-04-04
Larry,Liu,US,larry.liu@yahoo.com,1959-10-29
Aaron,Smith,US,GFflHFaaron.smith@gmail.com,1967-11-14
Kenneth,Ho,GB,kenneth.ho@hotmail.com,1970-02-22
Shawn,Williams,US,shawn.williams@hotmail.com,1969-09-25
Jessica,Jones,US,bhb5DVjessica.jones@yahoo.com,1969-08-28
Gary,Esparza,US,gary.esparza@gmail.com,1983-08-05
Michael,Page,CA,michael.page@hotmail.com,1958-09-08
Brandi,Kennedy,GB,brandi.kennedy@hotmail.com,1970-12-03
Heather,Choi,US,heather.choi@hotmail.com,1980-02-07
Timothy,Smith,GB,fy1nhwtimothy.smith@hotmail.com,1957-05-04
Andrea,Delgado,DE,andrea.delgado@hotmail.com,2003-09-10
Renee,Robles,CA,renee.robles@yahoo.com,2002-07-28
Mark,Frey,US,mark.frey@hotmail.com,1955-09-01
Cassandra,Johnson,US,cassandra.johnson@gmail.com,1956-01-19
Ashley,Irwin,DE,ashley.irwin@gmail.com,1953-02-25
Patrick,Alvarado,GB,patrick.alvarado@gmail.com,2005-10-08
Douglas,Medina,US,douglas.medina@gmail.com,1980-07-31
Adam,Miller,US,adam.miller@yahoo.com,1953-10-12
Philip,Hodges,US,philip.hodges@hotmail.com,1977-08-24
Jonathan,Wallace,US,jonathan.wallace@yahoo.com,1999-08-05
Paul,Harris,GB,paul.harris@hotmail.com,1986-03-18
Kevin,Thompson,US,kevin.thompson@hotmail.com,1984-12-30
Wendy,Roach,US,wendy.roach@yahoo.com,1961-08-13
Tanya,Griffin,US,tanya.griffin@hotmail.com,1998-07-23
Barbara,Rodriguez,US,barbara.rodriguez@hotmail.com,1966-11-27
Susan,Lane,GB,susan.lane@yahoo.com,1985-07-17
Michelle,Brown,CA,michelle.brown@hotmail.com,1962-12-15
Brandon,Ryan,NL,brandon.ryan@gmail.com,1979-11-16
April,White,US,april.white@gmail.com,1977-09-29
Jill,Gamble,US,jill.gamble@gmail.com,1965-06-09
Joy,Stevens,US,joy.stevens@yahoo.com,1959-07-10
Jose,Harrington,US,jose.harrington@gmail.com,1973-04-30
Ana,White,US,ana.white@yahoo.com,1965-12-15
Justin,Hogan,US,justin.hogan@yahoo.com,1967-11-20
Morgan,Wilkerson,US,morgan.wilkerson@hotmail.com,1958-04-01
Mark,Tate,DE,mark.tate@yahoo.com,2000-01-07
Brooke,Brown,US,brooke.brown@hotmail.com,1973-06-09
Brian,Griffin,CA,brian.griffin@hotmail.com,1958-08-28
Tyler,Diaz,CA,tyler.diaz@hotmail.com,1977-10-16
Melissa,Wilson,US,melissa.wilson@gmail.com,2008-04-16
Lindsey,White,US,lindsey.white@yahoo.com,1980-01-25
Katie,Jenkins,GB,katie.jenkins@hotmail.com,1953-05-18
Jeffery,Allen,US,jeffery.allen@gmail.com,1999-03-18
Vincent,Walker,US,vincent.walker@yahoo.com,2003-02-23
Renee,Paul,US,renee.paul@hotmail.com,1992-10-31
Margaret,Williams,CA,margaret.williams@hotmail.com,1961-06-17
Caitlin,Harris,US,caitlin.harris@hotmail.com,1982-06-27
Nathan,Campbell,US,nathan.campbell@gmail.com,1973-08-16
Kara,Bryant,US,kara.bryant@hotmail.com,1978-09-14
Roger,Fleming,US,roger.fleming@hotmail.com,1961-07-15
Ashley,Lowe,AU,ashley.lowe@gmail.com,1951-01-11
Robert,Bryant,CA,robert.bryant@yahoo.com,1954-09-16
Laura,Hernandez,NL,laura.hernandez@hotmail.com,1964-08-21
Mckenzie,Figueroa,US,mckenzie.figueroa@yahoo.com,2007-03-08
Christopher,Jennings,US,christopher.jennings@hotmail.com,1968-07-26
Noah,Park,CA,noah.park@yahoo.com,1980-05-16
Brian,Smith,US,jn1mSFbrian.smith@gmail.com,1998-09-16
Michael,Garcia,US,michael.garcia@gmail.com,1978-08-13
Janet,Patel,US,janet.patel@hotmail.com,1969-03-04
Raymond,Perez,US,raymond.perez@gmail.com,1976-06-23
Melissa,Harris,US,melissa.harris@yahoo.com,1978-12-31
Melissa,Arnold,GB,melissa.arnold@yahoo.com,1963-10-20
Phillip,Woods,US,phillip.woods@yahoo.com,1980-02-07
Michael,Buchanan,GB,michael.buchanan@hotmail.com,1979-05-27
Cindy,Montoya,US,cindy.montoya@gmail.com,1983-07-18
Theresa,Floyd,AU,theresa.floyd@hotmail.com,1961-06-28
Steve,West,US,steve.west@hotmail.com,1991-08-01
Jessica,Garrett,US,jessica.garrett@yahoo.com,1954-09-06
Diane,Moss,US,diane.moss@yahoo.com,1965-06-20
James,Ramirez,FR,james.ramirez@gmail.com,1961-07-27
Richard,Thompson,AU,richard.thompson@hotmail.com,1983-05-05
Tammy,Travis,GB,tammy.travis@yahoo.com,1953-07-26
Dawn,Young,US,dawn.young@hotmail.com,1981-08-31
Clifford,Hoffman,US,clifford.hoffman@gmail.com,2004-09-05
Stacy,Clark,AU,stacy.clark@yahoo.com,1963-01-05
Jennifer,Christian,US,jennifer.christian@yahoo.com,1955-08-31
Mary,Harris,CA,mary.harris@hotmail.com,1977-03-25
Nicole,Fritz,US,nicole.fritz@yahoo.com,1951-01-30
Timothy,Young,US,timothy.young@gmail.com,1954-04-04
Alison,Baker,US,alison.baker@hotmail.com,1984-04-08
Melissa,Schaefer,CA,melissa.schaefer@yahoo.com,1957-08-31
Mary,Cunningham,FR,mary.cunningham@gmail.com,1963-03-07
Richard,Gentry,AU,richard.gentry@gmail.com,1989-10-07
Terri,Wright,US,terri.wright@gmail.com,2007-01-04
Kristin,Hall,DE,kristin.hall@yahoo.com,1960-06-20
Samuel,Gross,US,samuel.gross@gmail.com,1976-08-12
Laurie,Best,US,laurie.best@hotmail.com,1993-11-21
Brandon,Parker,US,brandon.parker@hotmail.com,1951-03-09
Randall,Adkins,AU,randall.adkins@hotmail.com,1955-07-01
Jennifer,Wong,US,D8oq0Sjennifer.wong@yahoo.com,1999-01-15
Jacob,Lee,CA,jacob.lee@yahoo.com,1990-07-17
Tammy,Jenkins,US,tammy.jenkins@yahoo.com,2000-01-10
Taylor,Gutierrez,US,taylor.gutierrez@yahoo.com,1966-06-23
Antonio,Morales,US,antonio.morales@gmail.com,1961-03-25
Cynthia,Bowers,US,cynthia.bowers@gmail.com,1994-05-31
Scott,Pierce,US,scott.pierce@gmail.com,2006-02-02
Kelly,Mcdowell,US,kelly.mcdowell@yahoo.com,1950-12-16
Johnny,Osborn,DE,johnny.osborn@gmail.com,2000-05-20
Danielle,Lynch,US,danielle.lynch@gmail.com,1975-11-27
Pamela,Garcia,GB,QPAu4mpamela.garcia@yahoo.com,1977-03-15
Natasha,Barnes,US,natasha.barnes@yahoo.com,1981-10-31
Jennifer,Jackson,US,jennifer.jackson@gmail.com,1958-06-11
Lori,Smith,US,lori.smith@hotmail.com,2006-11-12
Laura,Matthews,NL,laura.matthews@hotmail.com,1952-12-01
Troy,Moon,US,troy.moon@yahoo.com,2008-05-12
Rachel,Mullins,SE,rachel.mullins@gmail.com,1976-01-24
Heather,Payne,US,heather.payne@gmail.com,1952-10-02
Trevor,Barnes,CA,trevor.barnes@hotmail.com,2007-07-04
Jeremy,Murphy,CA,jeremy.murphy@yahoo.com,1955-02-14
Ryan,Mccormick,SE,ryan.mccormick@hotmail.com,1977-07-03
Robert,Torres,CA,robert.torres@yahoo.com,1982-04-29
John,Stevens,US,john.stevens@gmail.com,1995-08-03
Walter,Bright,NL,walter.bright@hotmail.com,1974-02-20
James,Ponce,US,james.ponce@hotmail.com,1960-09-26
Heather,Roberts,US,heather.roberts@yahoo.com,1989-12-12
Thomas,Robinson,US,jAQ4L9thomas.robinson@gmail.com,1950-10-27
David,Price,GB,david.price@yahoo.com,1990-12-12
Paula,Rivera,CA,paula.rivera@hotmail.com,1969-06-11
Karen,Waller,US,karen.waller@yahoo.com,1997-07-30
John,Smith,GB,JAGYJOjohn.smith@hotmail.com,1965-05-05
Keith,Watkins,AU,keith.watkins@yahoo.com,1996-11-19
Christine,Jimenez,AU,christine.jimenez@hotmail.com,1992-04-17
Rodney,Le,SE,rodney.le@gmail.com,1984-03-25
Amy,Callahan,US,amy.callahan@yahoo.com,1971-03-06
Matthew,Hodges,US,matthew.hodges@gmail.com,1962-12-20
Gloria,Newman,US,gloria.newman@yahoo.com,1993-08-13
Jason,Wilson,US,LuZHQijason.wilson@gmail.com,1996-02-02
Victoria,Brown,AU,victoria.brown@gmail.com,1962-03-21
Christopher,Jones,US,Vsi9QTchristopher.jones@hotmail.com,1986-02-28
Erik,Smith,US,erik.smith@gmail.com,1957-12-04
Jennifer,Floyd,CA,jennifer.floyd@gmail.com,1954-07-20
Eric,Brooks,CA,eric.brooks@yahoo.com,1962-08-13
Steven,Strong,US,steven.strong@gmail.com,1960-01-21
Robert,Keith,FR,robert.keith@gmail.com,1960-05-09
Jerome,Smith,AU,jerome.smith@gmail.com,1955-12-26
Jeremiah,Mack,CA,jeremiah.mack@gmail.com,1976-04-29
John,Graham,US,john.graham@hotmail.com,1981-03-12
Michael,Hamilton,CA,michael.hamilton@gmail.com,1999-10-27
Kimberly,Montgomery,CA,kimberly.montgomery@hotmail.com,1982-03-28
Calvin,Simmons,US,calvin.simmons@hotmail.com,1983-05-15
Brenda,Martinez,GB,brenda.martinez@gmail.com,1985-01-14
Leah,Floyd,AU,leah.floyd@gmail.com,1990-05-04
Charles,Martinez,AU,charles.martinez@gmail.com,1990-03-13
Jennifer,Higgins,CA,jennifer.higgins@gmail.com,2003-06-29
Austin,Ford,US,austin.ford@yahoo.com,1989-11-12
Mary,Jones,DE,XUsU5fmary.jones@hotmail.com,1956-12-29
Timothy,Mcdowell,US,timothy.mcdowell@gmail.com,2004-12-02
Walter,Pope,US,walter.pope@gmail.com,1991-09-13
Theresa,Alexander,US,theresa.alexander@yahoo.com,2000-02-21
Rebecca,Rogers,US,rebecca.rogers@gmail.com,1984-05-13
Valerie,Phillips,US,valerie.phillips@yahoo.com,1999-12-26
Kimberly,Melendez,CA,kimberly.melendez@hotmail.com,2006-09-30
Kimberly,Haynes,CA,kimberly.haynes@yahoo.com,2003-12-03
Michelle,Dorsey,US,michelle.dorsey@yahoo.com,1988-01-24
Taylor,Flores,FR,taylor.flores@hotmail.com,1991-10-28
Brianna,Hunt,US,brianna.hunt@yahoo.com,1975-10-15
Jacob,Jackson,US,jacob.jackson@hotmail.com,1978-11-14
Elizabeth,Beasley,DE,elizabeth.beasley@gmail.com,1983-03-25
Miguel,Adams,AU,miguel.adams@yahoo.com,1985-02-12
Deborah,Bowen,GB,deborah.bowen@gmail.com,2007-09-09
Tammy,Perez,US,tammy.perez@yahoo.com,1973-08-17
Gregory,Key,GB,gregory.key@yahoo.com,1997-07-10
Douglas,Brown,GB,douglas.brown@hotmail.com,1999-10-27
Johnathan,Patterson,FR,johnathan.patterson@yahoo.com,2001-01-05
David,Griffith,FR,david.griffith@hotmail.com,1986-02-04
George,Nunez,CA,george.nunez@gmail.com,1951-11-18
Aaron,Park,GB,aaron.park@yahoo.com,1952-07-25
Dylan,Walker,GB,dylan.walker@hotmail.com,1986-10-11
Jeffery,Casey,US,jeffery.casey@gmail.com,1969-03-21
Amanda,Stewart,US,amanda.stewart@hotmail.com,1981-08-24
Billy,Rodriguez,CA,billy.rodriguez@gmail.com,1997-03-27
Nicole,Gonzalez,US,nicole.gonzalez@yahoo.com,1974-10-09
Dustin,Martin,US,dustin.martin@gmail.com,2002-06-02
Amanda,Matthews,FR,amanda.matthews@yahoo.com,1961-04-23
Ronald,Foster,US,ronald.foster@yahoo.com,1983-11-01
Kathy,Benson,SE,kathy.benson@gmail.com,1969-05-11
Emma,Obrien,NL,emma.obrien@gmail.com,1979-10-01
Cassidy,George,AU,cassidy.george@gmail.com,1985-05-14
Jane,Tran,GB,jane.tran@hotmail.com,1995-01-19
Heather,Johnson,GB,Vwm7yvheather.johnson@hotmail.com,2003-11-26
Eric,Terrell,US,eric.terrell@hotmail.com,2002-07-10
Judy,Santiago,US,judy.santiago@hotmail.com,1965-12-14
Michael,Bell,CA,michael.bell@gmail.com,1950-09-21
Jennifer,Sanchez,US,SaT6aFjennifer.sanchez@hotmail.com,2001-05-06
Katie,Jackson,AU,katie.jackson@hotmail.com,1952-08-13
Darius,Chaney,AU,darius.chaney@yahoo.com,1956-11-19
Janet,Fisher,CA,janet.fisher@yahoo.com,1960-09-12
Beth,Collins,CA,beth.collins@yahoo.com,1982-07-30
Patricia,Osborne,US,patricia.osborne@gmail.com,2007-08-28
Victoria,Mcdonald,DE,victoria.mcdonald@yahoo.com,2008-05-20
Joshua,Torres,SE,joshua.torres@gmail.com,1982-11-09
Richard,Dickerson,AU,richard.dickerson@gmail.com,1960-09-25
Kelli,Clark,US,kelli.clark@yahoo.com,1988-12-02
Jerome,Espinoza,GB,jerome.espinoza@hotmail.com,1962-11-10
Amy,Anderson,CA,amy.anderson@yahoo.com,1994-01-15
Raymond,Carpenter,CA,raymond.carpenter@hotmail.com,1986-01-24
Bradley,Smith,US,bradley.smith@gmail.com,1982-06-26
James,Edwards,AU,james.edwards@gmail.com,1984-06-17
Blake,Smith,CA,blake.smith@gmail.com,2007-04-06
Teresa,Cooper,US,teresa.cooper@gmail.com,1958-01-14
Charles,Weaver,FR,charles.weaver@hotmail.com,1988-07-16
Kenneth,Griffin,DE,kenneth.griffin@yahoo.com,1976-07-03
Angela,Cantu,FR,angela.cantu@gmail.com,1992-06-16
Kristy,Harrison,CA,kristy.harrison@gmail.com,1972-12-23
Jack,Schmidt,US,jack.schmidt@gmail.com,1956-10-14
Antonio,Merritt,FR,antonio.merritt@gmail.com,1956-10-31
Victoria,Sexton,US,victoria.sexton@hotmail.com,1992-05-15
Lisa,Vaughan,US,lisa.vaughan@hotmail.com,2007-04-14
Jasmine,Woodward,US,jasmine.woodward@hotmail.com,2001-05-12
Susan,Owens,GB,susan.owens@gmail.com,1964-04-15
Michael,Estes,US,michael.estes@gmail.com,1974-11-05
Stephanie,Kline,US,stephanie.kline@yahoo.com,2006-04-06
Zoe,Simpson,US,zoe.simpson@gmail.com,1982-01-20
Gregory,Ingram,US,gregory.ingram@hotmail.com,1996-11-04
Christopher,Jones,US,993NSGchristopher.jones@hotmail.com,2001-06-14
Angela,Roberts,CA,angela.roberts@hotmail.com,1952-05-04
Megan,Williams,US,megan.williams@hotmail.com,1978-12-20
Kara,Martinez,SE,kara.martinez@yahoo.com,1981-06-25
Tammie,Mcgee,US,tammie.mcgee@gmail.com,1967-12-05
Emily,Martinez,US,emily.martinez@yahoo.com,2000-08-08
Erin,Harris,FR,erin.harris@yahoo.com,1969-12-10
Henry,Potts,US,henry.potts@gmail.com,1971-12-15
Erin,Todd,US,erin.todd@gmail.com,1969-01-01
Jared,Burton,US,jared.burton@gmail.com,2003-12-24
Pamela,Green,US,pamela.green@yahoo.com,1998-10-05
Jennifer,Wallace,US,jennifer.wallace@yahoo.com,1968-09-11
Alicia,Hatfield,CA,alicia.hatfield@yahoo.com,1956-09-18
Charles,Smith,SE,eWG4vJcharles.smith@gmail.com,1977-01-04
Justin,Lawson,US,justin.lawson@gmail.com,1996-12-09
Ethan,Frank,NL,ethan.frank@hotmail.com,1968-10-20
Randy,Brown,US,randy.brown@hotmail.com,1954-09-02
Victoria,Murray,US,victoria.murray@hotmail.com,1958-01-19
James,Ward,CA,james.ward@gmail.com,1959-08-17
Jose,Myers,US,jose.myers@hotmail.com,1992-12-21
James,Thompson,FR,james.thompson@hotmail.com,1965-09-30
Tiffany,Williams,US,tiffany.williams@yahoo.com,1987-12-21
Sarah,West,DE,sarah.west@hotmail.com,1961-12-08
Amy,Livingston,US,amy.livingston@hotmail.com,1994-05-05
Jeffrey,Garcia,US,jeffrey.garcia@yahoo.com,1986-04-29
Patricia,Arias,US,patricia.arias@hotmail.com,1994-02-02
Monica,Moore,CA,monica.moore@hotmail.com,1973-04-29
Cynthia,Holmes,US,cynthia.holmes@hotmail.com,1954-02-21
Sheena,Martinez,US,sheena.martinez@yahoo.com,2006-02-26
Hunter,Martin,US,hunter.martin@gmail.com,2007-04-02
William,King,US,CwcO1Bwilliam.king@yahoo.com,1995-12-07
Steve,Potter,US,steve.potter@gmail.com,1988-04-28
Heather,Collins,FR,heather.collins@gmail.com,1950-10-30
Christina,Francis,NL,christina.francis@yahoo.com,1953-06-30
Deborah,Nelson,US,deborah.nelson@hotmail.com,2000-06-21
Derek,Bradley,US,derek.bradley@gmail.com,1963-04-28
Kevin,Stevens,US,kevin.stevens@gmail.com,1952-06-23
Joanne,Smith,SE,joanne.smith@hotmail.com,1967-11-12
Reginald,Murray,US,reginald.murray@hotmail.com,1982-02-28
Sharon,Gonzalez,FR,sharon.gonzalez@yahoo.com,1961-03-24
Joshua,Aguirre,AU,joshua.aguirre@yahoo.com,1995-01-19
Ryan,Davidson,GB,ryan.davidson@gmail.com,1961-06-24
Tyler,Lopez,US,tyler.lopez@yahoo.com,1984-11-14
Marcus,Smith,US,marcus.smith@hotmail.com,1955-01-14
Kimberly,Kim,US,kimberly.kim@gmail.com,1958-02-22
Julia,Mills,US,julia.mills@gmail.com,1980-05-22
Margaret,Haas,US,margaret.haas@hotmail.com,1992-05-18
Carol,Gibbs,FR,carol.gibbs@yahoo.com,1962-05-26
Andrea,Flores,AU,andrea.flores@hotmail.com,1975-02-22
Shelley,Maxwell,US,shelley.maxwell@hotmail.com,1998-08-04
Melanie,Martinez,GB,melanie.martinez@gmail.com,1974-03-21
Elizabeth,Melton,GB,elizabeth.melton@yahoo.com,1968-09-09
Jackson,Atkins,US,jackson.atkins@gmail.com,1956-03-01
Diana,Pitts,US,diana.pitts@yahoo.com,1990-04-30
Willie,Alvarez,NL,willie.alvarez@hotmail.com,1973-06-27
Barbara,Ward,US,barbara.ward@hotmail.com,1992-04-27
Tina,Banks,US,tina.banks@yahoo.com,1977-01-10
Tiffany,Garcia,FR,tiffany.garcia@yahoo.com,1998-08-29
Nichole,Barnes,US,nichole.barnes@gmail.com,1971-04-09
Daniel,Bean,AU,daniel.bean@gmail.com,1975-02-13
Janet,Williams,US,janet.williams@hotmail.com,1981-07-11
Angela,Austin,US,angela.austin@gmail.com,1977-07-23
Jorge,Torres,US,jorge.torres@hotmail.com,1979-12-31
Mario,Bolton,GB,mario.bolton@gmail.com,1975-03-14
Edward,Young,AU,edward.young@gmail.com,1977-08-05
Shawn,Trevino,US,shawn.trevino@yahoo.com,1988-03-16
Sandra,Craig,US,sandra.craig@hotmail.com,2002-01-28
Anthony,King,US,anthony.king@yahoo.com,1977-03-29
William,Lee,US,william.lee@hotmail.com,1980-07-14
Jason,Hernandez,US,jason.hernandez@yahoo.com,1960-01-29
Joshua,Roberts,CA,joshua.roberts@gmail.com,1979-07-31
Kevin,Escobar,US,kevin.escobar@yahoo.com,1961-04-02
Joseph,Jarvis,FR,joseph.jarvis@hotmail.com,1987-12-12
Jason,Ball,NL,jason.ball@gmail.com,1984-12-30
Brandon,Lee,US,brandon.lee@gmail.com,1963-07-19
David,Martinez,US,david.martinez@hotmail.com,2008-03-13
Michael,Johnson,US,michael.johnson@hotmail.com,1993-11-08
Samantha,Hicks,US,samantha.hicks@hotmail.com,1955-07-24
Melinda,Mata,US,melinda.mata@hotmail.com,1965-07-02
Tina,Harris,US,tina.harris@yahoo.com,1988-12-16
Melissa,Wood,GB,melissa.wood@yahoo.com,1968-10-03
Patricia,Brown,US,b8YWkXpatricia.brown@gmail.com,1988-11-18
Deborah,Woods,CA,deborah.woods@hotmail.com,1982-11-23
Dana,Smith,US,dana.smith@hotmail.com,1950-08-30
Michael,Hayes,FR,vw9BBEmichael.hayes@yahoo.com,1962-09-30
Joann,Henderson,CA,joann.henderson@gmail.com,1989-11-20
Barbara,Allen,GB,barbara.allen@hotmail.com,1954-05-06
Corey,Ramirez,AU,corey.ramirez@yahoo.com,1956-11-20
Jacqueline,Hart,US,jacqueline.hart@yahoo.com,1954-09-12
Antonio,Page,US,antonio.page@hotmail.com,1970-07-21
Stephen,Cole,US,stephen.cole@hotmail.com,1971-04-06
Kathleen,Williams,GB,kathleen.williams@gmail.com,1974-03-04
Stacy,Small,US,stacy.small@hotmail.com,1951-10-08
Steven,Sampson,US,steven.sampson@gmail.com,1990-05-09
Amber,Morris,US,amber.morris@yahoo.com,1999-01-28
Deanna,Walker,NL,deanna.walker@yahoo.com,1980-09-13
Nathan,Howard,CA,nathan.howard@hotmail.com,1975-11-06
Austin,Hudson,US,austin.hudson@yahoo.com,1955-03-03
Elaine,Atkinson,GB,elaine.atkinson@hotmail.com,1982-09-12
Angela,Hodges,US,angela.hodges@hotmail.com,1976-01-18
Tyler,Bryan,CA,tyler.bryan@yahoo.com,1962-09-27
Christine,Carter,US,Io5kQ0christine.carter@yahoo.com,1961-03-28
Laurie,Stewart,US,laurie.stewart@hotmail.com,1975-04-26
Dawn,Riddle,CA,dawn.riddle@hotmail.com,1979-03-09
Amy,Dixon,CA,amy.dixon@hotmail.com,1968-04-17
Nicole,Torres,US,nicole.torres@hotmail.com,1999-10-16
Kenneth,Prince,CA,kenneth.prince@gmail.com,2002-12-03
Sarah,Campbell,US,sarah.campbell@gmail.com,1958-08-26
Todd,Juarez,US,todd.juarez@gmail.com,1993-04-23
Kathleen,Berry,GB,kathleen.berry@yahoo.com,1975-09-11
Joseph,Powers,AU,joseph.powers@hotmail.com,2002-05-21
Destiny,Sullivan,US,destiny.sullivan@hotmail.com,1992-07-03
Kristen,Allen,US,kristen.allen@hotmail.com,1957-10-08
Christopher,Perez,US,christopher.perez@gmail.com,1994-05-25
Harry,Ford,CA,harry.ford@gmail.com,1984-10-14
Theresa,Neal,CA,theresa.neal@gmail.com,1960-04-30
Rachel,Nguyen,US,rachel.nguyen@gmail.com,2003-11-20
Derrick,Scott,US,derrick.scott@yahoo.com,1987-09-05
Kathleen,Phillips,US,kathleen.phillips@gmail.com,2006-09-30
Zachary,Gallegos,CA,zachary.gallegos@yahoo.com,1998-05-04
Steven,Adams,AU,steven.adams@gmail.com,1956-04-19
Sara,Austin,GB,sara.austin@hotmail.com,1987-01-27
Amanda,Salazar,FR,amanda.salazar@yahoo.com,1965-11-14
Christine,Aguilar,AU,christine.aguilar@gmail.com,1996-10-15
William,Parker,US,william.parker@gmail.com,1954-08-15
Kelly,Miller,FR,AKNWDJkelly.miller@yahoo.com,2005-06-13
Melissa,Jones,US,melissa.jones@gmail.com,1957-07-23
Arthur,Hill,US,arthur.hill@yahoo.com,1976-08-28
Kelli,Yang,US,kelli.yang@gmail.com,1952-10-26
Jason,Logan,GB,jason.logan@yahoo.com,1988-04-24
Ashley,Hernandez,AU,ashley.hernandez@yahoo.com,1985-02-14
Vanessa,Ramos,US,vanessa.ramos@gmail.com,1967-04-22
Larry,Gomez,US,larry.gomez@hotmail.com,2007-10-18
Reginald,Parks,GB,reginald.parks@gmail.com,2000-05-02
Sean,Keller,US,sean.keller@hotmail.com,1987-07-08
Cassandra,Short,US,cassandra.short@yahoo.com,2008-04-10
John,Maxwell,US,john.maxwell@hotmail.com,1968-08-22
Joann,Hunter,US,joann.hunter@gmail.com,1987-07-28
Nathan,Wilkinson,US,nathan.wilkinson@gmail.com,1951-10-20
David,Doyle,US,david.doyle@hotmail.com,1967-08-07
Jose,Garcia,NL,jose.garcia@hotmail.com,1975-07-15
Cheyenne,Washington,GB,cheyenne.washington@hotmail.com,1987-08-23
Stephanie,Davis,US,stephanie.davis@gmail.com,2001-04-03
Jennifer,Miller,US,7hdvX3jennifer.miller@yahoo.com,1980-03-01
Stephen,Smith,CA,stephen.smith@gmail.com,1967-01-10
Michael,Fitzgerald,CA,michael.fitzgerald@hotmail.com,2005-09-17
Brandon,Miller,US,brandon.miller@yahoo.com,2007-10-15
Alexander,Ayala,US,alexander.ayala@hotmail.com,1998-04-04
Christopher,Mitchell,US,christopher.mitchell@hotmail.com,1961-10-31
Autumn,Estrada,GB,autumn.estrada@hotmail.com,1993-03-31
Rebecca,Davis,US,rebecca.davis@hotmail.com,2002-09-30
Benjamin,Stanley,NL,benjamin.stanley@hotmail.com,1976-03-17
Robert,Patel,US,robert.patel@hotmail.com,1970-02-17
Thomas,Lopez,CA,thomas.lopez@hotmail.com,1982-04-02
Christine,Taylor,US,christine.taylor@gmail.com,1952-09-18
Andrea,Levy,US,andrea.levy@gmail.com,2005-11-25
Cheryl,Lloyd,US,cheryl.lloyd@yahoo.com,1955-12-25
Rebecca,Quinn,US,rebecca.quinn@gmail.com,2004-04-14
Dana,Robinson,CA,dana.robinson@yahoo.com,1962-01-04
Mark,Ware,US,mark.ware@yahoo.com,1980-07-26
Hector,Cervantes,GB,hector.cervantes@yahoo.com,1969-01-24
Elizabeth,Parker,US,elizabeth.parker@gmail.com,1963-12-23
Patricia,Brown,US,JPLFlkpatricia.brown@gmail.com,1980-07-03
Elizabeth,Morales,US,elizabeth.morales@yahoo.com,2005-02-04
Jodi,Nelson,US,jodi.nelson@hotmail.com,1954-12-25
Anthony,Armstrong,US,anthony.armstrong@yahoo.com,1981-02-15
Timothy,Pennington,AU,timothy.pennington@gmail.com,1983-07-08
Rodney,Howe,US,rodney.howe@yahoo.com,1975-05-19
Catherine,Warren,CA,catherine.warren@hotmail.com,1960-10-05
Cynthia,Bryan,CA,cynthia.bryan@yahoo.com,1997-07-05
Mindy,Jordan,GB,mindy.jordan@yahoo.com,1983-12-26
Anita,Woods,GB,anita.woods@yahoo.com,1998-03-25
Heather,Love,US,heather.love@yahoo.com,1996-08-27
Beth,Fisher,NL,beth.fisher@gmail.com,1986-04-12
Angela,Cunningham,US,angela.cunningham@yahoo.com,1959-01-20
Madison,Martinez,GB,madison.martinez@hotmail.com,1965-11-16
Amy,Robinson,DE,amy.robinson@hotmail.com,1967-04-06
Julie,Gates,CA,julie.gates@gmail.com,1994-12-25
Tiffany,Simmons,NL,tiffany.simmons@hotmail.com,2005-12-13
Victoria,Martin,US,victoria.martin@yahoo.com,2007-11-04
Dana,Browning,GB,dana.browning@yahoo.com,1981-04-25
Michelle,Vaughn,US,michelle.vaughn@hotmail.com,1964-10-18
Mitchell,House,US,mitchell.house@yahoo.com,1989-09-06
Scott,Bell,US,scott.bell@yahoo.com,2004-03-04
Stuart,Garza,US,stuart.garza@gmail.com,1964-02-01
Aaron,Navarro,US,aaron.navarro@hotmail.com,1968-10-03
Chelsea,Smith,GB,chelsea.smith@gmail.com,2004-06-11
Anna,Cook,US,anna.cook@hotmail.com,1989-11-03
Kimberly,Holloway,US,kimberly.holloway@gmail.com,1966-07-19
William,Torres,US,william.torres@hotmail.com,1975-02-02
Melanie,Clay,GB,melanie.clay@yahoo.com,2006-04-26
Christina,Jacobson,US,christina.jacobson@yahoo.com,2004-11-09
Rachel,Hill,CA,rachel.hill@yahoo.com,1972-01-25
Jonathan,Bradley,US,Wx7tHQjonathan.bradley@gmail.com,1956-08-26
Aaron,Chandler,US,aaron.chandler@yahoo.com,1975-02-17
Olivia,Brady,US,olivia.brady@yahoo.com,1998-04-11
Rachel,Miller,US,rachel.miller@gmail.com,2000-02-20
Justin,Wang,GB,justin.wang@yahoo.com,1993-05-26
Julia,Gould,CA,julia.gould@yahoo.com,1987-12-31
John,Smith,US,1rzvEdjohn.smith@yahoo.com,1961-02-15
Amber,Smith,NL,amber.smith@yahoo.com,1994-07-03
Robert,Brown,US,robert.brown@yahoo.com,2006-07-12
Jamie,Allen,US,jamie.allen@yahoo.com,1985-06-01
Joseph,Gonzalez,GB,joseph.gonzalez@hotmail.com,1956-12-06
Kristy,Thompson,NL,kristy.thompson@yahoo.com,1988-11-19
Justin,Curtis,AU,justin.curtis@gmail.com,1985-04-24
Laura,Munoz,US,laura.munoz@yahoo.com,2002-07-21
Mariah,Medina,GB,mariah.medina@yahoo.com,2006-04-25
Sierra,Dunn,US,sierra.dunn@gmail.com,1959-10-13
Amy,Campbell,US,amy.campbell@gmail.com,1953-01-15
Samantha,Peck,AU,samantha.peck@yahoo.com,1970-10-30
Natasha,Brown,CA,natasha.brown@gmail.com,1964-02-16
Lucas,Mooney,US,lucas.mooney@yahoo.com,1973-08-27
Keith,Fisher,CA,keith.fisher@hotmail.com,2000-04-08
Felicia,Velasquez,CA,felicia.velasquez@yahoo.com,1987-07-13
Shannon,Morris,US,shannon.morris@hotmail.com,2001-07-28
Daniel,Rodriguez,CA,daniel.rodriguez@hotmail.com,1976-01-09
Eric,Macias,CA,eric.macias@gmail.com,1972-09-27
Joy,Shaffer,GB,joy.shaffer@yahoo.com,2002-04-13
Jennifer,Mack,US,jennifer.mack@gmail.com,1961-02-23
Lindsay,Stone,US,lindsay.stone@hotmail.com,1972-04-22
Cindy,Torres,US,cindy.torres@gmail.com,1979-09-22
Jennifer,Ward,US,jennifer.ward@hotmail.com,1993-10-20
Nicole,Everett,CA,nicole.everett@gmail.com,1989-01-02
Brittany,Williams,FR,brittany.williams@yahoo.com,1974-04-27
Michael,Petersen,US,michael.petersen@yahoo.com,1962-04-14
Lawrence,Martin,US,lawrence.martin@yahoo.com,1993-05-18
Krista,Hamilton,CA,krista.hamilton@yahoo.com,1999-08-08
Michael,Hanna,US,michael.hanna@hotmail.com,2006-08-23
Emily,Patrick,US,emily.patrick@hotmail.com,1998-10-19
William,Wu,GB,william.wu@gmail.com,1950-07-18
Kimberly,Hartman,US,kimberly.hartman@hotmail.com,2004-05-05
Mario,Raymond,US,mario.raymond@hotmail.com,1981-09-19
Caleb,Mitchell,US,caleb.mitchell@yahoo.com,1986-06-09
Stephanie,Stevens,US,stephanie.stevens@hotmail.com,1957-12-02
Tyler,Sims,US,tyler.sims@yahoo.com,2000-01-03
Ashley,Cisneros,CA,ashley.cisneros@gmail.com,1995-10-16
Heather,Velez,US,heather.velez@hotmail.com,1957-04-29
Morgan,Collins,NL,morgan.collins@gmail.com,1998-09-20
David,Anderson,US,david.anderson@gmail.com,1984-06-18
Keith,Powell,DE,keith.powell@hotmail.com,1961-07-11
Alexandra,Le,NL,alexandra.le@yahoo.com,1988-08-18
Austin,Cook,SE,austin.cook@hotmail.com,1978-10-24
Raymond,Adams,US,raymond.adams@hotmail.com,2004-02-05
Ronald,Grimes,AU,ronald.grimes@yahoo.com,1976-02-16
Lacey,Williams,US,lacey.williams@hotmail.com,1955-04-27
Robert,Mcgee,DE,robert.mcgee@yahoo.com,2002-10-02
Jenna,Hamilton,CA,jenna.hamilton@hotmail.com,1991-09-22
Todd,Robinson,NL,todd.robinson@yahoo.com,1972-07-13
Elizabeth,Gutierrez,CA,elizabeth.gutierrez@gmail.com,1993-10-15
John,Caldwell,DE,john.caldwell@gmail.com,1990-05-07
Kevin,Stone,US,kevin.stone@hotmail.com,1974-05-06
Carlos,Lambert,US,carlos.lambert@yahoo.com,1954-03-23
Amy,Wilkerson,US,amy.wilkerson@yahoo.com,1998-09-30
Christopher,Brown,US,christopher.brown@hotmail.com,1977-03-06
Diana,Vega,US,diana.vega@yahoo.com,1995-09-04
Alexander,Rangel,US,alexander.rangel@yahoo.com,1970-10-16
Tyler,Wilson,CA,tyler.wilson@yahoo.com,2000-10-10
Debra,Rogers,FR,debra.rogers@gmail.com,1995-01-25
Daniel,Cooley,US,daniel.cooley@hotmail.com,2003-08-03
Paula,Smith,FR,paula.smith@yahoo.com,1957-01-07
Jennifer,Shaw,AU,jennifer.shaw@gmail.com,1962-07-27
Jason,Valenzuela,DE,jason.valenzuela@hotmail.com,2001-11-13
John,Landry,DE,john.landry@hotmail.com,1979-07-30
Cheryl,Joseph,US,cheryl.joseph@gmail.com,1951-10-03
Sharon,Lang,US,sharon.lang@yahoo.com,2001-01-20
Darren,Potts,GB,darren.potts@gmail.com,1998-03-20
Amber,Allen,GB,amber.allen@yahoo.com,1997-06-16
Gabriela,Shelton,US,gabriela.shelton@yahoo.com,1972-08-17
Loretta,Graves,US,loretta.graves@yahoo.com,1990-02-23
Emily,Sanchez,US,emily.sanchez@gmail.com,1954-06-21
Daniel,Hensley,US,daniel.hensley@gmail.com,1956-05-19
Vanessa,Kelly,US,vanessa.kelly@hotmail.com,1974-01-24
James,Smith,US,james.smith@yahoo.com,2007-12-31
Tammie,Thompson,GB,tammie.thompson@hotmail.com,1977-07-30
Timothy,Perez,US,timothy.perez@hotmail.com,1989-10-04
Michael,Scott,GB,michael.scott@gmail.com,1976-07-08
Jennifer,Dunn,US,fXQ1gSjennifer.dunn@hotmail.com,1988-06-18
William,Watts,US,william.watts@gmail.com,2008-06-05
Stephen,Riley,US,stephen.riley@gmail.com,1994-11-22
Jennifer,Miller,US,jennifer.miller@gmail.com,2003-07-10
Julie,Evans,US,julie.evans@hotmail.com,1998-07-03
John,Johnson,FR,john.johnson@gmail.com,1997-06-23
Amanda,Fitzgerald,CA,amanda.fitzgerald@gmail.com,1970-11-28
Michelle,Haynes,AU,michelle.haynes@yahoo.com,1968-01-21
Michael,Carr,CA,michael.carr@hotmail.com,1994-09-08
Stacy,Ford,DE,stacy.ford@yahoo.com,2005-11-25
Chelsea,Rivas,AU,chelsea.rivas@gmail.com,2008-02-04
Leah,Alvarez,DE,leah.alvarez@hotmail.com,1980-12-06
Christopher,Chavez,CA,christopher.chavez@gmail.com,2007-09-04
Manuel,Smith,DE,manuel.smith@gmail.com,1962-10-29
Jeff,Smith,US,jeff.smith@hotmail.com,2005-08-11
Lori,Garza,US,lori.garza@gmail.com,1987-02-18
Joshua,Berry,US,joshua.berry@yahoo.com,1962-08-25
Andrew,Chapman,CA,andrew.chapman@hotmail.com,1993-01-22
Richard,Doyle,US,richard.doyle@yahoo.com,1955-01-01
Stephanie,Howard,US,stephanie.howard@hotmail.com,1956-11-24
Regina,Schmidt,GB,regina.schmidt@yahoo.com,1964-06-24
Matthew,Garcia,NL,matthew.garcia@yahoo.com,1956-06-20
Ryan,Barnes,DE,ryan.barnes@yahoo.com,1967-03-24
Charles,Cook,US,5bQRx7charles.cook@yahoo.com,1989-12-03
Raymond,Harris,FR,raymond.harris@hotmail.com,2006-06-11
Courtney,Bishop,GB,courtney.bishop@hotmail.com,2004-08-11
Rebekah,Thompson,DE,rebekah.thompson@gmail.com,1965-08-02
Brent,Pennington,CA,brent.pennington@gmail.com,2002-08-03
Benjamin,Contreras,US,benjamin.contreras@gmail.com,1955-11-07
Martha,Robinson,NL,martha.robinson@yahoo.com,1954-10-03
Fred,Vang,AU,fred.vang@hotmail.com,1983-07-13
Justin,Adams,CA,justin.adams@gmail.com,1979-06-30
Anthony,Smith,US,anthony.smith@yahoo.com,1959-11-05
Richard,Olsen,US,richard.olsen@yahoo.com,1961-07-30
Rachel,Barton,US,rachel.barton@hotmail.com,1960-07-27
Christopher,Byrd,US,christopher.byrd@gmail.com,1981-03-10
Joseph,Benitez,US,joseph.benitez@gmail.com,1957-10-18
Jillian,Bernard,US,jillian.bernard@hotmail.com,1993-07-14
Russell,Bonilla,US,russell.bonilla@gmail.com,2005-10-06
Jacob,Gonzalez,US,jacob.gonzalez@yahoo.com,1983-08-25
Kayla,Carpenter,US,kayla.carpenter@gmail.com,1972-01-19
Victor,Howe,US,victor.howe@hotmail.com,1951-03-24
Jacob,Hughes,US,jacob.hughes@hotmail.com,1986-05-30
Shawn,Henry,US,shawn.henry@gmail.com,1958-01-05
Joseph,Smith,US,joseph.smith@yahoo.com,1975-12-24
Joy,Navarro,US,joy.navarro@yahoo.com,1968-08-21
Austin,Taylor,CA,austin.taylor@hotmail.com,1985-11-23
Joseph,Smith,GB,joseph.smith@hotmail.com,1978-09-13
Denise,Sims,GB,denise.sims@hotmail.com,1966-05-26
Christina,Hart,NL,christina.hart@gmail.com,1969-12-25
Karen,Orozco,CA,karen.orozco@hotmail.com,1990-01-05
Connie,Williamson,US,connie.williamson@gmail.com,1965-07-16
Michael,Turner,DE,michael.turner@hotmail.com,1982-03-05
John,Patterson,CA,john.patterson@hotmail.com,1997-03-11
Crystal,Vega,US,crystal.vega@gmail.com,1990-05-08
Kristina,Chen,US,kristina.chen@gmail.com,1990-03-08
Laura,Hernandez,GB,laura.hernandez@gmail.com,1984-03-02
Suzanne,Smith,US,suzanne.smith@gmail.com,1951-07-16
Eric,Rhodes,GB,eric.rhodes@gmail.com,1998-05-14
Daniel,Levy,US,lrKCJTdaniel.levy@hotmail.com,2001-09-19
Lynn,Garcia,GB,lynn.garcia@hotmail.com,2006-05-06
Lisa,Mckee,CA,lisa.mckee@yahoo.com,1986-09-01
Johnny,Price,US,johnny.price@yahoo.com,1971-10-04
Jeffery,Roberts,AU,jeffery.roberts@yahoo.com,1962-11-29
Tyler,Jackson,GB,tyler.jackson@yahoo.com,1991-05-15
Nicole,Fields,US,nicole.fields@hotmail.com,1970-12-23
Keith,Thompson,US,keith.thompson@hotmail.com,1987-11-05
Logan,Morrison,US,logan.morrison@hotmail.com,1990-01-11
Matthew,Graham,US,matthew.graham@yahoo.com,2006-12-19
Scott,Fernandez,US,scott.fernandez@gmail.com,1999-06-23
Erin,Huerta,US,erin.huerta@hotmail.com,1970-12-18
Karen,Miller,CA,karen.miller@hotmail.com,1982-12-28
Ethan,Berry,US,ethan.berry@gmail.com,1970-04-25
Terrence,Le,FR,terrence.le@yahoo.com,1970-04-08
Betty,Wagner,US,betty.wagner@gmail.com,1977-02-11
Regina,Smith,US,regina.smith@gmail.com,1982-03-11
Mariah,Mays,US,mariah.mays@hotmail.com,1976-01-26
Natalie,Miller,FR,natalie.miller@gmail.com,1957-08-22
Megan,Baker,US,megan.baker@gmail.com,1968-01-29
Stacy,Murray,US,stacy.murray@yahoo.com,1987-05-30
James,Galloway,FR,james.galloway@gmail.com,1958-05-03
Tara,Parks,DE,tara.parks@yahoo.com,1979-08-11
Roberto,Pratt,US,roberto.pratt@gmail.com,1973-08-07
Daniel,Herrera,US,daniel.herrera@gmail.com,1952-06-12
Kimberly,Hayes,DE,kimberly.hayes@yahoo.com,1958-10-24
Spencer,Strickland,US,spencer.strickland@hotmail.com,2006-07-10
Richard,Wolfe,SE,richard.wolfe@gmail.com,1965-07-24
Robert,Osborn,FR,robert.osborn@hotmail.com,1981-09-12
Sherry,Blake,SE,sherry.blake@gmail.com,1994-05-08
Jesse,Reed,NL,jesse.reed@yahoo.com,2005-04-30
Ivan,Carpenter,CA,ivan.carpenter@yahoo.com,1960-05-01
Amanda,Washington,US,zuqjehamanda.washington@hotmail.com,1979-12-13
Elizabeth,Butler,SE,elizabeth.butler@yahoo.com,2003-04-09
Jill,Schroeder,CA,ViqS68jill.schroeder@hotmail.com,1983-02-03
Jason,Brown,US,jason.brown@yahoo.com,1951-01-10
Joanne,Montoya,CA,joanne.montoya@hotmail.com,1970-04-14
Brianna,Morgan,FR,brianna.morgan@gmail.com,1984-03-30
Sandra,Juarez,US,sandra.juarez@gmail.com,1980-01-16
Samantha,House,US,samantha.house@hotmail.com,1966-12-19
Roger,Norman,US,roger.norman@hotmail.com,1998-01-08
Patrick,Lane,SE,patrick.lane@hotmail.com,1959-08-18
Jacqueline,Campbell,US,jacqueline.campbell@hotmail.com,1987-02-08
Cassidy,Smith,US,cassidy.smith@gmail.com,1958-05-10
Cesar,Hensley,AU,cesar.hensley@hotmail.com,1960-10-15
Robert,Ramirez,FR,robert.ramirez@yahoo.com,1972-07-03
Pamela,Lee,US,pamela.lee@yahoo.com,1968-04-15
Erika,Carter,US,erika.carter@hotmail.com,1983-04-26
Tyler,Wood,US,tyler.wood@yahoo.com,1991-12-29
Gina,Warren,GB,gina.warren@hotmail.com,1961-07-19
Stephanie,Le,GB,stephanie.le@hotmail.com,1971-03-30
Michael,Washington,US,michael.washington@yahoo.com,1987-07-09
Alexandra,Hernandez,US,alexandra.hernandez@yahoo.com,1963-01-16
Dwayne,Brown,US,dwayne.brown@yahoo.com,1970-05-07
Adam,Guzman,US,adam.guzman@yahoo.com,1994-03-19
Keith,Martin,SE,keith.martin@hotmail.com,1958-06-13
Jose,Ortega,US,jose.ortega@yahoo.com,2005-01-22
Veronica,Weiss,US,veronica.weiss@yahoo.com,1980-07-07
Jason,Horton,US,jason.horton@yahoo.com,2006-06-21
Cory,David,SE,cory.david@gmail.com,1959-02-02
Lisa,Martin,US,lisa.martin@yahoo.com,1958-09-06
Isaac,Smith,AU,isaac.smith@hotmail.com,1988-08-08
April,Wallace,DE,april.wallace@yahoo.com,1972-07-20
Matthew,Burch,SE,matthew.burch@hotmail.com,2006-02-11
Emily,Garcia,US,emily.garcia@gmail.com,1986-02-08
Nicole,Bush,US,nicole.bush@yahoo.com,2005-09-22
Kimberly,Rodriguez,GB,kimberly.rodriguez@yahoo.com,1963-03-29
Nicole,Lopez,US,nicole.lopez@gmail.com,1991-07-13
Mark,Walker,GB,mark.walker@yahoo.com,2003-11-30
Amanda,Taylor,US,amanda.taylor@hotmail.com,2007-04-09
Jessica,Cruz,AU,jessica.cruz@hotmail.com,1977-10-19
John,Campbell,US,john.campbell@hotmail.com,1955-03-15
Kristen,Lawson,GB,kristen.lawson@yahoo.com,1962-05-27
Carmen,Dixon,CA,carmen.dixon@gmail.com,1955-09-23
Kenneth,Howard,GB,kenneth.howard@yahoo.com,1997-11-02
Emily,Ferguson,CA,emily.ferguson@yahoo.com,1966-06-27
David,Lewis,US,david.lewis@hotmail.com,1984-01-29
Karen,Faulkner,US,karen.faulkner@hotmail.com,2003-09-26
Allison,Williams,US,allison.williams@yahoo.com,1969-05-20
Kristina,Little,CA,kristina.little@hotmail.com,1966-07-09
Zachary,Avery,US,zachary.avery@hotmail.com,1951-03-31
Teresa,Reyes,GB,teresa.reyes@hotmail.com,1981-06-13
Lisa,Johnson,CA,9Flffelisa.johnson@yahoo.com,1954-05-21
Stacey,Ross,CA,stacey.ross@gmail.com,1983-09-21
David,Burton,DE,david.burton@yahoo.com,1994-06-24
Cynthia,Morgan,SE,cynthia.morgan@yahoo.com,1959-12-23
Alex,Rodgers,DE,alex.rodgers@hotmail.com,1963-11-19
Dana,Mcdowell,US,dana.mcdowell@hotmail.com,1995-12-25
Donald,Richards,US,donald.richards@hotmail.com,1969-06-19
Steven,Espinoza,US,steven.espinoza@gmail.com,1963-05-06
George,Fox,US,george.fox@yahoo.com,1960-03-21
Matthew,Brown,CA,matthew.brown@gmail.com,1974-09-30
Katherine,Gibson,SE,katherine.gibson@yahoo.com,1969-07-09
Lorraine,Dillon,US,lorraine.dillon@gmail.com,1988-10-04
Bradley,Harrison,US,bradley.harrison@yahoo.com,1972-10-18
Tina,Johnson,CA,tina.johnson@gmail.com,1964-11-16
John,Lawrence,AU,john.lawrence@yahoo.com,2002-07-16
Cynthia,Hall,CA,cynthia.hall@hotmail.com,1970-01-20
Thomas,Gibson,CA,thomas.gibson@hotmail.com,1995-08-28
Angela,Rivera,US,angela.rivera@hotmail.com,1952-08-07
Jill,Sanchez,AU,jill.sanchez@gmail.com,1956-08-04
Melissa,Jones,CA,melissa.jones@yahoo.com,1991-08-31
Cody,Ross,DE,cody.ross@yahoo.com,1973-10-17
Derrick,Blevins,US,derrick.blevins@gmail.com,1983-01-28
Jennifer,White,US,jennifer.white@hotmail.com,2004-04-15
Matthew,Lopez,CA,matthew.lopez@hotmail.com,1982-12-28
Christopher,White,US,FScp0Ychristopher.white@hotmail.com,1992-11-25
Brad,Hamilton,AU,brad.hamilton@yahoo.com,1996-09-30
Jeffrey,Garza,US,jeffrey.garza@yahoo.com,2001-04-01
Jeffrey,Rogers,US,jeffrey.rogers@yahoo.com,1990-10-17
Stephen,Ryan,CA,vDxeZ6stephen.ryan@yahoo.com,1997-03-13
Clifford,Bush,US,clifford.bush@hotmail.com,1961-07-27
Kaitlyn,Smith,NL,kaitlyn.smith@yahoo.com,1950-08-18
Jennifer,Mitchell,US,jennifer.mitchell@hotmail.com,1993-09-22
Shawn,Ochoa,NL,shawn.ochoa@yahoo.com,1983-03-01
Adrian,Gibson,US,adrian.gibson@yahoo.com,2000-11-18
Leslie,Lane,GB,leslie.lane@hotmail.com,1975-03-31
Timothy,Woods,AU,timothy.woods@hotmail.com,1985-02-19
Tamara,Taylor,AU,tamara.taylor@gmail.com,1972-11-06
Alexandra,Henderson,GB,alexandra.henderson@hotmail.com,1965-04-06
Tracy,Howard,US,tracy.howard@hotmail.com,1980-11-25
Carol,Travis,US,carol.travis@hotmail.com,1955-02-18
James,Lucas,US,james.lucas@yahoo.com,2004-01-21
Andrea,Black,NL,andrea.black@yahoo.com,1976-08-20
Nancy,Schroeder,CA,nancy.schroeder@gmail.com,2001-06-30
Luis,Allen,FR,luis.allen@gmail.com,1958-10-17
Brian,Vaughn,US,brian.vaughn@yahoo.com,2005-05-08
Daniel,Perez,US,daniel.perez@gmail.com,2002-09-22
Kevin,Johnson,SE,xi9mZRkevin.johnson@gmail.com,1952-07-16
Kelly,Martinez,AU,kelly.martinez@yahoo.com,1998-01-21
Deborah,Martin,US,deborah.martin@yahoo.com,1952-08-27
Kerri,Ward,AU,kerri.ward@yahoo.com,1957-02-09
Anthony,James,US,anthony.james@gmail.com,1991-01-22
Molly,Owens,US,molly.owens@yahoo.com,1974-09-12
Derek,Hernandez,US,derek.hernandez@hotmail.com,1999-04-01
Benjamin,Patrick,US,benjamin.patrick@gmail.com,2008-05-23
Charles,Douglas,US,charles.douglas@yahoo.com,1961-05-12
Peter,Brown,AU,peter.brown@yahoo.com,1980-02-02
Mark,Williams,US,mark.williams@hotmail.com,1988-07-28
Sonya,Watson,FR,sonya.watson@gmail.com,1971-03-30
Michelle,Novak,US,michelle.novak@hotmail.com,1998-05-02
Jacqueline,Armstrong,AU,jacqueline.armstrong@gmail.com,1951-09-11
Claudia,Parsons,AU,claudia.parsons@hotmail.com,1958-04-30
Taylor,Mcdonald,SE,taylor.mcdonald@hotmail.com,1954-10-10
Colleen,Baird,GB,colleen.baird@yahoo.com,1997-07-15
Carrie,Casey,US,carrie.casey@gmail.com,1984-07-19
Brian,West,CA,brian.west@hotmail.com,2006-12-19
Henry,Welch,US,henry.welch@gmail.com,1995-05-30
Andrew,Coleman,DE,andrew.coleman@hotmail.com,1960-03-29
Nicholas,Horne,US,nicholas.horne@yahoo.com,1957-04-17
Timothy,Ramirez,GB,timothy.ramirez@yahoo.com,1999-07-23
Ray,Johnson,US,ray.johnson@gmail.com,1964-05-24
Kristina,Moore,AU,kristina.moore@yahoo.com,1979-04-20
Veronica,Reed,US,veronica.reed@gmail.com,1989-10-02
Meagan,Kim,US,meagan.kim@yahoo.com,1986-11-04
Lisa,Henderson,US,lisa.henderson@yahoo.com,1984-12-15
Sean,Lopez,US,sean.lopez@gmail.com,1999-10-22
Wendy,Alvarez,CA,wendy.alvarez@gmail.com,1989-02-21
Michael,Austin,CA,michael.austin@gmail.com,1967-06-22
Anthony,Johnston,US,anthony.johnston@gmail.com,1951-07-07
Anthony,Alvarado,US,anthony.alvarado@gmail.com,2000-02-16
Brittany,Clark,CA,brittany.clark@yahoo.com,2000-09-02
David,Thompson,DE,david.thompson@yahoo.com,1950-08-15
Karen,Woodward,CA,karen.woodward@hotmail.com,1985-11-13
Jennifer,Harris,SE,jennifer.harris@yahoo.com,1980-07-25
Heather,Rice,US,heather.rice@yahoo.com,1969-12-29
Aaron,Dodson,AU,aaron.dodson@hotmail.com,1964-08-17
Ana,Ryan,CA,ana.ryan@yahoo.com,2003-11-24
Alexis,Smith,CA,alexis.smith@gmail.com,1969-06-14
Laura,Evans,US,laura.evans@yahoo.com,2003-03-20
Rebecca,Bradshaw,AU,rebecca.bradshaw@gmail.com,1994-10-23
Phillip,Allen,GB,phillip.allen@yahoo.com,1994-03-01
Christopher,Garcia,CA,christopher.garcia@gmail.com,1981-04-03
Arthur,Stokes,AU,arthur.stokes@hotmail.com,1984-10-11
Andrew,Nicholson,CA,andrew.nicholson@hotmail.com,1963-12-08
Shannon,Gray,US,shannon.gray@gmail.com,1996-08-05
Amanda,Morales,US,amanda.morales@gmail.com,1999-02-18
Jeanne,Parrish,NL,jeanne.parrish@yahoo.com,1971-02-20
Edward,Crawford,CA,edward.crawford@hotmail.com,2000-11-03
James,Lee,US,james.lee@hotmail.com,1968-09-15
Stephen,Jones,CA,stephen.jones@hotmail.com,1986-05-31
Erin,Ramirez,CA,erin.ramirez@yahoo.com,1969-07-03
Joshua,Price,US,joshua.price@yahoo.com,1980-05-27
Mary,Gomez,US,mary.gomez@hotmail.com,1990-05-18
Joshua,Nelson,GB,joshua.nelson@gmail.com,1998-04-24
Nicole,Bennett,US,nicole.bennett@gmail.com,1978-02-04
Katelyn,Savage,US,katelyn.savage@yahoo.com,1951-04-17
Joshua,Meyer,US,91uo5Ojoshua.meyer@yahoo.com,1976-04-20
Patricia,Jones,US,patricia.jones@yahoo.com,1971-06-23
Corey,Owens,US,corey.owens@hotmail.com,1971-02-23
Robert,Waller,US,robert.waller@gmail.com,2007-12-31
Robin,Craig,US,robin.craig@gmail.com,1982-08-17
Hannah,Adams,GB,hannah.adams@yahoo.com,1968-12-23
Connie,Garcia,US,connie.garcia@yahoo.com,1988-11-15
Deborah,Schultz,US,deborah.schultz@yahoo.com,1984-07-24
Kellie,Stevens,DE,kellie.stevens@yahoo.com,1972-11-26
Paula,Miller,US,paula.miller@hotmail.com,1992-01-01
Mary,Burnett,GB,mary.burnett@hotmail.com,1951-10-31
William,Berry,US,william.berry@yahoo.com,1996-09-28
Felicia,Vazquez,US,felicia.vazquez@gmail.com,1960-05-02
Thomas,Chavez,US,thomas.chavez@gmail.com,1986-10-14
Lori,Jones,DE,lori.jones@gmail.com,1953-01-03
Tom,Morrison,GB,tom.morrison@yahoo.com,1965-10-02
Charles,Hodge,US,charles.hodge@yahoo.com,1965-02-11
Gary,Williams,US,gary.williams@yahoo.com,2008-04-09
Gregory,Mason,US,gregory.mason@hotmail.com,1955-10-06
Kevin,Mills,AU,kevin.mills@yahoo.com,2000-04-27
Jeffrey,Peters,AU,jeffrey.peters@hotmail.com,2002-05-16
Whitney,Bridges,US,whitney.bridges@yahoo.com,1976-11-17
Ruth,Fuller,GB,ruth.fuller@yahoo.com,2000-06-29
Lisa,Baker,US,lisa.baker@yahoo.com,1965-09-12
Billy,Montes,CA,billy.montes@yahoo.com,1993-09-18
Sandra,Jacobs,US,sandra.jacobs@yahoo.com,1959-03-16
Ann,Ortiz,US,ann.ortiz@yahoo.com,1962-02-21
Anthony,Carlson,US,anthony.carlson@gmail.com,1995-07-13
Kirsten,Ortiz,US,kirsten.ortiz@gmail.com,1977-11-10
Jade,Flynn,US,jade.flynn@hotmail.com,1992-06-02
Benjamin,Erickson,CA,benjamin.erickson@yahoo.com,1972-08-27
William,Vaughn,US,william.vaughn@gmail.com,2005-06-01
Thomas,Johnson,US,thomas.johnson@gmail.com,1974-11-09
Tammy,Gonzales,SE,tammy.gonzales@gmail.com,1992-07-16
Daniel,Andrews,US,pYX2M3daniel.andrews@yahoo.com,1969-12-14
Linda,Ford,GB,linda.ford@hotmail.com,1997-06-30
Joseph,Robinson,US,joseph.robinson@yahoo.com,1971-04-01
Shannon,Lewis,US,shannon.lewis@gmail.com,1956-04-30
Melissa,Young,US,melissa.young@gmail.com,1954-10-23
Jorge,Green,US,jorge.green@yahoo.com,2000-08-13
Kelly,Myers,GB,kelly.myers@yahoo.com,2007-07-17
Mathew,Wheeler,US,mathew.wheeler@yahoo.com,1969-03-10
Barbara,Bishop,US,barbara.bishop@gmail.com,1970-08-11
Joe,Galloway,AU,joe.galloway@gmail.com,1978-05-24
Brenda,Holmes,US,brenda.holmes@yahoo.com,1954-12-01
Jennifer,Smith,US,LFTCMwjennifer.smith@gmail.com,1992-03-24
Timothy,Smith,DE,timothy.smith@gmail.com,1996-05-25
Stacey,Ruiz,AU,stacey.ruiz@yahoo.com,1984-10-31
Edwin,Wright,DE,edwin.wright@hotmail.com,1968-10-13
Christine,Melton,US,christine.melton@yahoo.com,1991-02-18
Courtney,Anderson,GB,courtney.anderson@hotmail.com,1992-05-17
Sherry,Smith,CA,sherry.smith@yahoo.com,1978-04-14
Gabriel,Valdez,GB,gabriel.valdez@yahoo.com,1996-10-30
Zachary,Hernandez,AU,g09IZRzachary.hernandez@hotmail.com,1952-08-10
Thomas,Woods,GB,thomas.woods@yahoo.com,1953-01-22
Edgar,Shaw,US,edgar.shaw@gmail.com,1974-12-26
Brian,Campbell,US,sCU7hebrian.campbell@hotmail.com,1971-06-22
Diana,Miller,US,diana.miller@gmail.com,1970-06-19
William,Bailey,DE,william.bailey@gmail.com,1985-07-13
Brandi,Holland,US,brandi.holland@yahoo.com,1956-09-28
David,Bruce,CA,david.bruce@gmail.com,1980-12-25
Stephanie,Rodriguez,DE,stephanie.rodriguez@gmail.com,1964-06-06
Marcus,Banks,SE,marcus.banks@hotmail.com,1964-04-26
Jessica,Perkins,US,jessica.perkins@hotmail.com,2004-04-08
Joseph,Martin,US,joseph.martin@hotmail.com,2000-08-29
Lauren,Taylor,CA,lauren.taylor@yahoo.com,1977-05-30
Kelly,Williams,US,kelly.williams@gmail.com,1961-02-04
Heather,Davis,US,heather.davis@gmail.com,1961-10-31
Brian,Davis,AU,brian.davis@hotmail.com,1968-09-18
Cassandra,Fitzgerald,US,cassandra.fitzgerald@gmail.com,1965-06-22
Lisa,Cisneros,CA,lisa.cisneros@gmail.com,2004-11-16
Thomas,Andrews,US,thomas.andrews@yahoo.com,1968-12-20
Kyle,Jenkins,US,kyle.jenkins@gmail.com,1994-11-25
Nichole,Becker,GB,nichole.becker@yahoo.com,1967-09-23
Kristen,Glenn,GB,kristen.glenn@yahoo.com,1962-10-19
Eric,Leon,US,eric.leon@hotmail.com,1957-10-29
Don,Steele,US,don.steele@hotmail.com,1987-11-21
Christian,Berry,CA,christian.berry@yahoo.com,1956-06-20
Shannon,Moss,CA,shannon.moss@yahoo.com,1982-06-17
Ryan,Smith,AU,ryan.smith@gmail.com,1975-10-24
Donald,Andersen,US,donald.andersen@gmail.com,1961-03-02
Zachary,Mcneil,GB,zachary.mcneil@gmail.com,1995-04-09
Steven,Dunn,US,steven.dunn@gmail.com,1999-02-28
Devin,Humphrey,US,devin.humphrey@hotmail.com,2001-12-19
Wesley,Ramirez,CA,wesley.ramirez@yahoo.com,1985-09-24
Curtis,Crane,FR,curtis.crane@yahoo.com,1954-12-24
Nathan,Hawkins,US,nathan.hawkins@hotmail.com,1992-01-12
Randy,Berger,CA,randy.berger@gmail.com,1995-06-02
Angela,Fox,CA,angela.fox@yahoo.com,1969-11-29
Jason,Clark,US,jason.clark@yahoo.com,1960-11-17
Kelly,Trujillo,US,kelly.trujillo@yahoo.com,1987-09-28
Edward,Huber,US,edward.huber@yahoo.com,1996-09-12
Laura,Lucas,GB,laura.lucas@hotmail.com,1991-11-05
Vanessa,Lawson,US,vanessa.lawson@hotmail.com,1971-11-26
Teresa,Hood,CA,teresa.hood@gmail.com,1962-02-08
Tracy,Carlson,US,tracy.carlson@gmail.com,2006-06-11
Cynthia,Drake,NL,cynthia.drake@hotmail.com,1991-06-15
Elizabeth,Taylor,AU,elizabeth.taylor@gmail.com,1964-04-20
Marissa,Hall,US,marissa.hall@hotmail.com,1964-02-03
George,Smith,CA,george.smith@hotmail.com,1958-12-21
Jared,Hernandez,US,jared.hernandez@hotmail.com,1964-01-25
Janet,Marshall,DE,janet.marshall@gmail.com,1989-11-04
Jennifer,Perry,US,jennifer.perry@yahoo.com,1970-07-11
Lori,Martin,FR,lori.martin@gmail.com,2005-11-29
James,Lewis,SE,james.lewis@yahoo.com,1976-05-12
David,Miller,CA,QpAh1Rdavid.miller@yahoo.com,2006-12-21
Samuel,Ferrell,GB,samuel.ferrell@yahoo.com,1959-03-11
Jacob,Jones,US,jacob.jones@gmail.com,1957-08-26
Thomas,Navarro,US,thomas.navarro@hotmail.com,1977-02-25
William,Williams,CA,william.williams@hotmail.com,1989-02-27
Christine,Hurst,CA,christine.hurst@gmail.com,1971-02-20
Janice,Collins,US,janice.collins@gmail.com,1967-11-15
Valerie,Chandler,FR,valerie.chandler@gmail.com,1989-05-21
Paul,Steele,US,paul.steele@yahoo.com,1999-02-16
Melissa,Garner,US,melissa.garner@gmail.com,1988-07-01
Joshua,Aguilar,GB,joshua.aguilar@hotmail.com,1957-06-23
Kim,Anderson,CA,kim.anderson@gmail.com,2004-11-16
Jennifer,Pennington,GB,jennifer.pennington@hotmail.com,1985-08-09
Alexandra,Norman,US,alexandra.norman@hotmail.com,2007-10-05
Andre,Thomas,US,andre.thomas@yahoo.com,1995-07-10
Wayne,Rowland,DE,wayne.rowland@hotmail.com,1964-10-31
Meghan,Miller,AU,meghan.miller@hotmail.com,1960-09-17
Emily,Allen,AU,emily.allen@gmail.com,1996-05-18
Lisa,Perkins,GB,w7tq8Alisa.perkins@gmail.com,1972-05-18
Sabrina,Benson,US,sabrina.benson@yahoo.com,1997-07-08
Jennifer,Smith,CA,vK9NjQjennifer.smith@gmail.com,1980-05-27
Olivia,Hodge,DE,olivia.hodge@hotmail.com,1960-04-28
Laura,Hester,US,laura.hester@yahoo.com,1980-08-18
Laura,Valdez,AU,laura.valdez@gmail.com,1997-12-16
David,Jones,AU,david.jones@yahoo.com,1979-11-30
Jeffrey,Frederick,CA,jeffrey.frederick@gmail.com,1982-02-06
Christian,Harris,FR,christian.harris@gmail.com,1981-07-25
Steven,Jackson,US,wpngAgsteven.jackson@gmail.com,1970-04-13
Charles,Steele,US,charles.steele@yahoo.com,1984-07-02
Jessica,Reed,US,jessica.reed@hotmail.com,1978-10-17
Roberta,Arellano,GB,roberta.arellano@yahoo.com,1979-09-08
John,Luna,CA,john.luna@yahoo.com,1985-04-01
Richard,Lane,GB,richard.lane@yahoo.com,1991-10-06
Jacob,Rivera,US,jacob.rivera@gmail.com,1958-08-11
Jessica,Harris,US,jessica.harris@hotmail.com,1962-09-30
Meghan,Terry,US,meghan.terry@hotmail.com,1990-06-03
Justin,Johnson,US,justin.johnson@gmail.com,1957-03-28
Sherry,Todd,US,sherry.todd@hotmail.com,1963-06-08
Shannon,Morgan,AU,shannon.morgan@yahoo.com,1999-04-04
Samantha,Thompson,DE,samantha.thompson@gmail.com,2002-08-18
Carlos,Tucker,DE,carlos.tucker@gmail.com,1958-07-06
Mary,Gonzalez,AU,FO44APmary.gonzalez@yahoo.com,1983-07-30
Nathan,Price,US,nathan.price@hotmail.com,1957-08-31
Jessica,Johnston,US,jessica.johnston@gmail.com,1952-05-23
Nicholas,Gallagher,DE,nicholas.gallagher@yahoo.com,1964-07-26
Robert,Torres,US,robert.torres@gmail.com,1986-05-27
Steven,Bridges,US,steven.bridges@gmail.com,1957-11-15
Craig,Jackson,CA,craig.jackson@hotmail.com,2001-09-29
Mary,Gates,GB,mary.gates@yahoo.com,1966-11-18
Rebecca,Garza,US,rebecca.garza@gmail.com,1998-03-03
Benjamin,Ford,AU,benjamin.ford@hotmail.com,1990-06-22
Jacqueline,Jackson,US,jacqueline.jackson@hotmail.com,1986-04-03
David,Turner,CA,david.turner@yahoo.com,1980-01-31
Keith,Morris,US,keith.morris@yahoo.com,1986-02-28
Thomas,Henry,CA,thomas.henry@gmail.com,1972-12-28
Adam,Cross,CA,adam.cross@hotmail.com,1985-07-29
Chase,Hubbard,US,chase.hubbard@hotmail.com,1964-10-06
Carol,Santos,US,carol.santos@gmail.com,1967-09-20
Monica,Vasquez,US,monica.vasquez@yahoo.com,2003-04-12
Sandra,Jones,US,sandra.jones@hotmail.com,2001-12-09
Bobby,Caldwell,AU,bobby.caldwell@hotmail.com,1973-08-30
Kimberly,Quinn,GB,kimberly.quinn@hotmail.com,2006-03-15
Susan,Warner,US,susan.warner@hotmail.com,1954-12-20
Sean,Lindsey,US,sean.lindsey@hotmail.com,1966-09-27
Nathan,Ellis,NL,nathan.ellis@gmail.com,1964-01-21
Sandra,Gonzales,NL,sandra.gonzales@yahoo.com,2000-08-12
Leah,Ford,GB,MWxXgSleah.ford@gmail.com,1976-05-17
Alex,Alexander,US,alex.alexander@yahoo.com,1966-06-30
Sarah,Montoya,CA,sarah.montoya@yahoo.com,1960-04-24
Kylie,Martin,US,kylie.martin@hotmail.com,1983-08-27
Daniel,Taylor,FR,daniel.taylor@yahoo.com,1984-11-19
Ryan,Cross,US,ryan.cross@yahoo.com,1990-09-28
Vanessa,King,US,vanessa.king@gmail.com,1988-06-10
Nicole,Baker,US,nicole.baker@yahoo.com,2002-10-07
Monica,Aguilar,US,monica.aguilar@yahoo.com,1997-07-25
Amanda,Stewart,US,amanda.stewart@yahoo.com,2000-03-11
Anthony,Burke,CA,anthony.burke@hotmail.com,1999-02-16
Stephanie,Jones,NL,stephanie.jones@gmail.com,1953-01-11
Jasmine,Williams,NL,jasmine.williams@gmail.com,1958-09-05
Michael,Jones,GB,NZ5cTImichael.jones@hotmail.com,1963-11-11
Samuel,Beck,US,samuel.beck@hotmail.com,1959-01-15
Andrew,Lindsey,US,andrew.lindsey@hotmail.com,1973-08-03
Jennifer,Floyd,CA,jennifer.floyd@hotmail.com,1966-08-09
Brittney,Cervantes,US,brittney.cervantes@yahoo.com,1971-10-19
Matthew,Miller,US,matthew.miller@yahoo.com,1980-04-29
Jodi,Robinson,CA,jodi.robinson@yahoo.com,1957-07-17
Billy,Coleman,AU,billy.coleman@hotmail.com,1988-08-26
Drew,Smith,CA,drew.smith@hotmail.com,2003-11-19
Kathryn,Spears,US,kathryn.spears@hotmail.com,1972-10-17
Ronald,Kim,CA,ronald.kim@yahoo.com,1955-04-01
Donald,Padilla,US,donald.padilla@gmail.com,1987-03-22
Dale,Jackson,DE,dale.jackson@yahoo.com,2000-10-02
Brandon,Vaughn,NL,brandon.vaughn@gmail.com,1966-08-03
Jason,Stewart,FR,zHGlmdjason.stewart@hotmail.com,1998-01-11
Crystal,Allen,US,crystal.allen@hotmail.com,1974-08-08
Courtney,Phillips,DE,courtney.phillips@hotmail.com,1965-07-17
Amanda,Mendez,AU,amanda.mendez@yahoo.com,1986-11-04
Mason,Callahan,US,mason.callahan@yahoo.com,1976-10-22
Megan,Johnson,US,megan.johnson@yahoo.com,2002-04-06
Valerie,Navarro,US,valerie.navarro@gmail.com,1978-01-29
Zachary,Marks,US,zachary.marks@gmail.com,1976-01-29
Alyssa,Payne,DE,alyssa.payne@gmail.com,1982-01-13
Monica,Harrington,CA,monica.harrington@hotmail.com,1974-03-17
Caroline,Marks,US,caroline.marks@hotmail.com,1994-12-19
Ernest,Kim,US,ernest.kim@hotmail.com,1994-04-01
John,Odonnell,US,john.odonnell@yahoo.com,1968-06-26
Lawrence,Wolf,US,lawrence.wolf@hotmail.com,1996-04-23
Julia,Gray,US,julia.gray@yahoo.com,1955-11-06
Ricardo,Miller,US,ricardo.miller@gmail.com,1999-09-11
Susan,Harvey,US,susan.harvey@hotmail.com,1987-06-04
Gina,Williams,CA,gina.williams@yahoo.com,2006-08-15
Valerie,Hale,CA,valerie.hale@gmail.com,1964-08-25
Jesse,White,US,jesse.white@gmail.com,1954-10-15
Emily,Fisher,US,emily.fisher@yahoo.com,1968-08-12
Ashley,Lewis,US,ashley.lewis@gmail.com,1976-11-19
Jorge,Cunningham,US,jorge.cunningham@yahoo.com,1979-02-21
Casey,Johnston,NL,casey.johnston@yahoo.com,1966-11-02
Antonio,George,GB,antonio.george@yahoo.com,1957-11-04
Frank,Mccarthy,US,frank.mccarthy@gmail.com,1952-10-01
Kimberly,Santiago,US,kimberly.santiago@gmail.com,1990-09-01
Angela,Strickland,CA,angela.strickland@gmail.com,1991-10-03
Eric,Carter,DE,eric.carter@gmail.com,1964-10-02
Emma,Bennett,CA,emma.bennett@gmail.com,1987-12-18
Eric,Smith,DE,eric.smith@gmail.com,1995-08-10
Kristin,Gray,US,kristin.gray@gmail.com,1977-04-14
Melissa,Hernandez,GB,rtm3Ztmelissa.hernandez@yahoo.com,1990-08-03
Elijah,Smith,US,elijah.smith@yahoo.com,1953-05-15
Leah,Wagner,US,leah.wagner@yahoo.com,2002-09-01
Tammy,Singh,DE,tammy.singh@hotmail.com,1963-03-08
Andrew,Owens,DE,andrew.owens@gmail.com,1956-08-03
David,Saunders,GB,david.saunders@gmail.com,2007-09-21
Nathan,Jensen,AU,nathan.jensen@hotmail.com,1994-12-31
Donna,Lambert,US,donna.lambert@hotmail.com,1961-09-07
Rhonda,Peterson,AU,rhonda.peterson@yahoo.com,1965-05-12
Anthony,Greene,CA,anthony.greene@yahoo.com,1997-03-10
Stephen,Burns,GB,stephen.burns@yahoo.com,1979-09-28
James,Potts,US,james.potts@hotmail.com,1971-03-13
Raymond,Powers,US,raymond.powers@gmail.com,1966-02-01
Alexis,Allen,US,alexis.allen@yahoo.com,2007-10-09
Thomas,Edwards,NL,thomas.edwards@yahoo.com,1959-06-13
Amanda,Calderon,US,amanda.calderon@yahoo.com,1971-01-22
Donna,Rosales,US,donna.rosales@gmail.com,2004-03-09
Kristopher,Steele,US,kristopher.steele@gmail.com,2007-11-24
Rachel,Dunn,GB,rachel.dunn@yahoo.com,1966-03-22
Colin,Guerra,US,colin.guerra@yahoo.com,1958-10-29
Brandy,Smith,US,brandy.smith@hotmail.com,1954-06-26
Diane,Cooper,AU,diane.cooper@yahoo.com,1960-04-17
Nancy,Jones,GB,nancy.jones@yahoo.com,1986-10-25
John,Acosta,SE,john.acosta@yahoo.com,1992-04-27
Lauren,Alexander,US,lauren.alexander@gmail.com,2004-04-09
Megan,Sandoval,US,megan.sandoval@gmail.com,1976-12-08
Gregory,Harrington,US,gregory.harrington@yahoo.com,1986-05-23
Keith,Robinson,CA,keith.robinson@yahoo.com,1983-10-06
Daniel,Patrick,US,daniel.patrick@hotmail.com,1954-08-16
Peggy,Smith,US,peggy.smith@gmail.com,1996-02-14
Michelle,Yang,US,michelle.yang@yahoo.com,1953-03-18
Robert,Kelly,CA,robert.kelly@yahoo.com,2000-10-05
Susan,Lopez,US,susan.lopez@hotmail.com,1988-03-29
Douglas,Jones,SE,douglas.jones@yahoo.com,1991-08-25
Douglas,Proctor,US,douglas.proctor@yahoo.com,1990-05-03
Daniel,Gilbert,GB,daniel.gilbert@yahoo.com,2001-09-20
James,Watson,US,james.watson@hotmail.com,1983-07-26
Robert,Smith,US,ODJYiBrobert.smith@hotmail.com,1991-08-24
Bridget,Hernandez,CA,bridget.hernandez@yahoo.com,1960-03-23
Amy,Graham,US,amy.graham@hotmail.com,2008-06-03
John,Gray,US,john.gray@gmail.com,1994-05-23
Robert,Sharp,GB,robert.sharp@hotmail.com,1993-04-12
Adam,Bailey,NL,adam.bailey@gmail.com,1982-09-26
Catherine,Miller,US,catherine.miller@hotmail.com,1996-10-23
Steve,Tanner,CA,steve.tanner@yahoo.com,1999-06-10
Cynthia,Rogers,US,cynthia.rogers@gmail.com,1994-12-04
Brittany,Lopez,FR,brittany.lopez@yahoo.com,1990-07-20
Brian,Woodward,US,brian.woodward@hotmail.com,1954-07-10
Marcus,Navarro,US,marcus.navarro@yahoo.com,2001-04-10
Calvin,Shaw,NL,calvin.shaw@gmail.com,1963-07-19
Larry,King,US,larry.king@yahoo.com,1989-02-04
James,Haynes,US,james.haynes@hotmail.com,1964-04-28
Jack,Vasquez,US,jack.vasquez@yahoo.com,1970-03-17
Christina,Hutchinson,US,christina.hutchinson@gmail.com,1976-10-23
Christina,West,FR,christina.west@yahoo.com,1975-09-19
Christopher,Smith,US,christopher.smith@yahoo.com,2007-10-03
Brianna,White,US,brianna.white@gmail.com,1967-07-17
Ashley,Abbott,GB,ashley.abbott@yahoo.com,1973-09-03
David,Johnson,US,tXnCaVdavid.johnson@yahoo.com,1974-02-06
Jocelyn,Tucker,GB,jocelyn.tucker@hotmail.com,1993-08-22
Timothy,Hughes,NL,timothy.hughes@gmail.com,1995-06-01
Alexander,Marquez,US,alexander.marquez@yahoo.com,1957-12-27
Katherine,Thomas,DE,katherine.thomas@yahoo.com,1968-11-13
Alejandro,Clark,US,alejandro.clark@hotmail.com,1974-07-08
Gina,Edwards,US,gina.edwards@gmail.com,1997-03-22
Patricia,Bishop,US,patricia.bishop@gmail.com,1965-11-10
Susan,Kirby,CA,susan.kirby@hotmail.com,1988-07-18
Kenneth,Holland,DE,kenneth.holland@gmail.com,1957-10-08
Parker,Moore,CA,parker.moore@yahoo.com,1962-07-24
Kevin,Davis,US,kevin.davis@gmail.com,1993-12-14
Scott,Atkins,CA,scott.atkins@gmail.com,1992-12-17
Crystal,Gutierrez,US,crystal.gutierrez@yahoo.com,1980-08-03
Jason,Mckinney,FR,jason.mckinney@gmail.com,2002-07-04
Kenneth,Weaver,GB,kenneth.weaver@gmail.com,1975-01-13
Crystal,Lewis,FR,crystal.lewis@yahoo.com,1978-10-10
Kimberly,Cox,DE,kimberly.cox@hotmail.com,1994-10-03
Steven,Roth,GB,steven.roth@gmail.com,1951-11-14
Susan,Hopkins,US,susan.hopkins@gmail.com,1991-04-04
Richard,Hoffman,DE,richard.hoffman@gmail.com,1961-01-17
Shannon,Ramirez,CA,shannon.ramirez@yahoo.com,1982-07-08
Mark,Cooke,CA,mark.cooke@yahoo.com,2001-10-15
Ashley,Lewis,AU,ashley.lewis@yahoo.com,1978-04-03
Kimberly,Mcdonald,US,kimberly.mcdonald@gmail.com,1965-10-21
William,King,AU,C0WKKOwilliam.king@hotmail.com,2006-05-18
Eugene,Hull,US,eugene.hull@hotmail.com,1958-03-16
Laura,Logan,GB,laura.logan@gmail.com,1988-09-25
Elizabeth,Clay,US,elizabeth.clay@hotmail.com,1983-03-27
Pamela,Perry,US,pamela.perry@yahoo.com,1990-05-22
Kevin,Wiggins,SE,kevin.wiggins@yahoo.com,1952-10-20
John,Davis,CA,john.davis@yahoo.com,1992-08-16
Amy,Johnson,US,amy.johnson@gmail.com,1995-12-30
Laura,Owens,DE,laura.owens@yahoo.com,1981-10-06
Eugene,Diaz,US,eugene.diaz@yahoo.com,2007-07-29
Nathaniel,Thomas,US,nathaniel.thomas@hotmail.com,1997-12-12
Eric,Cortez,FR,eric.cortez@hotmail.com,1963-11-24
Sue,Vincent,US,sue.vincent@yahoo.com,1987-01-08
Danielle,Hopkins,DE,danielle.hopkins@gmail.com,1955-03-14
Michelle,Clark,CA,michelle.clark@gmail.com,1997-05-31
William,Henry,DE,william.henry@hotmail.com,1971-07-28
James,Smith,CA,OUEkJJjames.smith@gmail.com,2002-07-07
Aaron,Chavez,US,aaron.chavez@gmail.com,2004-04-22
Martha,Burke,US,martha.burke@hotmail.com,1985-03-08
Logan,Reynolds,US,logan.reynolds@yahoo.com,1983-04-24
Tara,Bowman,US,tara.bowman@yahoo.com,1979-08-11
Crystal,Jennings,US,crystal.jennings@gmail.com,1991-10-08
Catherine,Johnson,CA,catherine.johnson@hotmail.com,1955-11-23
Mark,Ray,US,mark.ray@yahoo.com,1979-04-27
Martha,Baker,GB,martha.baker@gmail.com,1953-10-25
Matthew,Sanchez,FR,matthew.sanchez@hotmail.com,1999-11-11
Thomas,Dunn,CA,thomas.dunn@gmail.com,1966-03-11
Lisa,Watson,GB,lisa.watson@gmail.com,1967-11-27
Melissa,Lane,US,melissa.lane@hotmail.com,2007-05-28
James,Hill,AU,james.hill@hotmail.com,2006-03-28
Sara,Faulkner,CA,sara.faulkner@gmail.com,1989-03-22
Amy,Patterson,US,amy.patterson@yahoo.com,1957-11-06
Michael,Patterson,US,michael.patterson@hotmail.com,1989-04-11
Elizabeth,Peters,US,elizabeth.peters@yahoo.com,2004-07-14
Joseph,Villanueva,AU,joseph.villanueva@hotmail.com,1998-01-01
Joshua,Lee,NL,joshua.lee@gmail.com,1983-06-27
Robert,Mathis,US,robert.mathis@gmail.com,1967-05-30
Kevin,Ramos,US,kevin.ramos@gmail.com,1961-11-15
Sara,Brown,GB,X25i64sara.brown@yahoo.com,1988-11-13
James,James,AU,james.james@hotmail.com,1967-09-30
Sarah,Evans,GB,sarah.evans@gmail.com,1975-06-12
Christopher,Glover,US,christopher.glover@yahoo.com,1991-02-25
Lori,Salazar,US,lori.salazar@yahoo.com,2005-07-11
Eddie,Moore,US,eddie.moore@yahoo.com,1966-08-01
Rebecca,Sullivan,DE,rebecca.sullivan@hotmail.com,1976-12-14
Teresa,Becker,SE,teresa.becker@gmail.com,1990-11-30
Jason,Small,US,jason.small@hotmail.com,1961-03-02
Dean,Carroll,US,dean.carroll@hotmail.com,1953-04-12
Christine,Johnston,US,christine.johnston@yahoo.com,2006-09-30
Kimberly,Little,US,kimberly.little@gmail.com,1960-02-23
Thomas,Barrett,US,thomas.barrett@hotmail.com,2003-11-04
Cheryl,Costa,US,cheryl.costa@gmail.com,1977-06-18
Jose,Johnson,US,jose.johnson@yahoo.com,1966-03-18
Nicholas,Carr,US,nicholas.carr@gmail.com,1987-11-21
Cynthia,Perry,FR,cynthia.perry@hotmail.com,1962-05-10
Monica,Williams,US,monica.williams@yahoo.com,1968-10-06
James,Carlson,US,james.carlson@hotmail.com,2002-10-20
Tanner,Young,US,tanner.young@gmail.com,1973-03-26
Julie,Watts,US,julie.watts@yahoo.com,1951-11-17
Amy,Davis,NL,amy.davis@hotmail.com,1989-10-31
Daniel,Contreras,US,daniel.contreras@gmail.com,1988-07-30
Jennifer,Vega,SE,jennifer.vega@yahoo.com,1996-04-07
James,Maxwell,US,james.maxwell@yahoo.com,2005-10-21
Cheryl,Moore,US,cheryl.moore@gmail.com,1974-01-17
Sandra,Powell,AU,sandra.powell@yahoo.com,1963-02-19
Julie,Walker,GB,julie.walker@hotmail.com,1965-08-31
Alison,Grant,AU,alison.grant@hotmail.com,1994-10-24
Evan,King,CA,evan.king@gmail.com,1986-10-17
Phyllis,Reyes,GB,phyllis.reyes@yahoo.com,1954-06-17
Jasmine,James,US,jasmine.james@gmail.com,1984-11-20
Beth,Sanford,GB,beth.sanford@gmail.com,1980-11-07
Sean,Rivera,AU,sean.rivera@hotmail.com,1986-06-27
Ashley,Sheppard,US,ashley.sheppard@hotmail.com,1955-05-14
Brandon,Mcdonald,DE,brandon.mcdonald@hotmail.com,1969-08-30
John,Bates,US,john.bates@gmail.com,1978-02-04
Lisa,White,CA,AQMI7tlisa.white@gmail.com,1984-03-11
Peter,Robertson,US,peter.robertson@yahoo.com,1952-09-30
Travis,Berger,US,travis.berger@gmail.com,1959-07-04
Brandon,Kennedy,AU,brandon.kennedy@yahoo.com,1990-03-04
Jessica,Barr,AU,jessica.barr@hotmail.com,1969-08-23
Brandon,Snyder,FR,brandon.snyder@gmail.com,1978-12-20
John,Brock,CA,john.brock@hotmail.com,1970-06-05
Megan,Reynolds,CA,megan.reynolds@yahoo.com,1989-10-21
Christopher,Perez,CA,christopher.perez@hotmail.com,1970-09-10
Samantha,Brown,US,samantha.brown@yahoo.com,1990-04-18
Marco,Mayo,US,marco.mayo@gmail.com,1965-03-12
Brett,Erickson,GB,brett.erickson@yahoo.com,1978-02-28
Juan,Dennis,US,juan.dennis@hotmail.com,1983-12-29
Christopher,White,AU,ku8p5xchristopher.white@gmail.com,1961-05-15
Rebecca,Jackson,US,rebecca.jackson@gmail.com,1954-06-08
Gregory,Patrick,AU,gregory.patrick@hotmail.com,1962-03-20
Kevin,Townsend,US,kevin.townsend@hotmail.com,1996-09-30
Micheal,Hernandez,US,micheal.hernandez@gmail.com,1964-11-18
Michael,Hudson,US,michael.hudson@gmail.com,1953-08-26
Andrew,Becker,US,andrew.becker@yahoo.com,1982-01-04
Jack,Delgado,CA,jack.delgado@gmail.com,1983-01-10
Gary,Miller,CA,gary.miller@gmail.com,1976-09-27
Edwin,Anderson,US,edwin.anderson@yahoo.com,1964-08-12
Melanie,Mcguire,US,melanie.mcguire@hotmail.com,1960-09-07
Zachary,Franklin,CA,zachary.franklin@hotmail.com,1981-02-06
Robert,Li,DE,robert.li@yahoo.com,2007-06-21
George,Duran,US,george.duran@gmail.com,1967-11-04
Natalie,Anderson,US,natalie.anderson@hotmail.com,2002-06-02
Jessica,Howell,US,jessica.howell@gmail.com,1954-07-15
Jessica,Higgins,AU,jessica.higgins@yahoo.com,1990-05-28
Steven,Peters,CA,steven.peters@hotmail.com,1977-05-22
Randall,Harper,GB,randall.harper@yahoo.com,1976-03-05
Darryl,Williamson,FR,darryl.williamson@yahoo.com,1986-04-27
Craig,Walter,US,craig.walter@gmail.com,1979-09-19
Brenda,Perry,US,brenda.perry@gmail.com,1991-04-11
Melissa,Jordan,US,melissa.jordan@yahoo.com,1997-10-07
Eric,Saunders,FR,eric.saunders@yahoo.com,2001-12-30
Kevin,Farrell,US,kevin.farrell@yahoo.com,1959-07-08
Matthew,Walker,NL,Jv9iz3matthew.walker@yahoo.com,1966-10-15
Kelli,Benson,US,kelli.benson@gmail.com,1966-01-13
Jamie,Sims,CA,jamie.sims@yahoo.com,1950-11-16
Daniel,Jones,CA,mGgthFdaniel.jones@hotmail.com,1972-10-07
Andrea,Browning,CA,andrea.browning@gmail.com,2006-08-02
Keith,Lopez,DE,keith.lopez@yahoo.com,1974-05-12
Jason,Daugherty,US,jason.daugherty@yahoo.com,1950-11-14
Lacey,Smith,GB,lacey.smith@gmail.com,2000-05-30
Jonathan,Robinson,CA,jonathan.robinson@gmail.com,1979-09-30
Alexander,Graham,GB,alexander.graham@hotmail.com,1992-05-28
Alexis,Hines,US,alexis.hines@yahoo.com,1971-11-05
Scott,Williams,FR,scott.williams@hotmail.com,1975-11-06
Priscilla,Gardner,GB,priscilla.gardner@hotmail.com,2007-09-07
Robert,Hardy,US,robert.hardy@hotmail.com,1981-07-01
Ryan,Edwards,US,ryan.edwards@gmail.com,1953-08-12
Jennifer,Moore,GB,jennifer.moore@hotmail.com,2000-01-30
Christopher,Mcdonald,US,christopher.mcdonald@yahoo.com,1984-05-10
Jerry,Brooks,US,jerry.brooks@yahoo.com,1978-10-31
Cynthia,Price,US,cynthia.price@gmail.com,1969-04-11
Nicole,Sanchez,US,nicole.sanchez@yahoo.com,1983-04-26
Alexandra,Fisher,FR,alexandra.fisher@hotmail.com,1991-02-13
James,Williams,US,james.williams@gmail.com,1984-10-11
David,Kelly,US,david.kelly@yahoo.com,1993-12-09
Robert,Wilson,CA,robert.wilson@gmail.com,1960-01-09
Jessica,Tanner,DE,jessica.tanner@gmail.com,1957-12-02
Pamela,Daniels,US,pamela.daniels@hotmail.com,1962-01-21
Christopher,Williams,US,bUKOSGchristopher.williams@hotmail.com,2004-12-15
John,Salazar,US,john.salazar@hotmail.com,1968-01-16
Angie,Robinson,GB,angie.robinson@gmail.com,1968-08-15
Ashlee,Yoder,US,ashlee.yoder@hotmail.com,2008-06-05
Michael,Fuller,US,michael.fuller@yahoo.com,1970-10-24
Brandon,Ortiz,US,brandon.ortiz@yahoo.com,1973-10-08
Richard,Roberts,US,richard.roberts@gmail.com,1952-12-26
Brenda,Hicks,GB,brenda.hicks@gmail.com,1969-05-22
Katherine,Swanson,US,katherine.swanson@hotmail.com,1960-07-28
Jessica,Garcia,US,jessica.garcia@gmail.com,1962-09-20
Jeffery,Price,US,jeffery.price@hotmail.com,1997-04-28
Sonia,Roberts,GB,sonia.roberts@gmail.com,1987-01-15
Jonathan,Davis,US,jonathan.davis@gmail.com,1988-09-08
David,Torres,US,david.torres@hotmail.com,2008-05-05
Yolanda,Melendez,US,yolanda.melendez@gmail.com,1993-10-14
Carlos,Hernandez,AU,tJOeHQcarlos.hernandez@hotmail.com,1955-11-29
Stephanie,Mcgee,GB,stephanie.mcgee@gmail.com,1968-07-21
Jonathan,Dennis,CA,jonathan.dennis@gmail.com,1976-04-09
Casey,Lee,US,casey.lee@yahoo.com,2005-11-10
Jacob,Burke,US,jacob.burke@yahoo.com,1964-03-08
Audrey,Reese,US,audrey.reese@hotmail.com,1975-04-03
Daniel,Arnold,US,daniel.arnold@gmail.com,1968-05-12
Anthony,Guerra,FR,anthony.guerra@gmail.com,1960-06-07
Charles,Rush,FR,charles.rush@gmail.com,2000-03-20
Joseph,Glover,AU,joseph.glover@yahoo.com,1958-06-22
Angela,Blackburn,AU,angela.blackburn@gmail.com,1966-05-19
Rebecca,Lester,US,rebecca.lester@hotmail.com,1965-10-17
Jessica,Young,US,jessica.young@gmail.com,1956-09-04
Vincent,Smith,US,vincent.smith@gmail.com,1994-03-14
Vincent,Osborne,US,vincent.osborne@yahoo.com,2007-12-02
Robert,Nelson,US,robert.nelson@gmail.com,1957-06-05
Lynn,Jordan,US,lynn.jordan@hotmail.com,1959-04-26
Amanda,Taylor,US,bGPGgUamanda.taylor@gmail.com,1970-10-03
Tamara,Wallace,US,tamara.wallace@hotmail.com,1972-06-10
Patrick,Meyers,CA,patrick.meyers@hotmail.com,1984-12-11
Rachel,Lee,US,rachel.lee@yahoo.com,1972-09-15
Rebecca,Nelson,US,rebecca.nelson@yahoo.com,1983-03-12
Charles,Hancock,US,charles.hancock@gmail.com,1982-08-25
Edward,Kirby,US,edward.kirby@gmail.com,1961-05-21
David,Evans,US,david.evans@yahoo.com,1955-03-26
Katherine,Washington,US,katherine.washington@yahoo.com,1986-08-13
Kimberly,Michael,US,kimberly.michael@yahoo.com,1961-10-28
Rachel,Flores,US,rachel.flores@gmail.com,1997-09-25
Stephen,West,US,stephen.west@gmail.com,1980-02-22
Elizabeth,Martin,US,elizabeth.martin@gmail.com,1996-07-03
Michelle,Parrish,US,michelle.parrish@gmail.com,1964-07-01
Andrea,Mayer,US,andrea.mayer@yahoo.com,2001-03-02
Cory,Paul,US,cory.paul@yahoo.com,1986-07-14
Seth,Jenkins,US,seth.jenkins@yahoo.com,1986-12-27
Angela,Myers,US,angela.myers@hotmail.com,1970-01-26
Lisa,Williams,US,lisa.williams@gmail.com,1971-03-01
Heather,Jones,SE,heather.jones@gmail.com,1993-09-15
Stephanie,Jones,US,stephanie.jones@hotmail.com,1958-02-25
Craig,Williams,US,craig.williams@gmail.com,2006-09-04
Daniel,Allen,AU,xpQGfmdaniel.allen@hotmail.com,1993-11-07
Gerald,Rodriguez,US,gerald.rodriguez@gmail.com,1958-06-30
John,Ramirez,AU,john.ramirez@hotmail.com,1957-09-03
Shannon,Bell,US,shannon.bell@yahoo.com,1985-09-14
Savannah,Reese,NL,savannah.reese@gmail.com,1999-11-14
Lori,Holloway,AU,lori.holloway@gmail.com,2002-05-15
Ashley,Williams,CA,ashley.williams@gmail.com,2005-09-18
Lauren,Francis,NL,lauren.francis@gmail.com,1973-12-01
Chad,Perez,US,chad.perez@yahoo.com,1993-02-27
Carmen,Kim,FR,carmen.kim@hotmail.com,1974-11-30
Rachael,Moore,GB,rachael.moore@gmail.com,1978-06-16
Shannon,Harper,SE,shannon.harper@gmail.com,1962-05-03
Jessica,Smith,AU,jessica.smith@yahoo.com,1991-05-14
Christopher,Kelley,CA,christopher.kelley@hotmail.com,1967-11-17
Marcus,Patterson,US,marcus.patterson@gmail.com,1958-08-08
Andrea,Ford,GB,andrea.ford@yahoo.com,1987-03-03
Steven,Davis,US,steven.davis@hotmail.com,1996-05-07
Phillip,Grimes,US,phillip.grimes@hotmail.com,1989-09-04
Kevin,White,US,kevin.white@hotmail.com,1975-04-13
Michael,Stewart,US,michael.stewart@hotmail.com,1980-06-22
Christina,Horn,US,christina.horn@gmail.com,2001-04-11
Kurt,Gray,CA,kurt.gray@hotmail.com,1970-01-18
Brandon,Joseph,US,brandon.joseph@gmail.com,2004-10-31
Erica,Price,CA,erica.price@hotmail.com,1952-06-16
Marc,Murphy,AU,marc.murphy@gmail.com,2005-10-12
John,Butler,FR,VXvfkgjohn.butler@gmail.com,1952-12-16
Robert,Gentry,US,robert.gentry@yahoo.com,1960-01-23
Scott,Wheeler,CA,scott.wheeler@gmail.com,1984-08-09
Catherine,Clark,US,catherine.clark@yahoo.com,1952-08-26
Kevin,Hicks,US,kevin.hicks@hotmail.com,1971-07-03
Tyler,Fields,US,tyler.fields@yahoo.com,1954-09-06
Scott,James,US,scott.james@yahoo.com,1994-08-19
Shaun,Tanner,CA,shaun.tanner@gmail.com,1951-08-17
Michael,Benjamin,US,michael.benjamin@hotmail.com,1952-02-09
James,Flores,GB,L4QNjdjames.flores@yahoo.com,1969-09-17
Kevin,Arnold,US,kevin.arnold@yahoo.com,1989-01-22
Joseph,Cohen,US,joseph.cohen@gmail.com,1995-03-10
Angela,Valdez,SE,angela.valdez@hotmail.com,1978-07-08
Brandon,Bennett,CA,brandon.bennett@gmail.com,1980-01-26
Brenda,Singleton,US,brenda.singleton@yahoo.com,1953-02-08
Kristen,Franklin,DE,kristen.franklin@gmail.com,2001-04-07
Jamie,Matthews,AU,jamie.matthews@yahoo.com,1967-06-07
Joseph,Cardenas,CA,joseph.cardenas@gmail.com,1993-09-26
Kristine,Wagner,NL,kristine.wagner@hotmail.com,1958-10-09
Mary,Parker,GB,mary.parker@hotmail.com,1964-09-02
Manuel,Miller,US,manuel.miller@hotmail.com,1971-01-30
Christopher,Rodriguez,AU,christopher.rodriguez@gmail.com,1997-01-08
Richard,Hill,US,richard.hill@gmail.com,1990-03-03
Amber,Hall,SE,amber.hall@hotmail.com,1995-04-04
Ian,Miranda,GB,ian.miranda@hotmail.com,1976-08-13
Donald,Arellano,SE,donald.arellano@gmail.com,1961-03-13
Christina,Melton,GB,christina.melton@yahoo.com,1995-02-19
Anna,Butler,US,anna.butler@hotmail.com,2001-12-29
Kathleen,Jones,US,kathleen.jones@hotmail.com,1983-07-12
Jill,Pruitt,US,jill.pruitt@yahoo.com,1973-01-05
Dan,Jenkins,DE,dan.jenkins@gmail.com,1982-02-06
Daniel,Harvey,US,daniel.harvey@gmail.com,2002-04-24
Brian,Moore,CA,brian.moore@hotmail.com,1968-05-01
David,Hicks,US,OV9Q2ndavid.hicks@yahoo.com,1985-02-14
Jeffery,Baker,US,jeffery.baker@hotmail.com,1992-04-09
Richard,Cole,FR,richard.cole@hotmail.com,1988-08-27
Jeremy,Keith,US,jeremy.keith@gmail.com,1972-07-08
Sara,Hays,AU,sara.hays@gmail.com,1992-08-12
Howard,Taylor,US,howard.taylor@gmail.com,1956-03-11
Brent,Torres,US,brent.torres@yahoo.com,1986-05-18
Robert,Mccullough,GB,robert.mccullough@hotmail.com,1978-03-14
Laura,Williams,GB,laura.williams@gmail.com,1986-01-25
Alexander,Brown,US,alexander.brown@yahoo.com,1960-02-03
Trevor,Williams,GB,trevor.williams@hotmail.com,1977-10-13
Paula,Meyer,CA,paula.meyer@hotmail.com,1975-03-03
William,Sanders,US,william.sanders@gmail.com,1991-11-18
Daniel,Norton,US,daniel.norton@gmail.com,1988-02-03
Jeremy,Wilson,GB,jeremy.wilson@yahoo.com,1989-06-03
Donna,Morris,US,NlKslOdonna.morris@gmail.com,1988-11-07
Corey,Villa,GB,corey.villa@yahoo.com,1952-02-12
Lisa,Smith,AU,lisa.smith@gmail.com,2001-12-20
Carl,Mendoza,GB,carl.mendoza@gmail.com,1983-08-09
Frank,Brown,AU,frank.brown@hotmail.com,2004-06-30
Ashley,Stevens,AU,ashley.stevens@yahoo.com,1995-03-04
Alan,Johnston,GB,alan.johnston@yahoo.com,2004-01-27
Virginia,Weaver,US,virginia.weaver@yahoo.com,1995-01-09
Abigail,Daniels,US,abigail.daniels@hotmail.com,1984-11-09
Katrina,Gonzalez,US,katrina.gonzalez@hotmail.com,1968-11-17
Derrick,Leon,US,derrick.leon@gmail.com,1952-09-30
Luis,Dougherty,US,luis.dougherty@hotmail.com,1994-11-15
Richard,Young,US,richard.young@hotmail.com,2002-09-26
Kathryn,Horn,US,kathryn.horn@gmail.com,1962-10-09
Destiny,Smith,US,destiny.smith@gmail.com,1951-10-23
Melissa,Anderson,US,melissa.anderson@yahoo.com,1989-02-07
Heather,Rivers,GB,heather.rivers@hotmail.com,1964-12-12
Laura,Smith,US,laura.smith@yahoo.com,1999-04-18
Megan,Mcdonald,GB,megan.mcdonald@gmail.com,1997-12-19
Marcus,Jackson,AU,marcus.jackson@yahoo.com,1963-04-26
David,Graham,US,david.graham@yahoo.com,2000-08-14
Tammy,Smith,CA,tammy.smith@yahoo.com,1995-02-15
Andrew,Rios,US,andrew.rios@hotmail.com,1994-05-11
Richard,Jackson,US,richard.jackson@hotmail.com,1988-04-09
Tara,Palmer,US,tara.palmer@yahoo.com,1956-10-25
Jeffrey,Harris,US,jeffrey.harris@yahoo.com,1987-08-28
Christina,Arellano,DE,christina.arellano@yahoo.com,1959-02-26
Zachary,Robinson,US,zachary.robinson@gmail.com,1975-06-16
Matthew,Allen,US,matthew.allen@gmail.com,2000-05-22
Christina,Perez,US,christina.perez@hotmail.com,1969-12-18
Steven,Smith,US,steven.smith@hotmail.com,1958-02-11
Timothy,Yu,US,timothy.yu@yahoo.com,1961-04-18
Brett,Martin,CA,brett.martin@yahoo.com,1960-03-30
Anita,Rivas,US,anita.rivas@gmail.com,1952-01-14
Rachel,Graves,DE,rachel.graves@gmail.com,1991-04-20
Ryan,Douglas,US,ryan.douglas@yahoo.com,1995-06-26
Jason,Phillips,US,jason.phillips@hotmail.com,1993-11-20
Glen,Marks,US,glen.marks@gmail.com,1981-04-02
David,Wang,AU,david.wang@yahoo.com,2000-02-23
Michael,Robinson,AU,michael.robinson@yahoo.com,1987-12-16
Briana,Peters,US,briana.peters@yahoo.com,1991-08-09
Ashley,Brandt,NL,ashley.brandt@yahoo.com,1999-03-26
Kenneth,Herrera,US,kenneth.herrera@gmail.com,1989-11-23
Sally,Brown,GB,sally.brown@hotmail.com,1974-11-15
Robert,Wyatt,CA,robert.wyatt@yahoo.com,1969-05-26
Melanie,Martin,DE,melanie.martin@hotmail.com,1966-11-18
Benjamin,Smith,US,benjamin.smith@yahoo.com,1960-03-21
Mark,Grant,FR,mark.grant@yahoo.com,1976-06-13
Adam,Davis,US,adam.davis@gmail.com,1968-03-04
Jon,Wolfe,FR,jon.wolfe@yahoo.com,2001-03-09
Jessica,Brewer,GB,jessica.brewer@hotmail.com,1980-05-16
Veronica,Middleton,DE,veronica.middleton@yahoo.com,1974-03-29
Greg,Gonzalez,US,greg.gonzalez@hotmail.com,1969-12-06
Haley,Ferguson,US,haley.ferguson@gmail.com,2007-07-27
Richard,Cox,GB,richard.cox@gmail.com,1978-09-16
Joshua,Roy,US,joshua.roy@yahoo.com,1968-06-22
Michael,Smith,CA,VsDn9smichael.smith@hotmail.com,1991-05-08
Richard,Marshall,DE,dbsPKXrichard.marshall@gmail.com,2006-02-16
Jose,Andersen,US,jose.andersen@gmail.com,1967-01-23
Robert,Murphy,CA,robert.murphy@gmail.com,1956-06-18
Maria,Mendoza,US,maria.mendoza@hotmail.com,1955-09-23
Alan,Rivera,US,alan.rivera@yahoo.com,1987-01-11
George,Parker,DE,george.parker@hotmail.com,1986-10-11
Glenn,Collins,US,glenn.collins@hotmail.com,1989-04-03
Angelica,Moore,US,angelica.moore@gmail.com,1962-10-30
Margaret,Ray,CA,margaret.ray@hotmail.com,2006-03-23
Wayne,Dennis,US,wayne.dennis@gmail.com,1956-02-21
Donna,Moreno,GB,donna.moreno@hotmail.com,1985-03-11
Vickie,Cohen,US,vickie.cohen@yahoo.com,1981-10-12
Garrett,Erickson,US,garrett.erickson@hotmail.com,2002-10-08
Matthew,Hahn,US,matthew.hahn@hotmail.com,1974-06-30
Brenda,Harris,US,brenda.harris@gmail.com,1994-01-02
Gregory,Goodwin,GB,gregory.goodwin@hotmail.com,2002-04-16
Jonathan,Reynolds,US,jonathan.reynolds@yahoo.com,1991-04-10
Theresa,Padilla,US,theresa.padilla@yahoo.com,1964-02-15
Jamie,Cunningham,SE,jamie.cunningham@yahoo.com,1981-10-06
Kelly,Lee,AU,kelly.lee@gmail.com,1956-11-29
Jenna,Williams,US,jenna.williams@hotmail.com,1959-03-27
Bradley,Williams,GB,bradley.williams@yahoo.com,1969-01-30
Ashley,Day,DE,ashley.day@hotmail.com,1961-05-06
Kristen,Reid,SE,kristen.reid@hotmail.com,1987-05-22
Alexander,Smith,AU,ZoRXaHalexander.smith@yahoo.com,2003-10-06
Mark,Fisher,FR,mark.fisher@hotmail.com,1953-09-26
Donna,Simmons,SE,donna.simmons@gmail.com,1974-08-12
Daniel,Mills,US,daniel.mills@yahoo.com,1998-05-24
Courtney,Petty,US,courtney.petty@gmail.com,1999-03-14
Carrie,Perry,CA,carrie.perry@yahoo.com,1989-10-17
Manuel,Stevens,DE,manuel.stevens@yahoo.com,2001-05-26
Vanessa,Hood,US,vanessa.hood@gmail.com,1992-04-18
Sydney,Bates,DE,sydney.bates@hotmail.com,1992-01-27
Robert,Medina,CA,robert.medina@hotmail.com,2005-07-19
Jennifer,Yoder,AU,jennifer.yoder@gmail.com,1981-11-17
Joshua,Green,GB,cCDiRTjoshua.green@hotmail.com,1985-02-15
Lisa,Rogers,GB,lisa.rogers@hotmail.com,1964-09-29
Sarah,Brown,DE,sarah.brown@yahoo.com,1962-03-30
Maria,Garza,GB,maria.garza@hotmail.com,1954-03-11
Todd,Burton,US,todd.burton@hotmail.com,1986-12-15
Zachary,Jackson,US,zachary.jackson@gmail.com,1973-06-17
Shawn,Jones,FR,shawn.jones@hotmail.com,2001-02-05
Eric,Mccormick,GB,eric.mccormick@hotmail.com,1954-10-19
Nancy,Jackson,US,nancy.jackson@hotmail.com,1979-09-29
Barbara,Sullivan,SE,barbara.sullivan@gmail.com,1995-04-13
Alyssa,Maddox,FR,alyssa.maddox@gmail.com,1961-02-05
Stacy,Smith,US,stacy.smith@hotmail.com,1995-07-04
Shannon,Dunn,DE,shannon.dunn@yahoo.com,1999-01-15
Rachel,Scott,US,rachel.scott@gmail.com,1968-09-30
John,Anderson,US,john.anderson@yahoo.com,1973-06-05
Pamela,Parrish,CA,pamela.parrish@hotmail.com,1958-08-15
Yolanda,Weber,US,yolanda.weber@yahoo.com,1971-05-03
Mike,Alvarez,US,mike.alvarez@hotmail.com,1989-04-05
Erica,Green,US,erica.green@yahoo.com,1977-11-03
Joseph,Underwood,US,joseph.underwood@yahoo.com,2001-01-30
Joseph,Rivers,GB,joseph.rivers@hotmail.com,1998-08-01
Peter,Collins,US,peter.collins@gmail.com,1963-12-13
William,Villarreal,US,william.villarreal@hotmail.com,1994-02-13
Tammy,Floyd,US,tammy.floyd@yahoo.com,1987-10-25
Nicholas,Hawkins,AU,nicholas.hawkins@hotmail.com,1986-03-16
Haley,Clayton,AU,haley.clayton@yahoo.com,1960-05-03
Randall,Edwards,US,randall.edwards@gmail.com,1977-09-27
Gina,Long,US,gina.long@yahoo.com,1987-02-22
Denise,Alvarado,US,denise.alvarado@hotmail.com,1989-02-17
Brittany,Berger,US,brittany.berger@yahoo.com,1995-06-14
Lori,Johnson,US,lori.johnson@yahoo.com,2006-10-20
Andrew,Norton,CA,andrew.norton@hotmail.com,1977-09-03
Patricia,Williams,CA,patricia.williams@yahoo.com,1991-06-09
Carol,Conrad,US,carol.conrad@gmail.com,1973-05-22
Kayla,Jones,US,kayla.jones@gmail.com,1997-08-14
Ashley,Greene,CA,ashley.greene@gmail.com,1961-07-16
Shannon,Long,US,shannon.long@yahoo.com,2005-06-20
Lawrence,Garner,CA,lawrence.garner@yahoo.com,1957-12-22
Melinda,Shea,US,melinda.shea@yahoo.com,1985-05-28
Charles,Levine,US,charles.levine@hotmail.com,2007-10-19
Kevin,Blevins,CA,kevin.blevins@gmail.com,1987-01-16
Brianna,Shaw,GB,brianna.shaw@hotmail.com,1964-07-06
Kurt,Hicks,US,kurt.hicks@hotmail.com,1960-09-28
Elizabeth,Green,US,elizabeth.green@gmail.com,1967-11-03
Amanda,Knight,CA,amanda.knight@yahoo.com,2005-01-14
Kayla,Wright,SE,kayla.wright@yahoo.com,1951-12-13
Adam,Crawford,US,adam.crawford@yahoo.com,1957-06-11
Kimberly,Hutchinson,US,kimberly.hutchinson@yahoo.com,1964-04-27
David,Johnson,AU,KKSlA8david.johnson@yahoo.com,1976-07-24
Joseph,Reynolds,US,joseph.reynolds@hotmail.com,2005-10-04
Michelle,Powell,US,michelle.powell@hotmail.com,1997-12-28
Sheri,Cox,SE,sheri.cox@gmail.com,1954-09-09
Samuel,Soto,AU,samuel.soto@hotmail.com,1967-11-08
Elizabeth,Clements,US,elizabeth.clements@yahoo.com,1984-11-16
Jacob,Gray,US,jacob.gray@yahoo.com,2002-10-20
Joseph,Cervantes,US,WGmPPQjoseph.cervantes@yahoo.com,1953-12-20
Eric,Brown,CA,eric.brown@gmail.com,1957-07-11
David,Harris,NL,david.harris@hotmail.com,1965-04-05
Charles,Dillon,SE,charles.dillon@yahoo.com,1953-11-11
Tonya,Perkins,US,tonya.perkins@yahoo.com,2006-03-01
Christopher,Rogers,US,christopher.rogers@yahoo.com,1989-11-16
Jeremiah,Singleton,US,jeremiah.singleton@gmail.com,1999-02-16
Courtney,Martinez,CA,courtney.martinez@yahoo.com,1950-09-24
Tyler,Burnett,US,tyler.burnett@yahoo.com,2002-12-09
Victoria,Stone,US,victoria.stone@yahoo.com,1975-08-14
Jason,Stewart,US,jason.stewart@gmail.com,1974-06-27
Anna,Cherry,GB,anna.cherry@yahoo.com,1988-12-23
Karen,Butler,US,karen.butler@hotmail.com,1950-08-23
Luis,Parks,US,luis.parks@hotmail.com,1972-10-26
Joshua,Summers,CA,joshua.summers@gmail.com,1962-12-10
Kevin,Evans,GB,kevin.evans@yahoo.com,1977-09-21
James,Mccarty,US,james.mccarty@yahoo.com,1966-04-05
Sarah,Blair,CA,sarah.blair@gmail.com,1950-11-20
Theresa,Davis,AU,theresa.davis@gmail.com,1952-12-30
Michelle,Morales,FR,michelle.morales@yahoo.com,1957-01-09
Natalie,Edwards,AU,natalie.edwards@hotmail.com,1955-07-27
Joseph,White,US,joseph.white@hotmail.com,1986-08-03
Michael,Richardson,US,michael.richardson@yahoo.com,1973-12-22
Shawna,George,US,shawna.george@gmail.com,1960-03-27
Michael,Taylor,NL,michael.taylor@gmail.com,1977-05-03
Nicholas,Harris,US,nicholas.harris@yahoo.com,1953-04-29
Lynn,Ochoa,US,lynn.ochoa@gmail.com,1955-08-12
Pamela,Lane,US,pamela.lane@hotmail.com,1979-08-17
Samuel,Bowen,US,samuel.bowen@hotmail.com,2002-05-04
Chad,Smith,GB,yct4FEchad.smith@yahoo.com,1960-11-20
Richard,Wade,US,richard.wade@yahoo.com,1970-02-20
Justin,Hess,US,justin.hess@yahoo.com,1986-07-10
Jessica,Hall,US,jessica.hall@hotmail.com,1983-07-29
Christopher,Roberts,AU,christopher.roberts@yahoo.com,2007-12-18
Savannah,Smith,US,savannah.smith@hotmail.com,1979-08-20
Whitney,Stephenson,GB,whitney.stephenson@gmail.com,2000-02-26
Cristina,Neal,FR,cristina.neal@hotmail.com,1987-08-31
Tyler,Moody,FR,tyler.moody@gmail.com,1957-04-13
Scott,Snyder,AU,scott.snyder@yahoo.com,1952-08-17
Steven,White,US,steven.white@gmail.com,2004-07-26
Tiffany,Leon,US,tiffany.leon@hotmail.com,1954-06-09
Christine,Evans,GB,christine.evans@gmail.com,1988-12-07
Tina,Bryant,US,tina.bryant@gmail.com,1962-11-04
Sean,Buchanan,FR,sean.buchanan@gmail.com,1996-06-14
Donna,Nicholson,CA,donna.nicholson@yahoo.com,1974-04-16
Kelly,Lambert,US,kelly.lambert@hotmail.com,1991-09-16
Amber,Decker,US,amber.decker@hotmail.com,1973-01-19
Alan,Pollard,FR,alan.pollard@yahoo.com,1964-05-26
Maureen,Rogers,US,maureen.rogers@yahoo.com,1990-03-26
Laura,Wolf,GB,laura.wolf@hotmail.com,2001-05-28
Alicia,Berger,US,alicia.berger@hotmail.com,1968-03-11
Alexandra,Wilkins,GB,alexandra.wilkins@gmail.com,1961-05-14
Shannon,Nolan,US,shannon.nolan@hotmail.com,1958-09-11
Laura,Andrade,DE,laura.andrade@hotmail.com,1984-12-13
Alexandra,Taylor,US,alexandra.taylor@gmail.com,1989-11-22
Connie,Moore,DE,connie.moore@hotmail.com,1961-06-13
Christina,Hernandez,US,christina.hernandez@hotmail.com,1966-05-31
Michelle,Fernandez,CA,michelle.fernandez@yahoo.com,1960-09-28
Claudia,Lewis,CA,claudia.lewis@hotmail.com,1956-03-25
April,Castillo,FR,april.castillo@yahoo.com,1968-11-07
Shawn,Key,DE,shawn.key@yahoo.com,2007-11-06
Miguel,Banks,US,miguel.banks@yahoo.com,1955-10-23
Jeremy,Riley,CA,jeremy.riley@gmail.com,1991-07-14
Heather,Garrison,AU,heather.garrison@gmail.com,1984-08-23
John,Curtis,US,john.curtis@yahoo.com,1962-06-24
Gary,Orozco,NL,gary.orozco@yahoo.com,1960-09-02
Mark,Daniel,CA,mark.daniel@gmail.com,1992-10-11
Michael,Smith,US,scyhibmichael.smith@hotmail.com,2003-07-15
Thomas,Randolph,US,thomas.randolph@gmail.com,2003-11-29
Nichole,Lewis,CA,nichole.lewis@gmail.com,1971-09-30
Stacy,Andrews,DE,stacy.andrews@hotmail.com,1963-05-17
Sylvia,Jones,NL,sylvia.jones@gmail.com,2001-12-17
Erin,Holder,US,erin.holder@gmail.com,1963-03-21
Joe,Carpenter,AU,joe.carpenter@yahoo.com,1974-08-01
Melissa,Conner,US,melissa.conner@yahoo.com,1979-12-29
Wendy,Graham,CA,wendy.graham@gmail.com,1958-04-26
Joanna,Rodriguez,US,joanna.rodriguez@yahoo.com,1953-08-06
Paula,Russo,US,paula.russo@gmail.com,1997-03-10
Erin,Carter,AU,erin.carter@gmail.com,1965-12-03
Joseph,Allen,AU,joseph.allen@hotmail.com,2000-12-14
Barry,Burke,US,barry.burke@gmail.com,2002-09-24
James,Harper,CA,james.harper@hotmail.com,1959-05-05
Julian,Mcdonald,NL,julian.mcdonald@gmail.com,1980-10-27
David,Fox,US,david.fox@gmail.com,1971-04-12
Tim,Herring,GB,tim.herring@gmail.com,1978-09-24
Kayla,Mendoza,AU,kayla.mendoza@yahoo.com,1991-09-10
Robert,Smith,AU,robert.smith@yahoo.com,2004-10-28
Brian,Sellers,US,brian.sellers@hotmail.com,2004-06-10
Brandi,Vasquez,US,brandi.vasquez@hotmail.com,2008-05-31
Barry,Douglas,NL,barry.douglas@yahoo.com,1997-10-07
John,Schneider,GB,john.schneider@hotmail.com,1973-06-10
Lonnie,Hutchinson,US,lonnie.hutchinson@hotmail.com,1973-09-05
Jacqueline,James,CA,jacqueline.james@gmail.com,1951-09-02
Eugene,Miller,AU,eugene.miller@gmail.com,1977-11-05
Cynthia,Ramirez,AU,cynthia.ramirez@gmail.com,1955-04-26
Lynn,Gonzalez,US,lynn.gonzalez@hotmail.com,1957-07-22
Steven,Moore,AU,C05gxjsteven.moore@hotmail.com,1955-12-05
Patrick,Simpson,US,patrick.simpson@gmail.com,1991-06-01
Karen,Jones,CA,karen.jones@hotmail.com,2007-12-03
Nathaniel,Jones,CA,nathaniel.jones@hotmail.com,1992-01-26
Richard,Jarvis,CA,richard.jarvis@yahoo.com,1987-10-23
Renee,Jones,US,renee.jones@yahoo.com,1982-09-15
Sandra,Ford,AU,sandra.ford@yahoo.com,1986-11-06
Ashley,Mitchell,NL,ashley.mitchell@hotmail.com,1952-04-26
Christopher,Lee,AU,irm7nUchristopher.lee@yahoo.com,1972-04-06
Alexander,Reed,US,alexander.reed@yahoo.com,1998-06-05
Nicholas,Martin,US,nicholas.martin@gmail.com,1980-12-31
Joshua,Moore,US,joshua.moore@yahoo.com,1998-10-10
Angela,Jones,US,angela.jones@hotmail.com,1999-09-23
Kimberly,Gonzalez,FR,kimberly.gonzalez@yahoo.com,1956-02-06
Ryan,Williams,SE,ryan.williams@hotmail.com,1977-01-14
Jonathan,Hunt,US,jonathan.hunt@gmail.com,1956-01-20
Lisa,Keller,US,lisa.keller@hotmail.com,1998-01-31
Christopher,Martinez,DE,christopher.martinez@yahoo.com,1999-07-23
Lindsey,Mcguire,US,lindsey.mcguire@gmail.com,1963-03-23
Nathan,Weber,US,nathan.weber@gmail.com,1990-04-26
Kenneth,Green,CA,kenneth.green@gmail.com,1960-10-01
Thomas,Crosby,US,thomas.crosby@yahoo.com,1990-06-21
James,Lopez,US,james.lopez@gmail.com,2003-06-12
Christopher,Grant,US,christopher.grant@hotmail.com,1978-04-17
James,Mcdaniel,US,james.mcdaniel@hotmail.com,1975-05-17
Cesar,Gibson,US,cesar.gibson@yahoo.com,1969-04-11
Benjamin,Anderson,NL,benjamin.anderson@gmail.com,1956-09-02
Lisa,Gibson,AU,lisa.gibson@yahoo.com,1968-05-29
Anthony,Morse,AU,anthony.morse@hotmail.com,1968-07-31
Michelle,Welch,US,XYtHOvmichelle.welch@yahoo.com,1983-12-31
Douglas,Kelly,CA,douglas.kelly@yahoo.com,1972-01-22
Max,Garcia,GB,max.garcia@hotmail.com,2001-03-04
Morgan,Greene,AU,morgan.greene@yahoo.com,1984-11-20
Elijah,Price,CA,elijah.price@gmail.com,1963-12-01
Chloe,Hunter,US,chloe.hunter@hotmail.com,1956-04-03
Haley,Daugherty,CA,haley.daugherty@yahoo.com,1982-02-21
Matthew,Rubio,AU,matthew.rubio@yahoo.com,1965-12-19
Daniel,Snyder,CA,daniel.snyder@gmail.com,1999-12-14
Steven,Rojas,CA,steven.rojas@hotmail.com,1986-10-10
Angela,Crawford,US,angela.crawford@hotmail.com,1973-01-26
Beth,Williams,CA,beth.williams@hotmail.com,1981-07-10
Michael,Hernandez,CA,JWLXT5michael.hernandez@gmail.com,1967-12-16
Maria,Davis,US,maria.davis@gmail.com,1981-06-20
Amanda,Crane,US,amanda.crane@gmail.com,1978-07-26
Brittany,Campbell,US,brittany.campbell@gmail.com,1955-07-08
Erin,Smith,US,erin.smith@gmail.com,2001-05-28
Kevin,Hendricks,US,kevin.hendricks@hotmail.com,1954-12-24
Timothy,Hardin,US,timothy.hardin@gmail.com,2008-01-01
Rachel,Jensen,CA,rachel.jensen@hotmail.com,2003-07-08
Benjamin,Torres,US,benjamin.torres@hotmail.com,1960-01-08
Jill,Fleming,US,jill.fleming@yahoo.com,1975-06-02
Justin,Walters,US,justin.walters@gmail.com,1963-02-19
Edward,Graham,CA,edward.graham@gmail.com,1957-08-24
Duane,Deleon,CA,duane.deleon@hotmail.com,1980-03-25
Lauren,Cooper,NL,lauren.cooper@hotmail.com,1975-01-15
Robert,Smith,GB,DIz3Perobert.smith@hotmail.com,2004-11-23
Michael,Johnson,US,michael.johnson@yahoo.com,2006-07-26
Luke,Castaneda,US,luke.castaneda@yahoo.com,1996-07-27
Eric,Kirk,SE,eric.kirk@yahoo.com,2002-01-28
Kristina,Torres,CA,kristina.torres@gmail.com,1999-07-11
Garrett,Griffin,GB,garrett.griffin@hotmail.com,1971-09-10
Christopher,Williams,NL,lWTlJVchristopher.williams@hotmail.com,1958-11-08
Tracie,Richardson,US,tracie.richardson@gmail.com,1988-09-17
Ashley,Turner,CA,ashley.turner@gmail.com,1983-09-06
Gary,Peters,DE,gary.peters@yahoo.com,1976-01-15
Gary,Alexander,CA,gary.alexander@gmail.com,2006-10-04
Karen,Johnson,CA,karen.johnson@gmail.com,1959-05-12
Dean,Carpenter,AU,dean.carpenter@hotmail.com,2000-01-04
Laurie,Kennedy,US,laurie.kennedy@gmail.com,1977-05-22
Jordan,Carter,US,jordan.carter@yahoo.com,1954-07-12
Katelyn,Martin,US,katelyn.martin@yahoo.com,1952-10-09
Christine,Ramirez,GB,christine.ramirez@gmail.com,2003-12-25
Vanessa,Thomas,US,vanessa.thomas@gmail.com,1982-09-18
Kristen,Thomas,US,kristen.thomas@yahoo.com,1987-07-21
Elizabeth,Young,GB,lmSybwelizabeth.young@gmail.com,1956-01-30
Sean,Williams,NL,sean.williams@yahoo.com,1986-07-27
Jennifer,Butler,SE,jennifer.butler@gmail.com,1977-05-13
Heather,Levine,US,heather.levine@gmail.com,1952-09-06
Tammy,Rivera,AU,tammy.rivera@yahoo.com,1993-12-01
Bethany,Larsen,US,bethany.larsen@yahoo.com,2000-02-09
David,Riley,GB,david.riley@yahoo.com,1959-02-14
Jim,Allen,GB,jim.allen@yahoo.com,1967-10-13
Brian,Greer,US,brian.greer@gmail.com,2005-12-25
Tyler,Johnston,US,tyler.johnston@gmail.com,2005-01-28
Susan,Moore,CA,susan.moore@gmail.com,1961-11-27
Benjamin,Flynn,NL,benjamin.flynn@gmail.com,2003-09-13
Michael,Buckley,CA,michael.buckley@gmail.com,2003-08-11
Jon,Fisher,GB,jon.fisher@hotmail.com,1981-12-11
Grace,Harrison,US,grace.harrison@yahoo.com,1982-02-08
Tony,Grant,US,tony.grant@yahoo.com,1970-09-20
Jeremy,Frank,CA,jeremy.frank@gmail.com,1955-11-17
Patrick,Fisher,US,patrick.fisher@hotmail.com,1995-12-13
Robert,Rodriguez,CA,ib39X5robert.rodriguez@hotmail.com,2005-03-24
Melissa,Simmons,GB,melissa.simmons@yahoo.com,1985-02-22
Kimberly,Cantu,US,kimberly.cantu@hotmail.com,1994-05-19
Matthew,Schroeder,US,matthew.schroeder@hotmail.com,1965-11-11
Wendy,Lowe,DE,wendy.lowe@yahoo.com,1950-10-09
Jonathan,Scott,CA,jonathan.scott@hotmail.com,1978-10-08
Stacey,Brown,GB,stacey.brown@yahoo.com,1981-12-19
Mary,Blackburn,US,mary.blackburn@yahoo.com,2008-02-09
Anna,Hooper,NL,anna.hooper@yahoo.com,2004-09-04
Kevin,Lewis,DE,kevin.lewis@hotmail.com,1973-10-18
Wendy,Miller,CA,JN7ybNwendy.miller@yahoo.com,1962-11-30
Jonathan,Hammond,US,jonathan.hammond@gmail.com,1974-12-13
Alan,Oliver,GB,alan.oliver@hotmail.com,1963-10-22
Karen,Hooper,NL,karen.hooper@yahoo.com,1983-10-24
James,Gray,US,james.gray@hotmail.com,1994-07-24
Tiffany,Meza,US,tiffany.meza@yahoo.com,1976-09-26
Kimberly,Walker,US,6rsPnQkimberly.walker@yahoo.com,2004-10-13
Warren,Smith,CA,warren.smith@yahoo.com,2000-09-13
Marcus,Skinner,US,marcus.skinner@hotmail.com,1987-09-22
Mackenzie,Sparks,CA,mackenzie.sparks@gmail.com,2003-04-02
Erin,Moon,US,erin.moon@hotmail.com,1963-06-15
David,Cruz,CA,david.cruz@yahoo.com,1983-04-29
Christine,Krause,GB,christine.krause@gmail.com,1987-02-09
Thomas,Gilmore,CA,thomas.gilmore@yahoo.com,1954-09-02
Sheila,Moreno,SE,sheila.moreno@gmail.com,1959-12-10
Craig,Jones,US,craig.jones@yahoo.com,1960-05-30
Lawrence,Harris,CA,lawrence.harris@gmail.com,1997-04-17
Frank,Lambert,US,frank.lambert@gmail.com,1983-03-19
David,Alexander,US,david.alexander@gmail.com,1973-08-14
Donna,Maldonado,US,donna.maldonado@yahoo.com,1951-02-20
Eric,Barr,GB,eric.barr@hotmail.com,1976-02-24
Andre,Quinn,US,andre.quinn@yahoo.com,1979-12-10
Erik,David,CA,erik.david@yahoo.com,1971-07-08
Joshua,Chavez,US,joshua.chavez@hotmail.com,1997-12-31
William,Barry,US,william.barry@hotmail.com,2002-03-07
Matthew,Santiago,AU,matthew.santiago@hotmail.com,1996-09-24
Gabrielle,Frye,AU,gabrielle.frye@gmail.com,1952-04-29
Robert,Stewart,AU,robert.stewart@hotmail.com,1974-11-12
Erika,King,US,erika.king@gmail.com,2002-01-24
Robert,Romero,US,robert.romero@gmail.com,1986-07-23
Andrea,Kim,CA,andrea.kim@gmail.com,1981-01-09
Jacob,Vasquez,CA,jacob.vasquez@gmail.com,1960-08-30
Randy,Hutchinson,AU,randy.hutchinson@gmail.com,1958-07-09
Timothy,Blake,AU,timothy.blake@hotmail.com,1988-09-24
Micheal,Pratt,GB,micheal.pratt@yahoo.com,1985-06-14
Vicki,Porter,US,vicki.porter@yahoo.com,1973-08-12
Raymond,Martin,US,raymond.martin@yahoo.com,1972-11-09
Michael,Torres,US,3qjdQsmichael.torres@hotmail.com,1957-01-20
Joseph,Hoover,FR,joseph.hoover@yahoo.com,1966-02-24
Troy,Torres,CA,troy.torres@gmail.com,1966-02-06
Olivia,Evans,US,olivia.evans@hotmail.com,1966-02-05
Nicole,Washington,US,nicole.washington@gmail.com,2002-11-08
Roger,Salinas,US,roger.salinas@gmail.com,1999-05-22
Timothy,Mcguire,US,timothy.mcguire@yahoo.com,1999-02-06
Janice,Olsen,GB,janice.olsen@hotmail.com,1977-10-25
Jay,James,FR,jay.james@yahoo.com,1977-01-31
Ashley,Cummings,US,ashley.cummings@yahoo.com,1978-11-02
John,Butler,NL,john.butler@yahoo.com,1961-07-02
Dana,Manning,US,dana.manning@yahoo.com,1981-01-06
Sandra,Lam,US,sandra.lam@yahoo.com,1984-11-21
Paula,Bowen,CA,paula.bowen@hotmail.com,2003-06-21
Ebony,Parks,US,ebony.parks@gmail.com,1956-05-21
Samuel,Martinez,US,samuel.martinez@yahoo.com,1984-06-17
Joshua,James,CA,joshua.james@gmail.com,1966-01-12
Charles,Perry,US,charles.perry@gmail.com,1986-02-03
Sarah,Watts,US,sarah.watts@gmail.com,1975-04-13
John,Garrison,US,john.garrison@gmail.com,1959-12-18
Jeffrey,Robinson,GB,jeffrey.robinson@gmail.com,1954-03-16
Michelle,Freeman,AU,michelle.freeman@yahoo.com,1963-02-25
Kathryn,Rangel,DE,kathryn.rangel@gmail.com,1952-08-17
Travis,Hernandez,CA,travis.hernandez@gmail.com,1969-10-22
Amber,Gonzalez,CA,amber.gonzalez@yahoo.com,1964-12-12
Shawn,Meyers,GB,shawn.meyers@hotmail.com,1978-04-08
Stephanie,Anthony,CA,stephanie.anthony@yahoo.com,1977-04-18
Kelsey,Lynch,GB,kelsey.lynch@yahoo.com,2006-03-03
Brian,Brock,DE,brian.brock@yahoo.com,1975-11-24
Alicia,Schroeder,US,alicia.schroeder@yahoo.com,1982-10-30
Diana,Strong,CA,diana.strong@yahoo.com,1985-07-04
Danielle,Yoder,US,danielle.yoder@hotmail.com,1997-08-08
Christopher,Henry,US,christopher.henry@gmail.com,1994-06-10
Tanya,Gill,CA,tanya.gill@gmail.com,2006-06-05
David,Osborn,NL,david.osborn@yahoo.com,2003-08-11
Tony,Reed,AU,tony.reed@gmail.com,1952-05-29
Luis,Gutierrez,US,luis.gutierrez@gmail.com,2004-07-15
Benjamin,Bradshaw,GB,benjamin.bradshaw@hotmail.com,1993-07-16
Bonnie,Kennedy,US,bonnie.kennedy@hotmail.com,1975-09-11
Jacob,Hill,GB,jacob.hill@hotmail.com,1956-01-18
Samantha,Robinson,CA,samantha.robinson@yahoo.com,2007-03-07
Nicolas,Boyd,CA,nicolas.boyd@hotmail.com,1996-11-30
Dustin,Washington,CA,dustin.washington@yahoo.com,2000-03-21
Kimberly,Ray,CA,kimberly.ray@yahoo.com,1986-06-05
Angie,Mann,US,angie.mann@gmail.com,1992-10-04
Cheyenne,Nolan,DE,cheyenne.nolan@hotmail.com,1983-11-23
Leslie,Rogers,FR,leslie.rogers@yahoo.com,1982-12-02
Raymond,Moore,CA,raymond.moore@yahoo.com,1952-09-29
Paula,Ellis,SE,paula.ellis@yahoo.com,1955-02-25
Scott,Murphy,US,scott.murphy@gmail.com,1991-07-25
Marvin,Watson,US,marvin.watson@hotmail.com,1951-11-02
Andrew,Perry,AU,andrew.perry@yahoo.com,1952-04-05
John,Weaver,AU,john.weaver@yahoo.com,2003-05-05
Keith,Henderson,US,keith.henderson@gmail.com,1974-09-26
Christina,George,US,christina.george@yahoo.com,1991-11-18
Ronald,Carlson,US,ronald.carlson@hotmail.com,2001-10-22
Benjamin,Booker,GB,benjamin.booker@yahoo.com,2001-05-24
Whitney,Smith,US,whitney.smith@gmail.com,1978-04-19
Haley,Romero,GB,haley.romero@gmail.com,1988-08-21
Kristy,Christensen,CA,kristy.christensen@hotmail.com,1988-12-21
Nicholas,Moore,FR,nicholas.moore@gmail.com,1995-09-05
Linda,Williams,CA,linda.williams@yahoo.com,1997-03-31
Jenna,Green,AU,jenna.green@hotmail.com,2002-01-15
Nicholas,Gonzalez,US,nicholas.gonzalez@gmail.com,1967-02-05
Amanda,Washington,US,g6pgNLamanda.washington@hotmail.com,2007-02-21
Nicole,Delgado,DE,nicole.delgado@hotmail.com,1969-11-28
Heather,Barnes,US,heather.barnes@yahoo.com,1973-09-09
Joshua,Morris,GB,joshua.morris@gmail.com,1998-05-06
April,Tanner,CA,april.tanner@yahoo.com,1989-02-04
Denise,Mathis,US,denise.mathis@gmail.com,1974-09-22
Dana,Collier,AU,dana.collier@gmail.com,2006-12-14
Anna,Hutchinson,US,anna.hutchinson@gmail.com,1990-10-02
Dustin,Crosby,FR,dustin.crosby@hotmail.com,2000-09-04
Sheena,Stevenson,CA,sheena.stevenson@gmail.com,1950-12-06
Brett,Kennedy,US,brett.kennedy@gmail.com,2005-04-04
Gregory,Hahn,GB,gregory.hahn@yahoo.com,2004-05-26
Brent,Phillips,CA,brent.phillips@yahoo.com,1990-09-11
Jerry,Hunter,US,jerry.hunter@hotmail.com,1997-02-05
Peter,Anderson,FR,peter.anderson@yahoo.com,2000-04-27
Jennifer,Guzman,CA,jennifer.guzman@hotmail.com,1982-11-06
Leah,York,SE,leah.york@yahoo.com,1980-06-12
Stephanie,Rivera,AU,stephanie.rivera@yahoo.com,1993-05-10
Katherine,Cain,US,katherine.cain@yahoo.com,1994-03-28
Calvin,Lamb,FR,calvin.lamb@yahoo.com,2006-08-02
Michelle,Gibbs,US,michelle.gibbs@gmail.com,1955-06-17
Jessica,Jackson,GB,jessica.jackson@gmail.com,1969-05-02
Erika,Fisher,CA,erika.fisher@yahoo.com,2004-02-05
Vincent,Lynch,US,vincent.lynch@hotmail.com,1972-07-11
Joseph,Levine,DE,joseph.levine@gmail.com,1978-04-26
Jenna,Brown,AU,jenna.brown@hotmail.com,1957-10-09
Elizabeth,Montgomery,US,elizabeth.montgomery@hotmail.com,1996-09-25
Scott,Liu,GB,scott.liu@yahoo.com,1962-02-16
Adrienne,Sherman,AU,adrienne.sherman@yahoo.com,1969-09-29
Megan,Leblanc,AU,megan.leblanc@gmail.com,1968-03-30
Benjamin,Mills,US,benjamin.mills@yahoo.com,1969-06-20
Adrienne,Collins,CA,adrienne.collins@hotmail.com,1974-10-06
Edward,Huynh,US,edward.huynh@gmail.com,2003-09-03
Judy,Mata,GB,judy.mata@yahoo.com,1977-04-28
Sheila,Holloway,CA,sheila.holloway@hotmail.com,1971-02-12
Elizabeth,Barron,US,elizabeth.barron@gmail.com,1971-12-04
Jason,Kelley,US,jason.kelley@yahoo.com,2007-01-23
Sara,Richards,SE,sara.richards@hotmail.com,2005-05-09
Amy,Johnston,US,amy.johnston@gmail.com,2005-12-01
Crystal,Walker,US,crystal.walker@hotmail.com,1961-08-21
Danielle,Payne,US,danielle.payne@hotmail.com,1960-10-31
Beverly,West,US,beverly.west@gmail.com,1996-12-28
Jon,Crosby,GB,jon.crosby@yahoo.com,1971-07-15
Michael,Dennis,US,michael.dennis@hotmail.com,1981-10-12
William,Ruiz,US,william.ruiz@hotmail.com,1969-01-30
Mark,Roberts,US,mark.roberts@yahoo.com,1999-03-27
Jenna,Anderson,AU,jenna.anderson@yahoo.com,1978-11-10
Danielle,Ortiz,DE,danielle.ortiz@gmail.com,1975-05-16
Ronald,Miller,GB,ronald.miller@gmail.com,1985-11-25
Sherry,Forbes,US,sherry.forbes@yahoo.com,1989-07-30
Steven,Villa,NL,steven.villa@yahoo.com,1990-07-15
Scott,Price,GB,scott.price@gmail.com,2008-02-10
Heather,Miller,US,uRx9bvheather.miller@yahoo.com,1953-03-16
Brandon,Stark,DE,brandon.stark@yahoo.com,1970-09-23
Mackenzie,Howard,GB,mackenzie.howard@yahoo.com,1975-11-16
Jillian,Johnson,FR,jillian.johnson@yahoo.com,1973-03-10
Randall,Clark,AU,randall.clark@gmail.com,1964-01-02
John,Clark,US,john.clark@hotmail.com,1967-09-01
Joshua,Wood,AU,joshua.wood@hotmail.com,1972-05-06
Thomas,Hardy,US,thomas.hardy@yahoo.com,1957-09-04
Jennifer,Berry,CA,jennifer.berry@yahoo.com,2007-03-25
Amanda,Hunt,AU,amanda.hunt@yahoo.com,2005-04-21
John,Chung,GB,john.chung@yahoo.com,1965-02-10
Gene,Silva,US,gene.silva@hotmail.com,1968-05-16
Joshua,Gutierrez,US,joshua.gutierrez@gmail.com,1969-11-13
April,Johnson,CA,april.johnson@gmail.com,1953-07-16
Nicole,Perez,US,nicole.perez@gmail.com,1972-01-28
Danielle,Bond,CA,danielle.bond@yahoo.com,1970-01-28
Kimberly,Craig,US,kimberly.craig@gmail.com,1989-05-28
Erik,Smith,US,erik.smith@yahoo.com,1962-12-19
Samuel,Greene,US,samuel.greene@gmail.com,2003-02-03
Caleb,Hale,US,caleb.hale@gmail.com,1999-03-14
Jane,Moore,AU,jane.moore@gmail.com,2000-03-21
Christopher,Rose,US,christopher.rose@hotmail.com,1956-06-05
Sandra,Wilson,AU,sandra.wilson@yahoo.com,2004-08-25
William,Williams,US,william.williams@yahoo.com,1986-12-10
Barbara,Small,AU,barbara.small@hotmail.com,1998-03-18
Shannon,Montgomery,US,shannon.montgomery@yahoo.com,1955-01-06
Shawn,Jones,US,shawn.jones@gmail.com,1967-08-26
John,Weber,FR,john.weber@gmail.com,1996-04-27
Amanda,Green,US,amanda.green@gmail.com,1951-05-19
Courtney,Perry,US,courtney.perry@hotmail.com,1953-11-08
Rebecca,Sutton,NL,rebecca.sutton@gmail.com,1956-05-12
David,Jacobs,AU,david.jacobs@gmail.com,2001-04-27
Joseph,Hood,US,joseph.hood@yahoo.com,1961-11-17
Kim,Taylor,CA,kim.taylor@hotmail.com,1967-08-27
Brianna,Barnes,US,brianna.barnes@yahoo.com,1960-07-30
Lee,Andrews,US,lee.andrews@hotmail.com,1982-10-29
Joseph,Jackson,US,joseph.jackson@gmail.com,1979-08-06
Erica,Wong,US,erica.wong@hotmail.com,1969-12-01
Seth,Barnes,CA,seth.barnes@hotmail.com,1988-01-05
Christopher,Shepherd,US,christopher.shepherd@gmail.com,1996-06-14
Jeffrey,Smith,FR,jeffrey.smith@gmail.com,1956-01-27
Jonathan,Reeves,DE,jonathan.reeves@hotmail.com,1978-12-26
Dawn,Bender,US,dawn.bender@yahoo.com,1993-07-28
Kathy,Vazquez,NL,kathy.vazquez@yahoo.com,1957-04-29
Donna,Robbins,AU,donna.robbins@yahoo.com,1980-07-31
Helen,Small,US,helen.small@yahoo.com,2002-05-12
Jessica,Bennett,US,jessica.bennett@hotmail.com,1956-07-12
Kristin,Pearson,CA,kristin.pearson@gmail.com,1987-09-09
Deborah,Farrell,AU,deborah.farrell@hotmail.com,1993-07-21
Joshua,Johnson,AU,fFyLVijoshua.johnson@yahoo.com,1974-03-04
Tracy,Stephens,CA,tracy.stephens@hotmail.com,2000-09-05
Melinda,Banks,DE,melinda.banks@hotmail.com,1984-09-03
Charles,Reynolds,US,charles.reynolds@hotmail.com,2005-06-07
Christopher,Sparks,US,christopher.sparks@yahoo.com,1977-05-12
Curtis,Skinner,US,curtis.skinner@yahoo.com,1992-02-23
Jim,Vasquez,AU,jim.vasquez@gmail.com,1989-03-06
Jenna,Perry,US,jenna.perry@yahoo.com,1985-08-22
Jenny,Evans,US,jenny.evans@hotmail.com,1999-04-23
Brett,Parker,US,brett.parker@hotmail.com,2007-01-24
Regina,Coleman,GB,regina.coleman@hotmail.com,1994-12-02
Cody,Cervantes,US,cody.cervantes@yahoo.com,1966-10-26
Patricia,Walton,US,patricia.walton@gmail.com,1967-02-07
Gabriela,Sanchez,US,gabriela.sanchez@yahoo.com,1957-03-14
William,Kelly,AU,william.kelly@gmail.com,1954-12-31
Jennifer,Lee,AU,jennifer.lee@yahoo.com,1977-05-06
John,Hicks,GB,john.hicks@gmail.com,2000-08-02
Rachel,Savage,US,rachel.savage@hotmail.com,2007-10-02
Audrey,Pearson,US,audrey.pearson@yahoo.com,1996-02-06
Mark,Boyer,US,mark.boyer@yahoo.com,1982-01-15
Erin,Green,US,erin.green@yahoo.com,1964-04-22
Cindy,Rocha,SE,cindy.rocha@yahoo.com,1966-10-11
Erika,Payne,US,erika.payne@gmail.com,2006-03-10
Bradley,Roberts,NL,bradley.roberts@yahoo.com,2003-11-25
Ashley,Duncan,DE,ashley.duncan@yahoo.com,1971-01-07
Andrea,Guerrero,US,andrea.guerrero@yahoo.com,2007-11-14
Patricia,Rivera,US,patricia.rivera@gmail.com,2002-03-28
Joshua,Hoover,CA,joshua.hoover@hotmail.com,1966-01-11
Michelle,Mendoza,CA,michelle.mendoza@hotmail.com,1988-02-16
Danny,Holt,US,danny.holt@hotmail.com,1959-06-12
Brandon,Hoover,GB,brandon.hoover@yahoo.com,1955-05-19
Derek,Johnson,US,derek.johnson@gmail.com,1958-10-09
Patricia,White,GB,patricia.white@gmail.com,1969-11-02
Isaac,Diaz,CA,isaac.diaz@gmail.com,1982-08-01
Monica,Hayes,NL,monica.hayes@gmail.com,1956-01-15
Kyle,Davis,US,kyle.davis@yahoo.com,1975-09-26
Bruce,Young,FR,bruce.young@yahoo.com,1973-02-12
Zachary,Wolfe,US,zachary.wolfe@gmail.com,1983-04-13
Laura,Allen,US,laura.allen@yahoo.com,1960-03-10
Dawn,Warren,US,dawn.warren@yahoo.com,2006-09-02
Stephen,Alexander,GB,stephen.alexander@hotmail.com,2001-02-14
Janice,Jimenez,FR,janice.jimenez@gmail.com,1975-10-08
Nicholas,Church,US,nicholas.church@gmail.com,1963-06-28
Jason,Stewart,AU,wcU69Pjason.stewart@hotmail.com,1963-09-15
Jennifer,Garcia,GB,c9iF0Zjennifer.garcia@yahoo.com,2003-12-12
Rachel,Miller,CA,rachel.miller@hotmail.com,1964-03-21
Jessica,Brown,GB,jessica.brown@yahoo.com,1996-05-30
Courtney,Wright,GB,ru7bQKcourtney.wright@hotmail.com,1987-04-01
Jason,Gonzales,US,jason.gonzales@hotmail.com,1997-01-30
William,Gomez,US,william.gomez@gmail.com,1958-11-13
Alexandra,Myers,SE,alexandra.myers@gmail.com,1979-05-11
Bradley,Bishop,US,bradley.bishop@hotmail.com,1994-11-01
Pamela,Brown,US,pamela.brown@yahoo.com,1995-07-22
Evan,Harrison,GB,evan.harrison@yahoo.com,1968-11-17
Christopher,West,US,christopher.west@gmail.com,1991-07-07
Angela,Foster,AU,angela.foster@hotmail.com,1985-06-17
Rachel,Burns,US,rachel.burns@gmail.com,1973-12-14
Lisa,Duncan,CA,lisa.duncan@gmail.com,1992-03-11
Shannon,Rodgers,CA,shannon.rodgers@yahoo.com,1953-02-20
Joel,Graham,SE,joel.graham@yahoo.com,1999-12-25
James,Morales,FR,james.morales@hotmail.com,1968-02-13
Maxwell,Greer,GB,maxwell.greer@hotmail.com,2007-11-25
Jeffrey,White,AU,jeffrey.white@gmail.com,1966-12-08
Charles,Scott,CA,charles.scott@gmail.com,1967-02-23
Jessica,Williams,US,jessica.williams@yahoo.com,1970-01-28
Kenneth,Cain,US,kenneth.cain@hotmail.com,2001-04-29
Debbie,Vaughn,US,debbie.vaughn@gmail.com,1969-05-16
Luis,Jones,US,luis.jones@gmail.com,1973-11-09
David,Hoover,US,david.hoover@hotmail.com,2005-06-20
Tammy,Smith,AU,tammy.smith@gmail.com,2006-12-20
Andrew,Austin,US,andrew.austin@hotmail.com,1986-08-11
Meagan,Zavala,US,meagan.zavala@hotmail.com,1955-05-12
Christina,Johnson,US,christina.johnson@gmail.com,1998-08-08
Jade,Cox,CA,jade.cox@yahoo.com,1957-05-05
Alexander,Carpenter,US,alexander.carpenter@hotmail.com,1993-09-27
Sarah,Harris,US,sarah.harris@gmail.com,1955-07-21
Cody,Lee,US,cody.lee@hotmail.com,1975-11-27
Diane,Watson,US,diane.watson@hotmail.com,1951-07-01
Amanda,Hoffman,CA,amanda.hoffman@yahoo.com,1979-03-11
Jeffrey,Warren,US,jeffrey.warren@gmail.com,1992-08-07
Scott,Kerr,US,scott.kerr@gmail.com,1972-10-09
Thomas,Williams,US,0OuthOthomas.williams@hotmail.com,1956-10-28
Stephanie,Archer,US,stephanie.archer@gmail.com,2004-03-23
Elizabeth,Burton,DE,elizabeth.burton@hotmail.com,1985-04-08
Christine,Roman,GB,christine.roman@yahoo.com,1976-02-12
Jamie,Wyatt,US,jamie.wyatt@gmail.com,1956-11-06
Diana,Shaffer,US,diana.shaffer@gmail.com,1967-11-11
Gary,Gomez,CA,gary.gomez@hotmail.com,1994-08-28
Kimberly,Charles,AU,kimberly.charles@hotmail.com,1984-09-15
David,Mitchell,AU,david.mitchell@yahoo.com,1988-04-14
Daniel,May,US,6uuP22daniel.may@yahoo.com,1992-09-06
Kyle,Miller,US,kyle.miller@hotmail.com,1978-04-22
Robert,Stewart,NL,robert.stewart@gmail.com,1951-02-15
Samantha,Thompson,GB,samantha.thompson@hotmail.com,1976-07-07
Christina,Diaz,US,christina.diaz@hotmail.com,1957-11-10
Caitlin,Fernandez,DE,caitlin.fernandez@gmail.com,1982-05-23
Karen,Ferrell,US,karen.ferrell@gmail.com,2000-03-24
Megan,Perez,US,megan.perez@yahoo.com,1992-10-10
Tommy,Bates,US,tommy.bates@gmail.com,1998-03-03
Amy,Murray,US,amy.murray@yahoo.com,2002-11-21
Samantha,Rose,US,samantha.rose@yahoo.com,1985-11-05
Kimberly,Hughes,GB,kimberly.hughes@yahoo.com,1980-07-13
Victoria,Rodriguez,GB,victoria.rodriguez@yahoo.com,1971-12-26
James,Berger,US,james.berger@gmail.com,1969-09-22
Christine,Johnson,US,christine.johnson@yahoo.com,1994-04-26
Kathleen,Bennett,US,kathleen.bennett@yahoo.com,1966-11-13
Peggy,Moore,CA,peggy.moore@yahoo.com,1979-04-20
Wendy,Petty,US,wendy.petty@yahoo.com,1970-08-15
Andrea,Ellis,GB,andrea.ellis@yahoo.com,1995-06-05
Robert,Porter,DE,robert.porter@gmail.com,1985-08-29
Kathryn,Perry,AU,kathryn.perry@gmail.com,2006-12-28
Evelyn,Livingston,US,evelyn.livingston@gmail.com,2007-09-19
David,Koch,NL,david.koch@yahoo.com,1997-01-26
Scott,Cox,US,scott.cox@yahoo.com,1993-10-07
Christina,Benton,FR,christina.benton@gmail.com,1985-10-03
Shelby,Graham,US,shelby.graham@gmail.com,1972-11-06
Christina,Odom,US,christina.odom@gmail.com,1966-04-27
Kyle,Johnson,FR,kyle.johnson@hotmail.com,1963-06-01
Briana,Hines,CA,briana.hines@hotmail.com,1964-01-03
Angela,White,US,angela.white@gmail.com,1992-01-09
Travis,Guerra,CA,travis.guerra@yahoo.com,2002-04-09
Paul,Munoz,US,paul.munoz@hotmail.com,1978-12-07
Edward,Richardson,NL,edward.richardson@gmail.com,2000-09-16
Brenda,Patton,FR,brenda.patton@hotmail.com,2006-03-03
Matthew,Dunlap,DE,matthew.dunlap@gmail.com,1952-09-07
Daniel,Martinez,DE,daniel.martinez@yahoo.com,1974-12-24
Stephen,Holden,US,stephen.holden@gmail.com,1974-01-04
Mark,Johnson,US,mark.johnson@gmail.com,1981-09-08
Christopher,Caldwell,CA,christopher.caldwell@gmail.com,1975-03-13
Linda,Harris,US,linda.harris@yahoo.com,1978-10-06
Adam,Garrison,GB,adam.garrison@yahoo.com,1960-09-09
Natalie,Miller,SE,natalie.miller@hotmail.com,1999-09-07
Jonathan,Matthews,NL,jonathan.matthews@gmail.com,1959-04-08
Brian,Thompson,US,brian.thompson@yahoo.com,1954-06-01
John,Hernandez,GB,2dsH9hjohn.hernandez@gmail.com,1976-07-03
Tiffany,Evans,US,tiffany.evans@yahoo.com,2008-01-21
Jessica,Adkins,FR,jessica.adkins@hotmail.com,1976-06-23
Stephen,Meyers,NL,stephen.meyers@gmail.com,1970-05-19
Krista,Smith,US,krista.smith@yahoo.com,1956-05-17
Barbara,Riley,DE,barbara.riley@gmail.com,2007-09-07
Thomas,White,US,sHr7XHthomas.white@yahoo.com,1983-07-08
Christopher,Anderson,US,TI467Schristopher.anderson@hotmail.com,1962-01-10
Michael,Mayer,US,michael.mayer@hotmail.com,1969-07-23
Jason,Levine,US,jason.levine@hotmail.com,1982-01-11
Karen,Brown,CA,t6X0ICkaren.brown@hotmail.com,2007-05-02
Caroline,Mcdaniel,DE,caroline.mcdaniel@yahoo.com,1984-10-21
Dawn,Marquez,US,dawn.marquez@yahoo.com,1974-04-26
Lisa,Hoffman,US,lisa.hoffman@yahoo.com,1952-10-09
Eric,Clark,US,IMMCGzeric.clark@hotmail.com,2007-12-21
David,Bernard,CA,david.bernard@hotmail.com,1985-08-23
Jessica,Gardner,GB,jessica.gardner@hotmail.com,1969-05-15
Jimmy,Wilson,CA,jimmy.wilson@hotmail.com,1956-04-15
Eric,Dickson,US,eric.dickson@yahoo.com,1954-01-10
Laura,Henderson,US,laura.henderson@hotmail.com,1973-03-06
Kevin,Pena,FR,kevin.pena@yahoo.com,1987-06-04
Tara,Guzman,NL,tara.guzman@gmail.com,1992-04-27
Amy,Jennings,US,amy.jennings@yahoo.com,1961-08-12
Sharon,Dunn,US,sharon.dunn@gmail.com,1957-05-18
Julia,Ashley,NL,julia.ashley@hotmail.com,1984-08-30
Derrick,Robertson,US,derrick.robertson@hotmail.com,1995-08-29
Katherine,Miller,AU,katherine.miller@hotmail.com,2006-06-25
Connie,Gaines,US,connie.gaines@hotmail.com,1959-07-01
Tommy,Mcdonald,US,tommy.mcdonald@yahoo.com,1953-12-06
Larry,Gallagher,US,larry.gallagher@hotmail.com,1966-08-10
Michael,Dean,US,michael.dean@hotmail.com,1952-06-01
Anthony,Baker,SE,anthony.baker@gmail.com,1972-06-15
Vanessa,Drake,US,vanessa.drake@yahoo.com,1968-10-27
Wendy,Perez,US,wendy.perez@gmail.com,1993-11-09
Willie,Ramirez,AU,willie.ramirez@gmail.com,1954-10-16
Jeff,Chase,AU,jeff.chase@yahoo.com,1991-08-28
Leon,Johnson,US,leon.johnson@gmail.com,2005-09-12
Jennifer,Martin,US,jennifer.martin@gmail.com,1959-12-03
Anna,Perez,US,anna.perez@yahoo.com,1991-07-29
Melissa,Sanchez,NL,hwqooXmelissa.sanchez@hotmail.com,1991-04-19
Destiny,Vaughn,US,destiny.vaughn@hotmail.com,1985-03-19
Rita,Guzman,AU,rita.guzman@hotmail.com,2004-09-17
Dominique,Reed,US,dominique.reed@yahoo.com,1973-03-16
Emily,Miller,CA,emily.miller@yahoo.com,2002-07-20
Melanie,Mccoy,SE,melanie.mccoy@hotmail.com,1991-11-12
Justin,Burns,FR,justin.burns@gmail.com,1952-09-29
Raymond,Garcia,CA,raymond.garcia@yahoo.com,1962-06-03
Ryan,Pearson,CA,ryan.pearson@gmail.com,2000-08-03
Perry,Zuniga,CA,perry.zuniga@gmail.com,1996-01-19
Mary,Williams,DE,bIBQ7cmary.williams@yahoo.com,2007-07-26
Michael,Thomas,US,michael.thomas@hotmail.com,2002-09-10
Angela,Guzman,US,angela.guzman@gmail.com,1996-01-19
Lauren,Allen,DE,lauren.allen@gmail.com,2000-01-02
Kathryn,Moreno,GB,kathryn.moreno@gmail.com,1987-01-29
Nathaniel,Perry,US,nathaniel.perry@yahoo.com,1967-08-09
Dennis,Miller,US,dennis.miller@gmail.com,1960-07-13
James,Clark,US,james.clark@hotmail.com,1974-01-01
Katrina,Scott,US,katrina.scott@hotmail.com,1959-01-29
Sandra,Woods,US,sandra.woods@yahoo.com,1979-06-06
Donna,Christian,US,donna.christian@yahoo.com,1966-07-26
Carol,Gonzalez,NL,carol.gonzalez@gmail.com,1975-02-01
Christopher,Armstrong,US,christopher.armstrong@gmail.com,1976-06-23
Stacy,Porter,US,stacy.porter@gmail.com,2007-06-27
Beth,Miller,CA,beth.miller@yahoo.com,1981-02-05
Shelly,Anderson,DE,shelly.anderson@gmail.com,1978-06-23
Anthony,Alexander,US,anthony.alexander@yahoo.com,1957-09-01
Michael,Huynh,US,michael.huynh@yahoo.com,1953-08-22
Scott,Sweeney,GB,scott.sweeney@hotmail.com,1973-07-24
Amy,Weeks,US,amy.weeks@hotmail.com,1992-01-03
Joseph,Williams,CA,joseph.williams@hotmail.com,1989-08-04
Daniel,Mayo,NL,daniel.mayo@yahoo.com,1977-05-12
Brenda,Hill,CA,brenda.hill@gmail.com,1993-03-03
Emily,Mendoza,CA,emily.mendoza@yahoo.com,1956-02-05
Margaret,Robles,GB,margaret.robles@gmail.com,1957-09-07
Kevin,Martin,CA,kevin.martin@gmail.com,1981-12-28
Rachel,Lopez,US,rachel.lopez@yahoo.com,1975-05-07
Charles,Martin,DE,charles.martin@yahoo.com,1999-11-25
Dennis,Jones,GB,dennis.jones@yahoo.com,1977-06-08
Angela,Lee,US,angela.lee@hotmail.com,1978-09-15
Thomas,Williams,US,aIKfxfthomas.williams@hotmail.com,1983-04-30
William,Dorsey,CA,william.dorsey@gmail.com,1988-04-16
Renee,Murray,US,renee.murray@hotmail.com,2001-03-22
Carlos,Bautista,US,carlos.bautista@hotmail.com,1964-12-08
John,Cantrell,AU,john.cantrell@gmail.com,1971-10-12
David,Stevenson,US,david.stevenson@yahoo.com,1970-03-26
Brooke,Hanson,CA,brooke.hanson@hotmail.com,1953-08-04
Tammy,Lee,CA,tammy.lee@yahoo.com,1983-12-03
Brandon,Li,CA,brandon.li@hotmail.com,1973-06-18
Michael,Vega,US,michael.vega@gmail.com,1973-06-24
Kim,Hogan,US,kim.hogan@yahoo.com,1977-09-22
Deanna,Best,US,deanna.best@gmail.com,1980-07-02
Sean,Griffin,US,sean.griffin@hotmail.com,1980-09-17
Andrea,Hebert,CA,andrea.hebert@gmail.com,2001-05-24
Brandi,Moore,AU,brandi.moore@gmail.com,1978-03-26
Thomas,Lee,US,thomas.lee@hotmail.com,2007-07-11
Sharon,Hicks,US,sharon.hicks@gmail.com,1997-04-16
Richard,Neal,AU,richard.neal@yahoo.com,2001-10-05
Timothy,Frank,US,timothy.frank@gmail.com,1971-08-06
Jessica,Allen,US,jessica.allen@hotmail.com,1970-05-15
Erica,Young,NL,erica.young@yahoo.com,1995-09-01
Chad,Brown,SE,chad.brown@gmail.com,1983-06-19
Samantha,Bartlett,US,samantha.bartlett@gmail.com,1987-07-13
Amber,Wright,US,amber.wright@hotmail.com,1973-11-07
Alexander,Hunter,SE,alexander.hunter@yahoo.com,1988-11-08
Wayne,Murphy,US,wayne.murphy@hotmail.com,1972-09-13
Crystal,Tran,US,crystal.tran@gmail.com,1976-12-04
Lindsey,Patterson,US,lindsey.patterson@hotmail.com,1995-10-09
Darren,Boyd,CA,darren.boyd@yahoo.com,1970-10-31
Stacy,Parker,CA,stacy.parker@gmail.com,1997-05-03
William,Miller,DE,william.miller@hotmail.com,2002-04-24
Jill,Harris,US,jill.harris@yahoo.com,1972-10-23
Travis,Williams,US,travis.williams@gmail.com,1982-07-25
Rick,Ryan,US,rick.ryan@hotmail.com,1996-09-29
Anthony,Wu,US,anthony.wu@yahoo.com,1995-02-02
Melissa,Stevenson,US,melissa.stevenson@gmail.com,1955-05-21
Kimberly,Oliver,US,kimberly.oliver@hotmail.com,1975-11-03
Anita,Hardy,US,anita.hardy@yahoo.com,1990-02-10
Brian,Conner,DE,brian.conner@gmail.com,2005-05-16
Patricia,Sanchez,CA,patricia.sanchez@hotmail.com,1984-12-02
Tricia,Jackson,DE,tricia.jackson@yahoo.com,1990-04-30
Chris,Payne,FR,chris.payne@yahoo.com,1975-11-06
Timothy,Davis,US,timothy.davis@gmail.com,1953-08-03
Jennifer,Velazquez,AU,jennifer.velazquez@hotmail.com,2003-04-10
Debbie,Lewis,CA,debbie.lewis@gmail.com,1999-06-10
Jennifer,West,FR,jennifer.west@gmail.com,1954-08-14
Angela,Morris,GB,angela.morris@hotmail.com,2005-07-27
Terrance,Johnson,US,terrance.johnson@yahoo.com,1961-10-30
James,Brown,US,james.brown@yahoo.com,2007-06-14
Michael,Nelson,GB,michael.nelson@hotmail.com,1954-12-06
Jeremy,Nguyen,US,jeremy.nguyen@hotmail.com,1998-06-24
Lisa,Cohen,DE,lisa.cohen@hotmail.com,1952-02-24
James,Barry,DE,james.barry@hotmail.com,2006-06-10
Wesley,Knox,US,wesley.knox@yahoo.com,1987-03-22
Riley,Allison,US,riley.allison@gmail.com,1953-01-25
Michelle,Rodgers,DE,michelle.rodgers@yahoo.com,1993-03-07
William,Clark,US,william.clark@gmail.com,1982-10-15
Timothy,Boyd,US,timothy.boyd@yahoo.com,1980-01-29
Chris,Rogers,US,chris.rogers@gmail.com,1954-04-11
Tonya,Olson,US,tonya.olson@yahoo.com,1961-12-26
Kevin,Chapman,GB,zoADYIkevin.chapman@yahoo.com,1998-10-03
Tim,Nicholson,US,tim.nicholson@gmail.com,1999-06-22
John,Johnson,US,HKfhDkjohn.johnson@hotmail.com,1994-04-14
Alexandria,Vargas,CA,alexandria.vargas@hotmail.com,1954-02-28
Tiffany,Mcdowell,FR,tiffany.mcdowell@yahoo.com,1991-04-11
Sheila,Martinez,DE,sheila.martinez@hotmail.com,1957-10-27
Douglas,Powell,SE,douglas.powell@yahoo.com,2007-05-10
Christopher,Bishop,US,christopher.bishop@gmail.com,1997-09-08
Shane,Montgomery,CA,shane.montgomery@yahoo.com,1986-02-21
Jennifer,Church,CA,jennifer.church@yahoo.com,1954-02-02
Karen,Reynolds,GB,karen.reynolds@hotmail.com,1982-10-21
Rebecca,Cervantes,US,rebecca.cervantes@hotmail.com,1993-07-06
Julie,Odonnell,US,julie.odonnell@gmail.com,1967-09-24
Robert,Franklin,US,robert.franklin@yahoo.com,1956-02-18
Brandon,Wilson,CA,brandon.wilson@yahoo.com,1960-07-03
Julia,Mccarthy,GB,julia.mccarthy@hotmail.com,1970-08-05
Mark,Miller,US,mark.miller@yahoo.com,1990-01-27
Seth,Johnston,US,seth.johnston@gmail.com,1995-10-28
Dustin,Houston,US,dustin.houston@yahoo.com,1966-03-17
Samantha,Guzman,US,samantha.guzman@hotmail.com,1987-11-17
Christian,Villarreal,US,christian.villarreal@gmail.com,1981-07-27
Donald,Bell,US,donald.bell@gmail.com,1973-07-16
Jennifer,Chaney,AU,jennifer.chaney@gmail.com,1953-07-11
David,Herrera,CA,david.herrera@hotmail.com,1981-11-27
Laura,Solis,US,laura.solis@yahoo.com,1952-01-18
Shelby,Morgan,CA,shelby.morgan@hotmail.com,1998-11-29
Michael,Gilbert,AU,michael.gilbert@hotmail.com,1998-07-08
Sarah,Larsen,CA,sarah.larsen@yahoo.com,1960-09-10
Christopher,Day,US,christopher.day@gmail.com,1989-06-06
Desiree,Lamb,FR,desiree.lamb@yahoo.com,1967-03-22
Michael,Love,CA,michael.love@hotmail.com,1990-06-22
Diane,Jenkins,FR,diane.jenkins@hotmail.com,2004-10-03
Ronald,Macias,AU,ronald.macias@hotmail.com,2004-10-31
Kristina,Rodriguez,NL,kristina.rodriguez@hotmail.com,2006-12-07
Brian,Jones,US,brian.jones@gmail.com,2006-09-30
Brett,Galvan,US,brett.galvan@gmail.com,1977-01-28
Courtney,Sweeney,GB,courtney.sweeney@gmail.com,1950-12-27
Jessica,Carr,CA,jessica.carr@gmail.com,1958-01-20
Amy,Brown,US,amy.brown@yahoo.com,1987-04-24
Michelle,Wallace,GB,michelle.wallace@hotmail.com,1979-10-22
Erica,Shelton,US,erica.shelton@hotmail.com,1987-12-07
Amy,Stokes,GB,amy.stokes@yahoo.com,1998-10-11
Elizabeth,Hernandez,DE,elizabeth.hernandez@hotmail.com,1973-12-30
Jorge,Kelly,US,jorge.kelly@hotmail.com,1970-07-15
Beth,Franklin,CA,beth.franklin@gmail.com,1955-02-25
John,Mitchell,NL,john.mitchell@hotmail.com,1986-04-15
Randy,Roman,US,randy.roman@hotmail.com,1969-07-06
Brian,Wright,US,brian.wright@yahoo.com,1956-02-28
Jason,Owens,US,jason.owens@yahoo.com,2007-06-25
Leslie,Gonzalez,US,leslie.gonzalez@yahoo.com,1967-07-04
Jill,Campbell,CA,jill.campbell@yahoo.com,2002-09-21
Steven,Scott,GB,steven.scott@yahoo.com,2005-08-15
Rebecca,Miller,US,rebecca.miller@yahoo.com,1975-10-06
Matthew,Houston,NL,matthew.houston@hotmail.com,1978-01-28
Clifford,Davis,DE,clifford.davis@gmail.com,1962-05-09
John,Ayala,US,john.ayala@hotmail.com,1965-07-13
Dale,Perkins,US,dale.perkins@yahoo.com,2004-06-13
Amy,Ross,US,amy.ross@yahoo.com,2004-05-16
Eric,Greene,US,eric.greene@gmail.com,1954-03-12
Amy,Cain,US,amy.cain@yahoo.com,1974-11-28
Maria,Romero,GB,maria.romero@hotmail.com,1981-05-17
Karina,Giles,US,karina.giles@gmail.com,1953-06-03
Sarah,Porter,US,sarah.porter@yahoo.com,1989-09-04
Alexandria,Mcknight,US,alexandria.mcknight@yahoo.com,1956-07-14
Robert,Hamilton,US,robert.hamilton@hotmail.com,1956-11-03
Timothy,Cook,US,timothy.cook@yahoo.com,1959-07-29
Kevin,Ellis,GB,kevin.ellis@gmail.com,1968-05-17
James,Ellis,CA,9XtBp4james.ellis@yahoo.com,1982-05-29
Kathy,Juarez,US,kathy.juarez@yahoo.com,1986-01-17
Brandon,Kent,GB,brandon.kent@gmail.com,1964-03-06
Amber,Welch,NL,amber.welch@gmail.com,1961-01-19
Brian,Richardson,CA,brian.richardson@hotmail.com,1963-06-13
Brandon,Petersen,AU,brandon.petersen@gmail.com,1999-02-03
Brenda,Osborne,US,brenda.osborne@yahoo.com,1975-05-16
Emily,James,US,emily.james@yahoo.com,1992-02-06
Courtney,Williams,CA,courtney.williams@gmail.com,1989-06-07
Amanda,Armstrong,US,amanda.armstrong@yahoo.com,1977-01-21
Daniel,Coleman,SE,daniel.coleman@gmail.com,1952-09-22
Joseph,Gomez,NL,joseph.gomez@yahoo.com,1954-04-18
Derrick,Howell,CA,derrick.howell@yahoo.com,1984-05-14
Michael,Evans,AU,michael.evans@hotmail.com,1957-02-26
Christopher,Garcia,CA,christopher.garcia@hotmail.com,1955-04-13
Brian,Smith,US,brian.smith@hotmail.com,2001-11-17
Francisco,Thompson,US,francisco.thompson@yahoo.com,1983-05-24
Daniel,Perkins,CA,daniel.perkins@gmail.com,1996-06-17
Paul,Mosley,CA,paul.mosley@hotmail.com,1975-06-25
Raymond,Richards,US,raymond.richards@yahoo.com,1978-05-20
Alison,Sanders,US,alison.sanders@yahoo.com,2008-03-15
Joseph,Evans,US,joseph.evans@hotmail.com,1956-09-23
Kenneth,Salazar,GB,kenneth.salazar@hotmail.com,1972-05-25
Rebecca,Brown,DE,rebecca.brown@yahoo.com,1967-08-06
Dawn,Atkinson,US,dawn.atkinson@hotmail.com,1980-07-20
Rodney,Merritt,GB,rodney.merritt@gmail.com,2008-01-15
Michele,Black,CA,michele.black@hotmail.com,2007-05-11
Sara,Anderson,AU,sara.anderson@hotmail.com,1954-01-28
Brian,Brown,US,brian.brown@hotmail.com,1960-07-28
Ricky,Oliver,US,ricky.oliver@yahoo.com,2000-03-02
Donald,Campbell,US,donald.campbell@gmail.com,1955-01-24
Melissa,Sanchez,AU,h5KQsLmelissa.sanchez@hotmail.com,1975-01-17
Elizabeth,Williams,AU,elizabeth.williams@hotmail.com,1982-11-11
Bryce,Casey,CA,bryce.casey@yahoo.com,1952-04-18
Yvonne,Richard,US,yvonne.richard@hotmail.com,1951-05-13
Charles,Dillon,NL,charles.dillon@hotmail.com,2005-08-31
Louis,Carlson,CA,louis.carlson@hotmail.com,1989-07-08
Tyler,Phillips,US,tyler.phillips@yahoo.com,1974-03-29
James,Smith,US,BYpgj0james.smith@gmail.com,1966-10-16
John,Weber,US,john.weber@hotmail.com,1990-12-27
Christine,Shaw,AU,christine.shaw@yahoo.com,1963-05-18
Jason,Sawyer,CA,jason.sawyer@yahoo.com,1987-10-14
Rebecca,Perez,GB,rebecca.perez@hotmail.com,1950-09-16
Megan,Smith,DE,j3iKChmegan.smith@hotmail.com,1986-05-02
Jonathan,Hudson,SE,jonathan.hudson@hotmail.com,1954-05-01
Luke,Allen,CA,luke.allen@hotmail.com,2002-11-04
Carrie,Morton,US,carrie.morton@hotmail.com,1972-08-05
Beth,Prince,NL,beth.prince@yahoo.com,1999-11-24
Tricia,Tucker,US,tricia.tucker@hotmail.com,1977-04-11
Roy,Bennett,US,roy.bennett@yahoo.com,1988-12-04
Erika,Ross,CA,erika.ross@yahoo.com,1957-12-02
Steven,Moore,CA,98NsLvsteven.moore@hotmail.com,1999-11-26
Steven,Livingston,DE,steven.livingston@gmail.com,1956-08-06
Christina,Taylor,US,christina.taylor@yahoo.com,1975-03-29
Joseph,Parker,CA,joseph.parker@hotmail.com,1987-03-19
John,Ray,AU,john.ray@yahoo.com,1988-11-19
Sarah,Beard,NL,sarah.beard@yahoo.com,1993-09-06
David,Malone,US,david.malone@yahoo.com,1950-10-09
William,Bauer,US,william.bauer@yahoo.com,1954-02-18
Kimberly,Steele,US,kimberly.steele@gmail.com,1955-11-18
Daniel,Key,US,daniel.key@yahoo.com,1969-11-29
Mary,Herrera,CA,mary.herrera@hotmail.com,1974-06-19
Mary,Herrera,NL,mary.herrera@gmail.com,2007-10-11
Blake,Hill,GB,blake.hill@gmail.com,1974-03-13
Robert,Lewis,DE,robert.lewis@yahoo.com,1959-05-28
Cynthia,Jones,US,cynthia.jones@hotmail.com,2007-08-26
Jennifer,Williams,US,jennifer.williams@hotmail.com,2001-10-10
Ian,Foster,CA,ian.foster@gmail.com,1952-10-09
Brittany,Gentry,CA,brittany.gentry@gmail.com,1961-04-17
Morgan,Freeman,US,morgan.freeman@yahoo.com,1986-03-11
Lori,Yates,AU,lori.yates@yahoo.com,1999-10-15
Mary,Williams,US,mary.williams@hotmail.com,1958-10-05
Brandon,Johnson,US,brandon.johnson@yahoo.com,2007-08-05
John,Brown,US,john.brown@hotmail.com,1973-03-18
Renee,Blanchard,AU,renee.blanchard@hotmail.com,1966-10-16
Scott,Brown,US,scott.brown@hotmail.com,1977-03-03
William,Howell,GB,william.howell@hotmail.com,1967-10-22
Ryan,Hughes,GB,ryan.hughes@yahoo.com,1995-10-01
Lindsey,Schneider,US,lindsey.schneider@gmail.com,2000-05-16
Allison,Miller,US,DbsI5Jallison.miller@yahoo.com,1969-12-14
Connie,Wallace,AU,connie.wallace@gmail.com,1987-04-13
James,Ball,US,james.ball@hotmail.com,1985-10-30
Thomas,Anderson,US,thomas.anderson@hotmail.com,1969-05-26
David,Benson,CA,david.benson@gmail.com,1974-12-01
Michelle,Sandoval,US,michelle.sandoval@hotmail.com,1993-06-03
Caitlyn,Schmidt,US,caitlyn.schmidt@yahoo.com,1991-09-24
Karen,Kane,DE,karen.kane@yahoo.com,1976-12-06
Karen,Baker,US,karen.baker@hotmail.com,1984-08-25
Anne,Jacobs,GB,anne.jacobs@hotmail.com,1982-11-13
William,Miller,DE,william.miller@yahoo.com,1994-07-19
Darlene,Brooks,US,darlene.brooks@yahoo.com,2008-03-30
Elizabeth,Green,US,elizabeth.green@hotmail.com,1972-05-08
Hannah,Monroe,DE,hannah.monroe@yahoo.com,1957-01-21
Judith,Perez,GB,judith.perez@hotmail.com,2004-12-18
David,Cooley,NL,david.cooley@hotmail.com,1951-08-06
Kristina,Savage,DE,kristina.savage@yahoo.com,2004-08-15
Ashley,David,US,ashley.david@gmail.com,1959-02-26
Tonya,Campbell,US,tonya.campbell@hotmail.com,1987-09-22
Alexandra,Peterson,CA,alexandra.peterson@gmail.com,1985-05-23
Brian,Nelson,FR,brian.nelson@hotmail.com,2004-03-05
Jody,Jenkins,US,jody.jenkins@hotmail.com,1977-05-02
Amy,Allen,FR,amy.allen@hotmail.com,1987-10-09
Beverly,Cordova,NL,beverly.cordova@gmail.com,1950-09-19
Debra,Clark,FR,debra.clark@gmail.com,1996-11-11
Kevin,Fisher,AU,kevin.fisher@hotmail.com,1968-09-30
Mia,Cordova,FR,mia.cordova@gmail.com,2005-05-21
Jeff,Pacheco,NL,jeff.pacheco@gmail.com,1991-03-03
Sharon,Knight,US,sharon.knight@yahoo.com,1989-05-26
Michele,Lewis,US,michele.lewis@hotmail.com,1956-07-27
Victoria,Gibson,GB,victoria.gibson@yahoo.com,2004-10-31
Rick,Garza,US,rick.garza@yahoo.com,2006-06-16
Nicole,Garcia,US,EzMqGinicole.garcia@hotmail.com,1999-01-02
John,Clark,US,john.clark@yahoo.com,1972-05-05
Michelle,Marshall,US,michelle.marshall@hotmail.com,2002-04-01
Elizabeth,Marshall,CA,elizabeth.marshall@yahoo.com,1951-05-02
Joshua,Moore,NL,joshua.moore@hotmail.com,2003-11-23
Jesse,Moss,CA,jesse.moss@hotmail.com,1973-08-15
Julie,Williams,US,julie.williams@yahoo.com,1987-03-20
Christy,Daniels,US,christy.daniels@hotmail.com,1981-01-29
William,Rivera,GB,william.rivera@hotmail.com,1974-07-14
Victoria,Hines,US,victoria.hines@yahoo.com,1986-06-09
Megan,Woods,US,megan.woods@hotmail.com,1983-01-31
James,Escobar,US,james.escobar@gmail.com,1973-03-08
Kelly,Miller,US,tyZO2Dkelly.miller@yahoo.com,2004-07-10
Timothy,Weeks,US,timothy.weeks@yahoo.com,1975-08-25
Margaret,Sullivan,DE,margaret.sullivan@hotmail.com,1979-11-05
Jeremy,Fleming,AU,jeremy.fleming@yahoo.com,1975-03-30
Lori,Hart,US,lori.hart@yahoo.com,1959-10-31
Deborah,Flores,US,deborah.flores@yahoo.com,1981-01-29
Karen,Dennis,FR,karen.dennis@hotmail.com,1985-09-02
Caroline,Baxter,US,caroline.baxter@gmail.com,1959-03-12
Jason,Miller,US,jason.miller@yahoo.com,1966-09-23
Jasmine,Cox,CA,jasmine.cox@yahoo.com,1959-11-14
Jacob,Stokes,AU,jacob.stokes@yahoo.com,1956-07-05
Bradley,Gardner,US,bradley.gardner@gmail.com,1996-12-30
Angela,Davis,CA,angela.davis@hotmail.com,1951-03-05
Karen,Hoffman,CA,karen.hoffman@hotmail.com,1974-01-24
Rebecca,Young,GB,rebecca.young@yahoo.com,1967-11-13
Joseph,Elliott,US,joseph.elliott@hotmail.com,1978-09-09
Sarah,Young,US,sarah.young@gmail.com,1988-06-29
Carolyn,Obrien,CA,carolyn.obrien@gmail.com,1977-08-10
Ashley,Grimes,US,ashley.grimes@gmail.com,2008-04-29
Tommy,Bridges,NL,tommy.bridges@gmail.com,1971-02-09
Jason,Walters,US,jason.walters@hotmail.com,1969-10-28
Laura,Russell,AU,laura.russell@yahoo.com,1982-10-03
Dawn,Ochoa,FR,dawn.ochoa@hotmail.com,2007-06-17
Lisa,Rodriguez,US,8JtH6Xlisa.rodriguez@hotmail.com,2007-01-12
Sydney,Ross,US,sydney.ross@hotmail.com,1991-12-15
Cody,Alexander,FR,cody.alexander@gmail.com,1989-08-15
Destiny,Sanchez,DE,destiny.sanchez@hotmail.com,1985-04-19
Caitlyn,Robertson,US,caitlyn.robertson@hotmail.com,1975-09-15
Brian,Clark,GB,brian.clark@yahoo.com,1976-09-17
Damon,Whitehead,AU,damon.whitehead@yahoo.com,1983-12-17
Andrew,Sanders,AU,andrew.sanders@gmail.com,1966-12-06
Kyle,Martin,US,kyle.martin@hotmail.com,2007-04-21
Emma,Ruiz,GB,emma.ruiz@yahoo.com,1969-10-13
Zachary,Griffin,US,zachary.griffin@hotmail.com,1988-04-22
Cody,Larson,US,cody.larson@yahoo.com,1957-05-06
Emily,Murray,GB,emily.murray@yahoo.com,2002-08-31
Kelly,Young,DE,kelly.young@gmail.com,2005-08-12
Natalie,Jackson,GB,natalie.jackson@gmail.com,2001-11-08
Geoffrey,Griffin,CA,geoffrey.griffin@yahoo.com,1980-06-12
Amy,Powell,GB,amy.powell@hotmail.com,1985-02-15
Michelle,Kaiser,SE,michelle.kaiser@yahoo.com,1985-05-31
Tracey,Benton,US,tracey.benton@yahoo.com,1981-02-15
Cody,Shah,US,cody.shah@yahoo.com,2008-02-18
Veronica,Davis,CA,veronica.davis@yahoo.com,2006-06-01
Jeffrey,Kirk,CA,jeffrey.kirk@gmail.com,1954-09-14
Christopher,Dixon,GB,christopher.dixon@yahoo.com,1976-04-20
Juan,Perry,NL,juan.perry@hotmail.com,1951-07-23
Shane,Flores,US,shane.flores@hotmail.com,1994-09-17
Tiffany,Benson,GB,tiffany.benson@yahoo.com,1961-01-06
Seth,Little,US,seth.little@yahoo.com,1962-06-26
Mark,Adams,US,mark.adams@hotmail.com,1997-04-07
Aaron,Smith,NL,6P9OSZaaron.smith@gmail.com,1953-01-04
Jeffrey,Watson,GB,jeffrey.watson@hotmail.com,1966-03-02
Eugene,Peck,CA,eugene.peck@yahoo.com,1997-11-09
Hannah,Rich,CA,hannah.rich@hotmail.com,1996-05-19
Robert,Savage,AU,robert.savage@yahoo.com,1995-05-06
Andrew,Rowland,DE,andrew.rowland@hotmail.com,1963-01-28
Amber,Santos,CA,amber.santos@hotmail.com,2007-05-14
Toni,Sawyer,US,toni.sawyer@hotmail.com,1954-12-22
Andrew,Day,US,andrew.day@yahoo.com,1982-07-26
Melinda,Nelson,CA,melinda.nelson@yahoo.com,1972-01-26
Jessica,Hamilton,CA,jessica.hamilton@hotmail.com,1952-01-25
Shelby,Adams,US,shelby.adams@hotmail.com,1973-08-25
Christine,Moreno,GB,christine.moreno@gmail.com,1991-08-27
Kevin,Tucker,US,kevin.tucker@gmail.com,1994-05-11
Robert,Davenport,DE,robert.davenport@hotmail.com,1972-04-11
Sherry,Wilson,CA,sherry.wilson@gmail.com,1993-11-19
Russell,Turner,AU,russell.turner@gmail.com,1967-01-28
Tiffany,Ellis,US,tiffany.ellis@yahoo.com,1993-06-06
Beverly,Freeman,FR,beverly.freeman@gmail.com,2000-03-13
Derek,Lewis,US,derek.lewis@gmail.com,1984-01-22
Lynn,Mccoy,US,lynn.mccoy@hotmail.com,1984-02-19
Lauren,Lewis,FR,lauren.lewis@yahoo.com,1985-04-21
Leah,Valentine,US,leah.valentine@yahoo.com,1980-06-19
David,Atkinson,CA,david.atkinson@gmail.com,1969-08-11
Alexandra,Francis,NL,alexandra.francis@yahoo.com,2001-08-21
Gregory,Brown,US,gregory.brown@hotmail.com,1980-08-21
Jennifer,Hernandez,US,jennifer.hernandez@hotmail.com,1959-04-08
Shelly,Logan,US,shelly.logan@gmail.com,1956-04-23
Jonathan,Scott,US,jonathan.scott@gmail.com,1958-02-18
Shannon,Spears,US,shannon.spears@yahoo.com,1976-11-14
Charles,Roman,DE,charles.roman@yahoo.com,1954-02-08
Thomas,Reed,US,thomas.reed@hotmail.com,1985-12-26
Jacob,Conley,FR,jacob.conley@hotmail.com,2000-02-09
David,Larson,US,david.larson@gmail.com,1972-03-04
Michael,Bailey,CA,michael.bailey@gmail.com,1984-02-28
Kylie,Anderson,NL,kylie.anderson@hotmail.com,1961-07-18
Dennis,Sullivan,DE,dennis.sullivan@gmail.com,1972-08-21
Robert,Harrell,CA,robert.harrell@gmail.com,1972-06-17
Monica,Flowers,US,monica.flowers@yahoo.com,1953-08-13
Joseph,Harris,US,wuoblWjoseph.harris@gmail.com,1952-12-22
Andrea,Weiss,US,andrea.weiss@hotmail.com,1998-04-11
Kayla,Hicks,AU,kayla.hicks@yahoo.com,1979-02-05
Rachel,Stevens,DE,rachel.stevens@gmail.com,1962-08-29
Diana,Williams,CA,diana.williams@hotmail.com,1970-02-09
Nancy,Johns,CA,nancy.johns@gmail.com,1995-08-23
Kyle,Lambert,CA,kyle.lambert@yahoo.com,1955-07-17
Ronald,Barry,AU,ronald.barry@gmail.com,1996-05-10
Katelyn,Johnson,GB,katelyn.johnson@hotmail.com,2002-05-12
Michael,George,US,michael.george@hotmail.com,1957-01-13
Molly,Burns,US,molly.burns@yahoo.com,2002-12-21
Jennifer,Powell,US,jennifer.powell@gmail.com,1950-11-13
Dominique,Edwards,CA,dominique.edwards@yahoo.com,1957-08-28
Haley,Harrington,US,haley.harrington@yahoo.com,2005-09-28
Morgan,Hill,CA,morgan.hill@yahoo.com,1998-02-04
Brittany,Obrien,US,brittany.obrien@gmail.com,1971-11-02
Alison,Chase,US,alison.chase@hotmail.com,1994-07-04
Kelsey,King,CA,kelsey.king@yahoo.com,1995-10-25
Christopher,Bird,US,christopher.bird@hotmail.com,1993-04-15
Benjamin,Edwards,GB,benjamin.edwards@gmail.com,1975-05-28
Katherine,Webster,US,katherine.webster@hotmail.com,1977-02-03
Randy,Garza,US,randy.garza@gmail.com,1964-06-27
Thomas,Mitchell,US,thomas.mitchell@hotmail.com,1994-10-01
Ryan,Wilson,US,ryan.wilson@yahoo.com,1968-04-10
Philip,Webster,US,philip.webster@hotmail.com,2000-05-04
Rachael,Brown,SE,rachael.brown@gmail.com,2002-01-15
Bridget,Mccullough,US,bridget.mccullough@yahoo.com,2001-03-21
Monique,King,US,monique.king@yahoo.com,1967-01-15
Katherine,Miller,DE,katherine.miller@gmail.com,1962-11-14
Jaime,Macias,CA,jaime.macias@hotmail.com,1974-10-02
Megan,Vasquez,CA,megan.vasquez@hotmail.com,1973-05-19
Anthony,Meyer,US,anthony.meyer@gmail.com,1998-01-01
Joseph,Cervantes,GB,zIBaoGjoseph.cervantes@yahoo.com,1951-07-11
Lauren,Allen,US,lauren.allen@hotmail.com,1982-10-03
Darren,Trevino,FR,darren.trevino@yahoo.com,1977-10-06
Laura,Bell,US,laura.bell@hotmail.com,1978-06-26
Jason,Harvey,SE,jason.harvey@hotmail.com,1968-08-25
Nicole,Adams,FR,nicole.adams@gmail.com,1955-12-18
Kelsey,Rodriguez,US,bFOESvkelsey.rodriguez@hotmail.com,1975-05-21
Henry,Sparks,GB,henry.sparks@yahoo.com,2006-05-30
Rachel,Bright,US,rachel.bright@yahoo.com,1976-10-19
Mary,Garcia,US,mary.garcia@yahoo.com,1997-07-16
Nancy,Armstrong,CA,nancy.armstrong@gmail.com,1967-11-19
Brandon,Simpson,CA,brandon.simpson@hotmail.com,1983-12-08
Angel,Elliott,US,angel.elliott@yahoo.com,1973-09-05
David,Hodge,US,david.hodge@gmail.com,1954-01-19
Amy,Kane,US,amy.kane@yahoo.com,1961-04-30
Chad,Adkins,GB,chad.adkins@hotmail.com,1970-12-26
Bonnie,Cole,US,bonnie.cole@yahoo.com,1988-02-14
Joseph,Dunlap,GB,joseph.dunlap@yahoo.com,1996-11-16
Roberta,Morris,CA,roberta.morris@gmail.com,1973-10-22
Timothy,Kelley,US,timothy.kelley@yahoo.com,1971-05-24
Lawrence,Powell,CA,lawrence.powell@yahoo.com,1989-06-20
Anthony,Nguyen,SE,anthony.nguyen@yahoo.com,1996-03-04
Joshua,Mcintosh,US,joshua.mcintosh@hotmail.com,1989-10-23
Whitney,Jackson,US,whitney.jackson@hotmail.com,1982-12-28
Sandra,Gordon,CA,sandra.gordon@hotmail.com,1959-05-23
Alicia,Stuart,GB,alicia.stuart@gmail.com,1963-10-06
Eric,Williamson,FR,eric.williamson@yahoo.com,2001-06-19
Sonya,King,US,sonya.king@gmail.com,1961-01-04
Roy,Ochoa,CA,roy.ochoa@hotmail.com,1974-06-14
Michele,Yoder,US,michele.yoder@gmail.com,1958-12-19
Julie,Gregory,US,julie.gregory@yahoo.com,1987-07-01
David,Schmidt,US,david.schmidt@gmail.com,1986-01-25
Samantha,Jarvis,US,samantha.jarvis@yahoo.com,1985-02-27
Jeffrey,Bridges,AU,jeffrey.bridges@gmail.com,1958-11-06
Jacob,Gaines,CA,jacob.gaines@hotmail.com,1963-08-20
Frank,Burns,US,frank.burns@hotmail.com,1965-06-05
Jessica,Smith,AU,jessica.smith@hotmail.com,1951-06-16
Debra,Beck,US,debra.beck@yahoo.com,1980-03-05
Alexandra,Green,AU,alexandra.green@gmail.com,1962-08-15
Sharon,Franco,US,sharon.franco@hotmail.com,1960-08-14
Kelly,Gilbert,US,kelly.gilbert@yahoo.com,1998-10-27
Kimberly,Walker,GB,dQhzwWkimberly.walker@yahoo.com,1983-01-10
Gina,Johnson,CA,gina.johnson@yahoo.com,1962-05-14
Anthony,Fuller,US,anthony.fuller@hotmail.com,1996-12-12
Jeremiah,Poole,US,jeremiah.poole@yahoo.com,1973-01-19
Austin,Smith,GB,gR97jjaustin.smith@gmail.com,2007-10-27
Nicole,Anderson,SE,nicole.anderson@hotmail.com,1979-05-31
Linda,Mckenzie,FR,linda.mckenzie@yahoo.com,1997-01-23
Alan,Jones,AU,alan.jones@hotmail.com,1979-04-30
Mark,Jones,SE,mark.jones@hotmail.com,1960-01-01
James,Porter,US,james.porter@yahoo.com,1957-03-03
Anthony,Reyes,US,anthony.reyes@yahoo.com,1995-02-09
Miguel,Hunt,US,miguel.hunt@yahoo.com,1954-09-30
Adam,Lloyd,NL,adam.lloyd@gmail.com,1959-09-12
Tyler,Henderson,US,tyler.henderson@gmail.com,1996-11-10
Amber,Rice,CA,amber.rice@yahoo.com,1972-10-06
Jeremy,Villegas,AU,jeremy.villegas@hotmail.com,2001-04-07
Dustin,Gonzalez,US,dustin.gonzalez@yahoo.com,1967-08-31
Edwin,Graham,US,edwin.graham@gmail.com,1968-04-07
Tyler,Conner,AU,tyler.conner@yahoo.com,1997-10-28
Christopher,Miles,US,christopher.miles@hotmail.com,1961-01-25
Suzanne,Jennings,AU,suzanne.jennings@hotmail.com,1974-02-19
Cheryl,Palmer,US,cheryl.palmer@yahoo.com,2000-03-15
Lee,Snyder,US,lee.snyder@gmail.com,1989-05-24
Stephanie,Rios,US,stephanie.rios@yahoo.com,1973-05-15
Courtney,Carr,US,courtney.carr@gmail.com,1995-04-14
Billy,Butler,CA,billy.butler@hotmail.com,1978-12-25
Bryan,Mendoza,US,bryan.mendoza@gmail.com,1965-03-04
Stephanie,Taylor,AU,stephanie.taylor@yahoo.com,1965-11-19
Wendy,Cantu,CA,wendy.cantu@hotmail.com,1981-05-13
Valerie,Reyes,GB,valerie.reyes@hotmail.com,1979-01-16
Alexander,Rodriguez,US,alexander.rodriguez@hotmail.com,1972-09-03
Monique,Gonzalez,NL,monique.gonzalez@yahoo.com,2004-02-22
Ashley,Wilkins,US,ashley.wilkins@gmail.com,1981-04-05
Jonathan,Norris,DE,jonathan.norris@gmail.com,1978-04-05
Tasha,Allen,DE,tasha.allen@yahoo.com,1975-01-13
Nicholas,Hunt,US,nicholas.hunt@yahoo.com,1969-02-13
Melissa,Thomas,GB,melissa.thomas@gmail.com,1953-08-29
Daniel,Hall,US,daniel.hall@yahoo.com,2003-05-04
Christopher,Rivera,US,christopher.rivera@gmail.com,2004-11-14
Patricia,Turner,US,patricia.turner@gmail.com,1985-10-22
Thomas,Gutierrez,CA,thomas.gutierrez@gmail.com,1950-06-25
Jared,Martinez,US,jared.martinez@yahoo.com,1993-01-30
Kevin,Scott,GB,kevin.scott@yahoo.com,1983-08-25
Heather,Thomas,CA,heather.thomas@hotmail.com,1970-11-28
Jennifer,Perry,US,jennifer.perry@gmail.com,1991-09-07
Zachary,Stewart,CA,zachary.stewart@hotmail.com,1997-05-19
Rodney,Cohen,US,rodney.cohen@gmail.com,1992-09-04
James,Parks,US,james.parks@yahoo.com,1966-05-23
Todd,Myers,US,todd.myers@gmail.com,1999-04-22
Alan,Willis,US,alan.willis@yahoo.com,2000-11-01
Jeffrey,Morales,AU,jeffrey.morales@hotmail.com,2002-09-18
Erin,Luna,US,erin.luna@hotmail.com,1970-03-19
Deborah,Cox,US,deborah.cox@hotmail.com,1991-10-01
Michael,Brown,US,michael.brown@hotmail.com,2002-01-06
Ronald,Anderson,GB,ronald.anderson@hotmail.com,2004-11-01
Anthony,Benitez,AU,anthony.benitez@gmail.com,1964-11-25
Lisa,Brewer,CA,lisa.brewer@yahoo.com,1950-08-28
Joshua,Sanders,US,joshua.sanders@yahoo.com,1957-02-03
April,Hood,US,april.hood@gmail.com,2006-08-14
Courtney,Melendez,FR,courtney.melendez@yahoo.com,1971-10-16
Heather,Wright,AU,heather.wright@yahoo.com,1960-02-17
Jennifer,Perez,FR,jennifer.perez@hotmail.com,1986-01-29
Jason,May,GB,jason.may@hotmail.com,1968-08-30
George,Hall,US,george.hall@yahoo.com,1960-05-11
Derrick,Bartlett,DE,derrick.bartlett@yahoo.com,2006-12-10
James,Thomas,CA,james.thomas@hotmail.com,1977-08-23
Ellen,Garcia,CA,ellen.garcia@yahoo.com,1980-10-08
Jim,Tucker,CA,jim.tucker@hotmail.com,2006-12-26
Cynthia,Williams,US,cynthia.williams@hotmail.com,1952-07-06
Donna,Gonzalez,US,donna.gonzalez@hotmail.com,1964-06-12
Jennifer,Duran,US,jennifer.duran@yahoo.com,1955-06-18
Alexis,Tucker,FR,alexis.tucker@hotmail.com,1998-05-12
Carolyn,Palmer,US,carolyn.palmer@gmail.com,1964-04-21
Timothy,Parks,US,timothy.parks@yahoo.com,1992-11-03
Joshua,Green,NL,6Fywwojoshua.green@hotmail.com,2004-04-27
Angela,Sanchez,US,angela.sanchez@hotmail.com,1973-12-13
Christopher,Rodriguez,CA,christopher.rodriguez@hotmail.com,1951-09-04
Brandon,Griffin,US,brandon.griffin@hotmail.com,1973-12-07
Lauren,Shaw,US,lauren.shaw@gmail.com,1979-05-30
Eric,Jones,US,eric.jones@gmail.com,1993-04-04
Erica,Gibson,US,erica.gibson@yahoo.com,2007-11-19
Jeffrey,Schmidt,DE,jeffrey.schmidt@hotmail.com,1981-03-03
Amy,Lopez,GB,amy.lopez@gmail.com,1970-10-15
Samantha,Smith,US,samantha.smith@yahoo.com,1984-01-30
Laura,Delacruz,CA,laura.delacruz@gmail.com,1987-12-04
Joanna,Diaz,CA,joanna.diaz@gmail.com,1953-03-11
Anthony,Jones,US,anthony.jones@hotmail.com,1989-03-15
Tiffany,Juarez,US,tiffany.juarez@yahoo.com,1950-12-18
Annette,Edwards,GB,annette.edwards@yahoo.com,1966-02-11
Stephanie,Zavala,GB,stephanie.zavala@gmail.com,1985-11-06
Gregory,Mendoza,GB,gregory.mendoza@gmail.com,1996-03-14
Julia,Myers,US,julia.myers@gmail.com,2002-07-02
Debbie,Arroyo,DE,debbie.arroyo@gmail.com,1993-06-20
Dwayne,Cameron,US,dwayne.cameron@hotmail.com,1961-10-19
Rebecca,Taylor,US,rebecca.taylor@gmail.com,1974-06-17
Lori,Roberts,US,lori.roberts@gmail.com,2001-10-27
Robert,Ford,US,robert.ford@yahoo.com,1983-07-30
Laura,Frey,AU,laura.frey@hotmail.com,1958-09-07
Joshua,Frazier,DE,joshua.frazier@yahoo.com,1960-06-17
Catherine,Stokes,US,catherine.stokes@gmail.com,2000-08-01
Omar,Steele,CA,omar.steele@hotmail.com,1958-04-23
Kathleen,Fernandez,GB,kathleen.fernandez@hotmail.com,1952-07-01
Katherine,Fitzgerald,CA,katherine.fitzgerald@hotmail.com,1975-10-08
Jeremy,Johnson,DE,bqt8IIjeremy.johnson@gmail.com,1991-05-23
Christina,Williams,AU,christina.williams@yahoo.com,1975-06-30
Jacob,Reyes,US,jacob.reyes@hotmail.com,1996-10-14
Nathan,Mcdonald,CA,nathan.mcdonald@gmail.com,1967-10-15
Tracey,Burns,US,tracey.burns@gmail.com,2000-05-27
Mary,Garcia,US,mary.garcia@hotmail.com,1988-05-08
Melissa,Ryan,CA,melissa.ryan@yahoo.com,1987-07-26
John,Hale,FR,john.hale@gmail.com,1979-03-02
Wendy,Mclaughlin,DE,wendy.mclaughlin@hotmail.com,1976-12-31
Tonya,Oconnor,AU,tonya.oconnor@yahoo.com,2003-05-04
Julia,Montgomery,US,julia.montgomery@gmail.com,1977-02-09
Eric,Simmons,GB,eric.simmons@hotmail.com,1979-09-27
Jessica,Daugherty,CA,jessica.daugherty@gmail.com,1958-04-05
Brenda,Mcdaniel,US,brenda.mcdaniel@hotmail.com,1958-10-21
Curtis,Vaughn,US,curtis.vaughn@yahoo.com,1976-01-27
Tony,Rosales,NL,tony.rosales@yahoo.com,1950-11-13
Austin,Harris,CA,austin.harris@hotmail.com,1960-11-04
Richard,Parker,US,richard.parker@yahoo.com,1953-10-05
Sarah,Patel,CA,sarah.patel@gmail.com,1953-02-13
Barbara,Fisher,CA,barbara.fisher@hotmail.com,1956-02-11
Darryl,Hughes,US,darryl.hughes@gmail.com,1958-08-26
Tammy,Smith,SE,tammy.smith@hotmail.com,1964-10-18
Tina,Evans,US,tina.evans@gmail.com,1967-04-22
Lisa,Nelson,US,lisa.nelson@hotmail.com,1988-02-11
Shannon,Frederick,US,shannon.frederick@yahoo.com,1988-07-10
Donna,Ray,US,donna.ray@gmail.com,1957-09-17
Lauren,Dudley,AU,lauren.dudley@yahoo.com,1957-08-10
Susan,Johnson,US,susan.johnson@hotmail.com,1993-06-26
Sean,Cox,AU,sean.cox@gmail.com,2004-10-02
Emily,Oneal,CA,emily.oneal@gmail.com,1974-06-21
Susan,Willis,US,susan.willis@yahoo.com,1968-12-23
Ariel,Adams,US,ariel.adams@yahoo.com,1991-12-14
Lisa,Foster,CA,lisa.foster@hotmail.com,1996-07-30
Brenda,Russell,GB,brenda.russell@hotmail.com,2003-05-08
Eric,Erickson,US,eric.erickson@gmail.com,1977-09-18
Scott,Garcia,AU,scott.garcia@hotmail.com,1961-09-11
Dawn,Davis,AU,dawn.davis@gmail.com,1981-08-11
Shelley,Black,US,shelley.black@yahoo.com,2000-11-05
Jason,Vargas,AU,jason.vargas@gmail.com,1979-08-05
Lisa,Alexander,GB,lisa.alexander@gmail.com,1971-11-04
Ryan,Booth,CA,ryan.booth@yahoo.com,1965-05-09
Elizabeth,Fernandez,FR,elizabeth.fernandez@yahoo.com,2006-03-07
Lisa,Barry,CA,lisa.barry@gmail.com,2007-07-20
Susan,Tran,US,susan.tran@hotmail.com,1966-11-11
Kaitlyn,Martin,GB,kaitlyn.martin@gmail.com,2002-11-29
William,Dominguez,US,william.dominguez@yahoo.com,1956-12-11
Lauren,Cannon,US,lauren.cannon@gmail.com,1963-08-23
David,Higgins,DE,david.higgins@hotmail.com,1981-03-25
Tina,Keith,CA,tina.keith@hotmail.com,1966-01-28
Chris,Franklin,US,chris.franklin@yahoo.com,1964-01-26
Monica,Velez,GB,monica.velez@yahoo.com,1954-06-19
Misty,Fisher,US,misty.fisher@yahoo.com,1963-05-17
Jeffrey,Shah,CA,jeffrey.shah@hotmail.com,1959-03-21
Sarah,Myers,US,sarah.myers@gmail.com,1955-12-04
Charles,Reed,GB,charles.reed@hotmail.com,1960-10-28
Phillip,Gray,AU,phillip.gray@gmail.com,2005-12-03
Joshua,Crawford,US,joshua.crawford@hotmail.com,2005-04-10
Jason,Williams,US,jason.williams@yahoo.com,1990-11-18
Angela,Alexander,CA,angela.alexander@yahoo.com,1992-08-10
Amber,Collins,CA,amber.collins@yahoo.com,1997-07-05
Jacob,Kirk,NL,jacob.kirk@yahoo.com,1952-12-10
Tara,Mccann,CA,tara.mccann@hotmail.com,1964-08-08
Michael,Griffin,CA,0z9JgSmichael.griffin@gmail.com,1994-11-11
Bradley,Wallace,FR,bradley.wallace@hotmail.com,1985-02-04
Dennis,Garcia,US,dennis.garcia@gmail.com,1959-04-04
Mitchell,Powell,NL,mitchell.powell@gmail.com,1957-06-01
Michael,Snyder,US,michael.snyder@hotmail.com,2000-08-06
Sandra,Meyers,US,sandra.meyers@hotmail.com,1968-01-25
Michael,Jones,US,michael.jones@yahoo.com,1968-08-03
Deborah,Wells,US,deborah.wells@hotmail.com,1974-04-08
Ricky,Marquez,US,ricky.marquez@gmail.com,1977-01-24
Amanda,Miller,US,amanda.miller@hotmail.com,1984-02-10
Carl,Adkins,US,carl.adkins@yahoo.com,1980-09-04
Cody,Villegas,US,cody.villegas@hotmail.com,1957-12-11
Janice,Williams,US,janice.williams@yahoo.com,2003-03-04
Pamela,Wilson,US,pamela.wilson@gmail.com,1977-03-28
Desiree,Blair,US,desiree.blair@hotmail.com,1969-05-09
Ashley,Erickson,US,ashley.erickson@yahoo.com,1951-11-28
Ryan,Davis,US,ryan.davis@hotmail.com,1962-07-04
Barbara,Murray,US,barbara.murray@hotmail.com,1950-11-04
Timothy,Garcia,US,timothy.garcia@gmail.com,2004-05-24
Veronica,Wells,NL,veronica.wells@gmail.com,1953-09-23
Bryan,Brady,US,bryan.brady@yahoo.com,1953-11-03
Monique,Cook,GB,monique.cook@yahoo.com,1975-09-19
Patricia,Gregory,US,patricia.gregory@yahoo.com,1982-01-14
Samantha,Baker,US,samantha.baker@hotmail.com,1957-05-21
Lucas,Jackson,CA,lucas.jackson@hotmail.com,1972-01-05
Regina,Tanner,US,regina.tanner@yahoo.com,1968-03-20
Nicole,Martin,US,nicole.martin@yahoo.com,1958-03-28
Denise,Ford,AU,denise.ford@yahoo.com,1951-12-31
Joshua,Hudson,GB,joshua.hudson@gmail.com,1977-02-26
Ashley,Berg,CA,ashley.berg@gmail.com,1966-03-17
Shannon,Jackson,DE,shannon.jackson@hotmail.com,1955-02-24
Hunter,Rodriguez,US,hunter.rodriguez@hotmail.com,1970-12-21
Randall,Torres,US,randall.torres@hotmail.com,2004-10-13
Kyle,Stein,US,kyle.stein@hotmail.com,1960-09-23
Angela,Rasmussen,US,angela.rasmussen@yahoo.com,1998-03-12
William,Phillips,US,william.phillips@yahoo.com,1951-05-21
Julie,Campbell,US,julie.campbell@gmail.com,2003-03-04
Lucas,Shaw,US,lucas.shaw@gmail.com,1980-05-11
Christopher,Johnson,CA,LeBA9qchristopher.johnson@gmail.com,1989-09-25
Paul,Ellis,CA,S2iJhdpaul.ellis@gmail.com,2004-12-03
Gina,Owen,SE,gina.owen@gmail.com,1955-12-02
Kelli,Branch,GB,kelli.branch@yahoo.com,1994-07-09
Timothy,Patrick,US,timothy.patrick@hotmail.com,1970-03-04
Becky,Gross,US,becky.gross@gmail.com,1963-05-22
Christina,Taylor,CA,christina.taylor@gmail.com,1996-12-22
Logan,Barnett,FR,logan.barnett@gmail.com,1992-09-05
Martin,Newman,GB,martin.newman@hotmail.com,1988-12-24
Joshua,Hall,US,joshua.hall@yahoo.com,1991-07-18
Justin,Wade,US,justin.wade@gmail.com,1963-01-28
Norman,Irwin,CA,norman.irwin@yahoo.com,1964-08-05
Lance,Ortiz,US,lance.ortiz@yahoo.com,1984-06-01
Brandy,Boyer,US,brandy.boyer@gmail.com,1979-08-24
Christopher,Robinson,AU,HyTxLIchristopher.robinson@yahoo.com,1970-02-01
Theodore,Martin,CA,theodore.martin@gmail.com,1992-09-17
Martin,Walker,US,martin.walker@gmail.com,1999-11-05
Elizabeth,Gould,US,elizabeth.gould@yahoo.com,1973-01-21
Lisa,Cross,NL,lisa.cross@gmail.com,2006-01-29
Derrick,Jacobs,FR,derrick.jacobs@hotmail.com,1964-06-26
Janice,Mitchell,CA,janice.mitchell@gmail.com,1986-10-13
Andrew,Roberts,US,andrew.roberts@hotmail.com,1978-07-17
Molly,Gonzalez,US,molly.gonzalez@gmail.com,1989-10-20
Adam,Rios,US,adam.rios@hotmail.com,1988-09-25
Frank,Vaughn,CA,frank.vaughn@hotmail.com,1985-11-04
Susan,Webb,US,susan.webb@hotmail.com,1961-08-16
Michael,Jimenez,FR,michael.jimenez@yahoo.com,1992-07-20
Laurie,Lopez,GB,laurie.lopez@yahoo.com,1996-02-15
Richard,Williams,US,richard.williams@gmail.com,1976-08-28
Morgan,Wong,GB,morgan.wong@hotmail.com,1958-10-23
Daniel,Mayo,DE,daniel.mayo@gmail.com,1990-09-06
Lisa,Mitchell,US,lisa.mitchell@yahoo.com,1972-07-01
Arthur,Lyons,GB,arthur.lyons@yahoo.com,1966-10-24
Amber,Black,AU,amber.black@gmail.com,1996-03-27
Crystal,Garcia,CA,crystal.garcia@gmail.com,1990-04-08
Melanie,Owens,US,melanie.owens@gmail.com,1976-07-22
Craig,Griffin,DE,craig.griffin@yahoo.com,1970-03-27
Philip,Stephenson,US,philip.stephenson@yahoo.com,1996-03-17
Steven,Nelson,CA,steven.nelson@hotmail.com,1965-08-05
Jessica,Mooney,US,jessica.mooney@yahoo.com,1974-04-17
Caroline,Stevens,GB,caroline.stevens@hotmail.com,1954-11-18
Allison,Smith,AU,allison.smith@hotmail.com,1953-08-30
Latasha,Dudley,US,latasha.dudley@hotmail.com,1973-07-13
Sharon,Burke,US,sharon.burke@yahoo.com,1986-01-30
Jason,Green,NL,jason.green@hotmail.com,2004-04-17
David,Edwards,US,david.edwards@yahoo.com,1958-08-01
Justin,Howell,GB,justin.howell@gmail.com,1982-09-04
Katie,Brown,NL,katie.brown@yahoo.com,1998-01-01
Pamela,Jones,US,pamela.jones@gmail.com,1964-04-06
Tina,Stark,US,tina.stark@gmail.com,1952-04-13
Robert,Riddle,US,robert.riddle@yahoo.com,1963-01-17
Bryan,Schultz,US,bryan.schultz@hotmail.com,1973-10-09
Susan,Holden,US,susan.holden@yahoo.com,1998-04-16
Joseph,Aguirre,US,joseph.aguirre@yahoo.com,1997-10-07
Erica,Pacheco,US,erica.pacheco@gmail.com,1967-11-09
Nicholas,Bailey,US,nicholas.bailey@hotmail.com,2002-03-15
Christopher,Stevens,DE,christopher.stevens@gmail.com,1988-03-12
Amy,Brown,US,amy.brown@hotmail.com,1964-12-26
Anthony,Williams,US,anthony.williams@gmail.com,1999-06-15
Rodney,Frank,US,rodney.frank@yahoo.com,1978-05-01
Jessica,Henderson,CA,jessica.henderson@gmail.com,1973-01-09
Lynn,Smith,SE,lynn.smith@hotmail.com,1988-07-31
Barry,Baker,US,barry.baker@yahoo.com,1957-12-12
Julie,Mckay,US,julie.mckay@hotmail.com,1954-06-15
James,Taylor,US,AWM2Tyjames.taylor@yahoo.com,1977-12-01
John,Alexander,US,john.alexander@hotmail.com,1980-03-03
Kenneth,Taylor,DE,kenneth.taylor@yahoo.com,2004-05-30
Courtney,Mendoza,US,courtney.mendoza@gmail.com,1958-07-17
Aaron,Horn,CA,aaron.horn@gmail.com,1995-02-04
Robert,Velez,CA,robert.velez@yahoo.com,1992-09-01
Jason,Oconnell,GB,jason.oconnell@hotmail.com,1953-08-28
Charlene,Walls,US,charlene.walls@hotmail.com,1988-04-20
Nicole,Murphy,FR,nicole.murphy@gmail.com,1966-07-22
Cody,Boyer,US,cody.boyer@gmail.com,1972-04-25
Joshua,Hogan,US,joshua.hogan@gmail.com,1969-05-03
Joseph,Miller,US,joseph.miller@hotmail.com,1956-06-12
Timothy,Morgan,US,timothy.morgan@gmail.com,1991-12-22
Steven,Green,US,steven.green@gmail.com,1956-08-04
Christine,Jensen,US,christine.jensen@hotmail.com,2007-05-02
Jessica,Taylor,AU,jessica.taylor@gmail.com,1971-12-07
Devon,Martinez,DE,devon.martinez@yahoo.com,1983-01-16
Emma,Thompson,US,emma.thompson@gmail.com,1951-05-23
Carl,Baldwin,US,carl.baldwin@yahoo.com,1995-12-07
Natasha,Black,FR,natasha.black@hotmail.com,1984-06-09
Taylor,Jarvis,GB,taylor.jarvis@hotmail.com,2006-04-25
Shane,Williams,US,shane.williams@gmail.com,1975-03-28
Pamela,Jackson,CA,pamela.jackson@gmail.com,1977-03-23
Linda,Lee,US,linda.lee@gmail.com,1975-09-27
Lori,Keller,US,lori.keller@gmail.com,2002-04-20
Patricia,Miller,AU,patricia.miller@yahoo.com,1973-01-16
Kelly,Olson,US,kelly.olson@gmail.com,1974-04-18
Anita,Hansen,AU,anita.hansen@gmail.com,1992-06-23
Joy,Jensen,AU,joy.jensen@yahoo.com,1972-09-15
Luis,Clayton,AU,luis.clayton@hotmail.com,1951-08-02
Diamond,Wilson,CA,diamond.wilson@hotmail.com,1997-07-13
Ricardo,Atkinson,AU,ricardo.atkinson@yahoo.com,1953-06-27
Joseph,Valencia,US,joseph.valencia@gmail.com,2000-03-19
Jennifer,Lowe,SE,jennifer.lowe@gmail.com,1957-12-19
Melinda,Marsh,GB,melinda.marsh@hotmail.com,1990-10-14
Andrea,Perez,US,andrea.perez@hotmail.com,1950-12-15
Joseph,Warren,FR,joseph.warren@yahoo.com,1962-11-13
Anthony,Hoffman,CA,anthony.hoffman@gmail.com,1990-12-27
Tina,Bennett,AU,tina.bennett@yahoo.com,1999-04-23
Cassandra,Davis,AU,cassandra.davis@hotmail.com,1994-11-17
Brenda,Lewis,FR,brenda.lewis@hotmail.com,1985-06-03
Steven,Rodgers,US,steven.rodgers@hotmail.com,1981-08-16
Nancy,Burton,US,nancy.burton@gmail.com,1970-03-05
Paula,Hayes,DE,paula.hayes@hotmail.com,1969-06-25
Christopher,Wong,US,christopher.wong@gmail.com,1953-08-11
William,Perkins,US,william.perkins@gmail.com,1957-05-02
Courtney,Brown,US,courtney.brown@gmail.com,2002-04-03
Kent,Kelley,FR,kent.kelley@gmail.com,1974-05-01
Henry,Davis,CA,henry.davis@yahoo.com,1966-08-31
Rebecca,Coleman,CA,rebecca.coleman@yahoo.com,1985-04-18
Mckenzie,Dixon,US,mckenzie.dixon@yahoo.com,1996-02-06
Brian,Palmer,US,brian.palmer@gmail.com,2002-07-22
Chris,Pope,GB,chris.pope@hotmail.com,1952-11-26
Wanda,Ross,DE,wanda.ross@gmail.com,1956-12-18
Nathan,Brown,US,nathan.brown@yahoo.com,1980-07-31
Kara,Hughes,CA,kara.hughes@hotmail.com,2008-05-26
Anthony,Flynn,GB,anthony.flynn@hotmail.com,1966-02-26
Ashley,Davis,US,ashley.davis@hotmail.com,1988-01-11
James,Wilson,SE,FTVsmjjames.wilson@hotmail.com,1979-03-01
Carrie,Goodwin,US,carrie.goodwin@hotmail.com,1978-12-12
William,Murphy,AU,william.murphy@gmail.com,1986-09-28
Matthew,Blackburn,US,matthew.blackburn@hotmail.com,2001-06-15
Alicia,Tyler,US,alicia.tyler@yahoo.com,2002-02-21
Abigail,Johnson,AU,abigail.johnson@yahoo.com,1981-02-08
Lori,Bennett,NL,lori.bennett@gmail.com,1986-02-26
Martin,Moreno,US,martin.moreno@hotmail.com,1983-06-09
Brian,Ramirez,US,brian.ramirez@yahoo.com,2002-01-25
Lisa,Austin,US,lisa.austin@gmail.com,1986-10-02
Brenda,Wright,US,brenda.wright@hotmail.com,1964-10-22
Daniel,Levy,CA,bTXELkdaniel.levy@hotmail.com,1980-08-07
Amanda,Bailey,US,amanda.bailey@yahoo.com,1981-04-26
Mark,Garcia,US,mark.garcia@yahoo.com,1959-05-07
Nicholas,Perez,US,nicholas.perez@hotmail.com,1993-12-22
Bryan,Smith,FR,X8Ke9Abryan.smith@gmail.com,2001-06-26
Laura,Richardson,US,laura.richardson@hotmail.com,1961-09-24
Leslie,Jones,US,leslie.jones@yahoo.com,1957-12-02
Alexis,Moore,SE,alexis.moore@hotmail.com,1991-06-22
Steven,Conrad,US,steven.conrad@gmail.com,1991-01-29
Jodi,Smith,GB,jodi.smith@gmail.com,1985-11-30
Alexander,Torres,US,alexander.torres@hotmail.com,1960-03-20
Kevin,Smith,AU,kevin.smith@hotmail.com,1986-01-13
Robert,Weber,US,robert.weber@gmail.com,1997-03-30
Allen,Jones,US,allen.jones@gmail.com,1998-03-29
Douglas,Klein,US,douglas.klein@yahoo.com,1998-12-07
Steven,James,NL,steven.james@hotmail.com,1969-12-13
Jessica,Blake,CA,jessica.blake@yahoo.com,1980-09-24
Austin,Miller,CA,austin.miller@gmail.com,1998-12-26
Nicholas,Savage,US,nicholas.savage@yahoo.com,1953-11-07
Samuel,Wright,AU,samuel.wright@yahoo.com,1967-12-22
Christopher,Davis,US,christopher.davis@hotmail.com,1955-03-18
Jasmine,Day,US,jasmine.day@yahoo.com,2005-05-03
Julie,Rose,GB,julie.rose@gmail.com,1993-09-11
Michelle,Lambert,US,michelle.lambert@yahoo.com,1952-11-03
Jeremy,Bradshaw,US,jeremy.bradshaw@hotmail.com,1955-11-23
Jose,Guerrero,CA,jose.guerrero@gmail.com,1957-03-04
Colin,Taylor,US,colin.taylor@gmail.com,1973-10-11
Bobby,Vazquez,CA,bobby.vazquez@yahoo.com,1955-06-11
Virginia,Arnold,US,virginia.arnold@yahoo.com,1997-12-09
Olivia,Collier,CA,olivia.collier@gmail.com,1991-02-15
Michael,Fuller,US,michael.fuller@hotmail.com,1961-09-03
Keith,Alexander,GB,keith.alexander@gmail.com,1993-12-17
Brittany,Hicks,US,brittany.hicks@yahoo.com,1987-10-01
Mary,Freeman,US,mary.freeman@hotmail.com,1998-04-25
Luis,Keller,AU,luis.keller@gmail.com,1987-03-13
Kevin,Osborn,US,kevin.osborn@gmail.com,1984-04-16
Richard,Rush,CA,richard.rush@yahoo.com,2007-01-11
Shelley,Holmes,US,shelley.holmes@hotmail.com,1999-10-12
Brandon,Rodriguez,CA,brandon.rodriguez@hotmail.com,1958-07-10
Shelly,Carlson,US,shelly.carlson@gmail.com,1956-02-04
Brian,Diaz,US,brian.diaz@yahoo.com,1983-10-24
Christina,Cole,US,christina.cole@hotmail.com,1954-01-15
Andrea,Smith,US,andrea.smith@yahoo.com,1994-02-12
Matthew,Myers,US,matthew.myers@yahoo.com,1984-06-18
Crystal,Eaton,AU,crystal.eaton@hotmail.com,1961-12-13
Victor,Romero,US,victor.romero@yahoo.com,1987-10-08
Richard,Perez,US,richard.perez@yahoo.com,1995-07-25
John,Conner,US,john.conner@gmail.com,1990-08-13
Crystal,Stevenson,US,crystal.stevenson@hotmail.com,1995-04-16
Nicholas,Vega,US,nicholas.vega@yahoo.com,2006-08-20
Lauren,Cooper,US,lauren.cooper@gmail.com,1972-12-03
Katrina,Watkins,AU,katrina.watkins@gmail.com,1959-11-14
Donald,Shaw,CA,donald.shaw@gmail.com,1970-11-19
Joseph,Koch,US,joseph.koch@gmail.com,1961-05-31
Frank,Washington,US,frank.washington@gmail.com,1989-06-17
Nathan,Evans,GB,nathan.evans@yahoo.com,1961-05-09
Dustin,Johnson,US,dustin.johnson@gmail.com,1986-02-08
Kristi,Richardson,US,kristi.richardson@yahoo.com,1980-08-03
Michael,Lee,GB,311Yn3michael.lee@gmail.com,1993-01-16
Andre,Campbell,NL,andre.campbell@hotmail.com,1976-01-26
William,Campos,GB,william.campos@gmail.com,1983-05-14
Rachel,Anderson,US,rachel.anderson@yahoo.com,2005-02-04
Amber,Johnson,US,amber.johnson@hotmail.com,1954-04-30
Samuel,Williams,US,samuel.williams@gmail.com,1976-11-11
Cindy,Lee,US,cindy.lee@gmail.com,1976-09-11
Jerry,Morris,AU,jerry.morris@hotmail.com,1984-03-08
Jorge,Burton,AU,jorge.burton@yahoo.com,1957-05-13
Ashley,Gentry,CA,ashley.gentry@hotmail.com,1960-05-22
James,Campbell,GB,james.campbell@gmail.com,1987-10-22
Sydney,Edwards,US,sydney.edwards@gmail.com,1962-09-15
Mary,Wheeler,US,mary.wheeler@gmail.com,2005-07-12
Joshua,Ramirez,US,joshua.ramirez@gmail.com,1992-04-01
Carlos,Monroe,US,carlos.monroe@hotmail.com,1982-02-08
Ricky,Gray,NL,ricky.gray@hotmail.com,2005-12-24
Tina,Jordan,GB,tina.jordan@gmail.com,1959-07-14
Carrie,Garcia,US,carrie.garcia@yahoo.com,1980-11-09
Angela,Bray,CA,angela.bray@yahoo.com,1988-12-13
Sandra,Duncan,US,sandra.duncan@gmail.com,1992-02-17
Nathan,Morgan,US,nathan.morgan@hotmail.com,1999-06-22
Ashley,Thomas,AU,ashley.thomas@gmail.com,2002-08-12
Tiffany,Buckley,GB,tiffany.buckley@gmail.com,1964-03-24
Michael,Alvarado,US,michael.alvarado@gmail.com,1967-03-21
Christine,Berg,CA,christine.berg@hotmail.com,2004-10-25
Chad,Hall,US,chad.hall@gmail.com,1959-01-31
Diane,Shepherd,DE,diane.shepherd@gmail.com,1988-10-09
Debra,Cabrera,GB,debra.cabrera@gmail.com,2003-12-26
Janice,Williams,AU,janice.williams@hotmail.com,1951-08-30
Vincent,Ballard,GB,vincent.ballard@hotmail.com,1994-11-07
Kim,Davidson,US,kim.davidson@yahoo.com,1971-02-23
Latasha,Warren,US,latasha.warren@gmail.com,2002-08-04
Nicole,Oconnell,DE,nicole.oconnell@hotmail.com,1985-08-29
Carrie,Walker,DE,carrie.walker@gmail.com,1953-11-26
Phyllis,Osborne,US,phyllis.osborne@yahoo.com,1988-05-02
Susan,Rodriguez,US,susan.rodriguez@gmail.com,1955-03-01
Robert,Jones,SE,robert.jones@gmail.com,1973-11-12
Joshua,Sanchez,US,joshua.sanchez@yahoo.com,1989-12-28
Joseph,Mendoza,US,Uiw6oijoseph.mendoza@yahoo.com,1960-11-20
Robin,Montgomery,FR,robin.montgomery@hotmail.com,2007-01-24
David,Short,US,david.short@hotmail.com,1988-06-21
Mackenzie,Ryan,CA,mackenzie.ryan@hotmail.com,1966-06-18
Stacy,Allen,US,stacy.allen@hotmail.com,1950-12-12
Gregory,Wright,GB,bKpbn4gregory.wright@yahoo.com,1965-01-19
Carla,Martinez,FR,carla.martinez@hotmail.com,1951-10-12
Yolanda,Riggs,US,yolanda.riggs@gmail.com,2003-07-25
Elizabeth,Finley,US,elizabeth.finley@gmail.com,1967-11-03
Dustin,Castro,DE,dustin.castro@gmail.com,1982-12-11
Timothy,Adams,CA,timothy.adams@gmail.com,1977-05-06
Danielle,Hall,CA,danielle.hall@yahoo.com,1999-10-30
Colin,Mills,AU,colin.mills@gmail.com,1960-05-16
James,Craig,US,james.craig@yahoo.com,2006-01-08
John,Williams,US,x9w47jjohn.williams@gmail.com,1958-03-06
Devin,Carey,US,devin.carey@hotmail.com,1983-10-25
Stephen,Sherman,US,stephen.sherman@gmail.com,1972-12-02
Joseph,Campbell,NL,joseph.campbell@gmail.com,2006-12-06
James,Taylor,SE,CG4Mjdjames.taylor@yahoo.com,1956-10-12
Jessica,Mccormick,SE,jessica.mccormick@gmail.com,1990-10-14
Tiffany,Harris,NL,tiffany.harris@yahoo.com,1981-05-04
Jeffrey,Scott,CA,jeffrey.scott@gmail.com,1971-04-11
Autumn,Gray,US,autumn.gray@hotmail.com,1988-11-05
Emily,Evans,US,emily.evans@hotmail.com,1985-11-11
April,Medina,US,april.medina@hotmail.com,1971-09-21
Michele,Brown,US,michele.brown@yahoo.com,2003-03-10
Gary,Mcdaniel,US,gary.mcdaniel@hotmail.com,1973-09-12
Crystal,Abbott,US,crystal.abbott@hotmail.com,1955-12-21
George,Kennedy,CA,george.kennedy@yahoo.com,1958-12-11
Teresa,Robinson,US,teresa.robinson@yahoo.com,1966-04-04
Christopher,Fitzgerald,SE,christopher.fitzgerald@yahoo.com,1967-10-13
Mark,Diaz,NL,mark.diaz@gmail.com,1969-05-04
Randall,Johnson,GB,randall.johnson@gmail.com,1952-08-17
Stephen,Walker,US,stephen.walker@yahoo.com,1979-01-04
Tiffany,Good,US,tiffany.good@gmail.com,1967-04-01
Diana,Chavez,CA,diana.chavez@hotmail.com,1998-12-09
Melinda,Johnson,US,melinda.johnson@hotmail.com,1968-12-20
David,Miller,GB,david.miller@hotmail.com,1981-09-15
Shannon,Jenkins,US,shannon.jenkins@hotmail.com,1990-10-31
Chelsea,Montes,DE,chelsea.montes@gmail.com,2005-01-02
Christopher,Robinson,US,christopher.robinson@gmail.com,1977-06-18
Leslie,Miller,US,leslie.miller@gmail.com,1994-06-08
Daniel,Manning,US,daniel.manning@hotmail.com,2008-04-29
Desiree,Combs,US,desiree.combs@yahoo.com,1971-03-11
Teresa,Hinton,US,teresa.hinton@yahoo.com,1997-02-12
Bryan,Rich,FR,bryan.rich@yahoo.com,2003-05-17
Howard,Martinez,AU,howard.martinez@gmail.com,1972-08-01
Travis,Riley,US,travis.riley@hotmail.com,1968-01-21
Michael,Morales,US,michael.morales@yahoo.com,1971-04-03
Joshua,Morrison,US,joshua.morrison@yahoo.com,1952-06-26
Katherine,Jimenez,CA,katherine.jimenez@hotmail.com,1991-08-28
Brandon,Cohen,CA,brandon.cohen@hotmail.com,1985-11-29
Francisco,Williams,CA,francisco.williams@yahoo.com,1953-09-12
James,Hernandez,FR,james.hernandez@yahoo.com,1984-08-23
Rebecca,Washington,US,rebecca.washington@gmail.com,1951-04-12
Shirley,Chang,GB,shirley.chang@yahoo.com,1985-02-25
David,Davis,CA,ye7aXddavid.davis@hotmail.com,2000-04-22
Kenneth,Ramos,GB,kenneth.ramos@hotmail.com,1981-11-01
Geoffrey,Mullen,US,geoffrey.mullen@yahoo.com,1971-12-11
Tracy,Patton,US,tracy.patton@gmail.com,1990-09-11
Melissa,Dougherty,US,melissa.dougherty@gmail.com,2007-01-23
Raymond,Perez,GB,raymond.perez@yahoo.com,1979-03-26
Julie,Hanson,CA,julie.hanson@yahoo.com,2002-04-21
Nicole,Garcia,CA,vOSUefnicole.garcia@hotmail.com,1965-05-11
Elizabeth,Clayton,CA,elizabeth.clayton@yahoo.com,1996-04-08
Joseph,Lewis,US,joseph.lewis@hotmail.com,2006-08-03
Drew,Coffey,DE,drew.coffey@hotmail.com,1981-09-03
Maria,Miller,AU,maria.miller@yahoo.com,1987-03-21
Misty,Fields,US,misty.fields@hotmail.com,1965-04-16
Andrea,Adams,DE,andrea.adams@gmail.com,1952-03-11
Amanda,Jones,CA,amanda.jones@hotmail.com,1986-08-11
Thomas,Green,NL,thomas.green@gmail.com,2001-11-07
Jessica,Carter,US,jessica.carter@yahoo.com,1976-01-24
William,Tran,GB,william.tran@yahoo.com,1986-12-06
Lisa,Frey,GB,lisa.frey@hotmail.com,1983-01-24
Gabriel,Blair,DE,gabriel.blair@yahoo.com,1951-02-22
Craig,Phillips,CA,craig.phillips@hotmail.com,1975-07-28
Brooke,Patel,SE,brooke.patel@gmail.com,1986-10-24
Heather,Petersen,GB,heather.petersen@gmail.com,1998-07-07
Michael,Young,GB,michael.young@gmail.com,1989-07-27
Tracy,Scott,US,tracy.scott@gmail.com,2007-03-30
Leah,Lucas,US,leah.lucas@yahoo.com,1975-12-17
Michael,Dodson,NL,michael.dodson@yahoo.com,1980-01-24
Joel,Levy,DE,joel.levy@hotmail.com,1976-10-27
Anthony,Lewis,GB,anthony.lewis@hotmail.com,2000-08-08
Theresa,Hess,US,theresa.hess@yahoo.com,1986-03-10
Ryan,Fowler,GB,ryan.fowler@hotmail.com,1989-07-29
Ruth,Rose,US,ruth.rose@hotmail.com,1961-06-11
Katrina,Jefferson,US,katrina.jefferson@hotmail.com,1954-02-06
Mark,Ellis,FR,mark.ellis@gmail.com,1969-03-07
Cheryl,Pace,US,cheryl.pace@yahoo.com,1968-07-04
Samantha,Watson,DE,samantha.watson@yahoo.com,1972-05-11
Ariana,Gonzalez,US,ariana.gonzalez@hotmail.com,1978-09-12
Anne,Wilson,US,anne.wilson@gmail.com,2003-12-18
Mark,Stewart,US,vxdZN0mark.stewart@yahoo.com,1967-03-27
Amy,Robbins,CA,amy.robbins@hotmail.com,1968-10-07
Christina,Peterson,US,christina.peterson@hotmail.com,1961-10-19
Gregory,Martinez,US,Y0TVz8gregory.martinez@hotmail.com,1959-05-15
Stacy,Carroll,US,stacy.carroll@yahoo.com,2005-06-05
Michelle,Copeland,GB,michelle.copeland@gmail.com,1992-02-18
Rhonda,Cruz,AU,rhonda.cruz@hotmail.com,1998-10-07
Ashley,Soto,US,ashley.soto@gmail.com,1983-12-27
Tracy,Nguyen,CA,tracy.nguyen@hotmail.com,1998-07-20
Katherine,Andrews,GB,katherine.andrews@hotmail.com,1967-03-09
Ashley,Duncan,US,ashley.duncan@gmail.com,1988-08-24
Morgan,Smith,DE,morgan.smith@yahoo.com,1996-10-27
Daniel,Smith,US,SA1KKVdaniel.smith@hotmail.com,1969-10-28
Scott,Hutchinson,US,scott.hutchinson@gmail.com,1977-04-22
Tara,Smith,CA,tara.smith@hotmail.com,1993-04-25
Melissa,Guzman,DE,melissa.guzman@yahoo.com,1953-01-10
Kathleen,Walton,CA,kathleen.walton@hotmail.com,2000-10-18
Noah,Nichols,AU,noah.nichols@gmail.com,2003-05-31
Cole,Moore,AU,cole.moore@hotmail.com,1975-12-26
Sandra,Mccullough,AU,sandra.mccullough@yahoo.com,1973-08-13
Spencer,King,US,spencer.king@yahoo.com,1984-01-21
Jessica,Newton,CA,jessica.newton@hotmail.com,1998-04-26
Eileen,Knapp,US,eileen.knapp@hotmail.com,1963-08-26
Michelle,Rivera,GB,michelle.rivera@gmail.com,1989-01-08
Joshua,Tran,US,joshua.tran@hotmail.com,1995-02-26
Mary,Morrison,US,mary.morrison@yahoo.com,1950-09-25
Kevin,Green,NL,kevin.green@gmail.com,1961-09-13
Andrew,Jones,CA,andrew.jones@yahoo.com,1952-01-14
Stacey,Lang,FR,stacey.lang@gmail.com,1987-07-20
Dana,Taylor,AU,dana.taylor@hotmail.com,1995-02-25
Robert,Garcia,NL,robert.garcia@hotmail.com,1981-06-19
Scott,Day,CA,scott.day@hotmail.com,1950-08-12
Glenn,Herrera,FR,glenn.herrera@hotmail.com,1954-12-16
Chelsea,Harris,US,chelsea.harris@gmail.com,1965-10-01
Anna,Woods,US,anna.woods@yahoo.com,1983-01-30
Sharon,Scott,US,sharon.scott@gmail.com,1961-08-23
Johnathan,Guerrero,US,johnathan.guerrero@yahoo.com,1988-08-22
Jose,Taylor,CA,jose.taylor@hotmail.com,1986-07-03
Donald,Richard,US,donald.richard@gmail.com,1991-12-26
Nathan,Thomas,NL,nathan.thomas@hotmail.com,1981-06-30
Lauren,Pearson,SE,lauren.pearson@gmail.com,1956-11-15
Jason,Anderson,US,jason.anderson@yahoo.com,1984-03-27
Howard,Rivas,US,howard.rivas@yahoo.com,1955-02-08
Ryan,Copeland,US,ryan.copeland@gmail.com,1971-06-04
Beth,Jones,US,beth.jones@hotmail.com,1987-10-23
Katherine,Dominguez,AU,katherine.dominguez@hotmail.com,1977-10-17
Jason,Knapp,DE,jason.knapp@hotmail.com,1956-09-02
Jerry,Davis,CA,jerry.davis@yahoo.com,1950-06-17
Amber,Jones,SE,MWNRz3amber.jones@hotmail.com,1990-06-21
Gloria,Smith,US,gloria.smith@yahoo.com,1976-05-17
Matthew,Smith,DE,matthew.smith@gmail.com,1980-09-05
Amanda,Gibson,DE,amanda.gibson@yahoo.com,1978-03-28
Gregory,Heath,FR,gregory.heath@gmail.com,1973-08-19
Tammy,Carter,US,tammy.carter@yahoo.com,1987-01-09
Dominique,Adams,US,dominique.adams@hotmail.com,1986-08-14
Glenn,Wilkinson,GB,glenn.wilkinson@gmail.com,1999-02-03
Paige,Bradley,US,paige.bradley@yahoo.com,1983-07-02
Kristen,Gibson,GB,kristen.gibson@gmail.com,1988-03-08
Veronica,Rosario,AU,veronica.rosario@yahoo.com,1976-11-01
Kara,Sanders,US,kara.sanders@gmail.com,2006-12-12
Nancy,Jackson,US,nancy.jackson@yahoo.com,1976-11-24
Maria,Gallegos,AU,maria.gallegos@hotmail.com,2002-03-28
Lori,Baker,US,lori.baker@hotmail.com,1994-10-05
Brenda,Houston,GB,brenda.houston@gmail.com,1997-11-29
Karen,Wilson,US,karen.wilson@gmail.com,1992-02-18
Michael,Mitchell,US,xXtoJkmichael.mitchell@hotmail.com,1990-01-29
James,Bailey,US,james.bailey@hotmail.com,1985-09-30
Donna,Bradshaw,SE,donna.bradshaw@hotmail.com,1971-02-22
Maria,Brown,GB,maria.brown@gmail.com,1990-02-12
Natalie,Harper,CA,natalie.harper@gmail.com,2002-06-02
Travis,Crawford,US,travis.crawford@yahoo.com,1967-07-16
Mia,Wiley,US,mia.wiley@gmail.com,1998-12-31
Richard,Hinton,DE,richard.hinton@gmail.com,1956-08-23
Ann,Myers,US,ann.myers@gmail.com,1974-10-29
Richard,Barry,GB,richard.barry@yahoo.com,1956-05-25
Ryan,Adams,GB,ryan.adams@hotmail.com,1951-07-14
Joseph,Rivas,US,joseph.rivas@gmail.com,1988-01-23
Jason,Jones,AU,jason.jones@hotmail.com,1973-12-02
Jasmine,Baker,AU,jasmine.baker@gmail.com,1985-11-16
Steven,Brown,US,steven.brown@gmail.com,1992-08-25
Kristin,Brown,US,kristin.brown@hotmail.com,1976-07-31
Amber,Farmer,US,amber.farmer@yahoo.com,2004-02-17
Joe,Scott,US,joe.scott@gmail.com,1979-07-12
Andrew,Freeman,US,andrew.freeman@gmail.com,1992-09-13
Timothy,Terry,CA,timothy.terry@hotmail.com,1970-10-16
Rhonda,Palmer,AU,rhonda.palmer@yahoo.com,1974-05-30
Jeffrey,Vasquez,US,jeffrey.vasquez@hotmail.com,2008-05-19
Eric,Schultz,US,eric.schultz@yahoo.com,1996-11-08
Daniel,Trujillo,US,daniel.trujillo@gmail.com,1960-04-23
Daniel,Stephens,CA,daniel.stephens@yahoo.com,2000-04-23
Bianca,Holland,US,bianca.holland@hotmail.com,2004-05-30
Laura,Austin,CA,laura.austin@yahoo.com,1952-04-09
Samantha,Benitez,US,samantha.benitez@hotmail.com,1957-02-21
Keith,Williams,US,keith.williams@yahoo.com,1970-08-15
Angelica,Fields,CA,angelica.fields@yahoo.com,1992-04-26
Wanda,Gibson,US,wanda.gibson@yahoo.com,2003-12-03
Matthew,Parks,US,matthew.parks@gmail.com,1962-11-10
Kyle,Thornton,US,kyle.thornton@yahoo.com,1992-11-30
Robert,Melton,US,robert.melton@gmail.com,1985-11-14
Aaron,Hudson,AU,aaron.hudson@yahoo.com,1964-09-27
Douglas,Jensen,US,douglas.jensen@gmail.com,1971-01-31
Jenny,Jacobs,NL,jenny.jacobs@gmail.com,2001-07-18
Melanie,Oneal,US,melanie.oneal@hotmail.com,1994-11-24
Desiree,Martin,CA,desiree.martin@hotmail.com,1979-04-20
Kevin,Rodriguez,US,11o0pYkevin.rodriguez@yahoo.com,1968-09-24
Lauren,Hicks,CA,lauren.hicks@hotmail.com,1996-03-31
Melissa,Wilson,US,melissa.wilson@yahoo.com,1983-12-25
Patrick,Hanson,CA,patrick.hanson@gmail.com,1976-09-27
Jamie,Stone,US,jamie.stone@yahoo.com,1964-04-03
Nicole,Williams,US,nicole.williams@yahoo.com,1951-02-09
Kelly,Bernard,US,kelly.bernard@yahoo.com,1990-05-27
James,Walker,US,zkGq69james.walker@yahoo.com,1998-12-17
Joseph,Harrington,DE,joseph.harrington@gmail.com,1999-10-24
Jessica,Howard,US,jessica.howard@hotmail.com,1994-11-22
Pamela,Cox,US,pamela.cox@gmail.com,2000-05-21
Rachel,Bailey,GB,rachel.bailey@hotmail.com,1962-06-07
Ian,Matthews,DE,ian.matthews@yahoo.com,1955-02-06
Shelby,Williams,GB,shelby.williams@hotmail.com,1993-07-19
Laura,Rodriguez,US,laura.rodriguez@yahoo.com,1985-02-02
Kimberly,Barnes,US,kimberly.barnes@gmail.com,1982-07-27
Kevin,Medina,FR,kevin.medina@hotmail.com,1996-11-30
David,Martinez,US,david.martinez@yahoo.com,2004-03-10
Janet,Mcdowell,CA,janet.mcdowell@yahoo.com,1996-10-16
Diane,Mckinney,FR,diane.mckinney@gmail.com,1957-03-15
Roger,Coleman,US,roger.coleman@yahoo.com,1969-05-25
Donna,Mathews,FR,donna.mathews@yahoo.com,1975-03-14
Adam,Tapia,DE,adam.tapia@gmail.com,1996-03-07
Dean,Sampson,US,dean.sampson@gmail.com,1992-05-07
Christina,Oliver,US,christina.oliver@hotmail.com,1989-11-04
Heather,Herring,US,heather.herring@gmail.com,2003-02-19
Melissa,Brown,US,OO06t4melissa.brown@hotmail.com,1992-11-23
Corey,Jordan,CA,corey.jordan@gmail.com,1978-12-04
Lisa,Larsen,SE,lisa.larsen@yahoo.com,1981-08-14
Amanda,Floyd,CA,amanda.floyd@hotmail.com,2003-05-12
Sabrina,Meyer,CA,sabrina.meyer@gmail.com,1965-05-12
Alexis,Ross,GB,alexis.ross@yahoo.com,2003-02-26
Kelly,Horton,US,kelly.horton@gmail.com,1983-03-11
Matthew,Zamora,US,matthew.zamora@hotmail.com,1954-10-07
Justin,Velasquez,GB,justin.velasquez@gmail.com,1993-07-10
Judy,Campbell,US,judy.campbell@hotmail.com,1979-02-15
Heather,Johnson,US,flCIr0heather.johnson@hotmail.com,1968-12-17
Diane,Drake,GB,diane.drake@hotmail.com,1961-01-21
Erin,Knight,US,erin.knight@hotmail.com,1959-12-21
Victor,Carter,US,victor.carter@gmail.com,1976-04-02
Amanda,Smith,US,amanda.smith@gmail.com,2000-08-27
Carlos,Hernandez,US,41qi4Ucarlos.hernandez@hotmail.com,1978-03-27
Elizabeth,Adams,US,elizabeth.adams@hotmail.com,1954-07-08
Christine,Sloan,US,christine.sloan@yahoo.com,1982-07-11
Phyllis,Cobb,FR,phyllis.cobb@yahoo.com,2006-04-11
Erica,Underwood,GB,erica.underwood@gmail.com,1951-12-06
Joshua,Sutton,CA,joshua.sutton@gmail.com,1985-08-07
Kathleen,Allen,AU,kathleen.allen@hotmail.com,2004-10-05
Lisa,Martin,US,lisa.martin@gmail.com,2005-02-06
Lauren,Diaz,GB,lauren.diaz@gmail.com,1971-11-28
Bradley,Wagner,CA,bradley.wagner@gmail.com,1957-12-20
Luis,Morris,US,luis.morris@yahoo.com,1982-08-29
Eric,Freeman,US,eric.freeman@yahoo.com,1995-12-02
Ryan,Estrada,CA,ryan.estrada@hotmail.com,1979-04-17
Victoria,Aguilar,GB,victoria.aguilar@yahoo.com,1976-12-01
Kevin,Schneider,CA,kevin.schneider@gmail.com,2006-12-12
Jeffery,Byrd,CA,jeffery.byrd@yahoo.com,1979-01-06
Carlos,Palmer,FR,carlos.palmer@gmail.com,1952-02-16
Paul,Thomas,AU,paul.thomas@yahoo.com,1981-05-26
Dorothy,Munoz,CA,dorothy.munoz@gmail.com,2004-06-12
Barry,Escobar,NL,barry.escobar@yahoo.com,1951-10-17
Kaylee,Ray,US,kaylee.ray@hotmail.com,2000-11-09
Jeffrey,Bennett,CA,jeffrey.bennett@gmail.com,1993-02-10
Darren,Wallace,US,darren.wallace@gmail.com,1997-04-23
Penny,Potter,CA,penny.potter@gmail.com,1984-09-06
Kenneth,Hudson,US,kenneth.hudson@hotmail.com,1977-11-20
Stephanie,Fisher,US,stephanie.fisher@gmail.com,2001-03-24
Charles,Ross,US,charles.ross@gmail.com,1993-06-29
Anthony,Oconnor,NL,anthony.oconnor@gmail.com,2007-12-21
Carol,Lee,US,carol.lee@hotmail.com,2007-09-16
Chloe,Davis,FR,chloe.davis@gmail.com,2004-06-06
Debbie,Clark,CA,debbie.clark@yahoo.com,1991-08-19
Bernard,Klein,US,bernard.klein@gmail.com,2000-12-10
Steve,Thompson,US,steve.thompson@hotmail.com,1996-09-15
Thomas,Smith,AU,SRA5AMthomas.smith@yahoo.com,1976-01-06
Robert,Turner,AU,robert.turner@gmail.com,1950-10-03
Darrell,Schultz,CA,darrell.schultz@yahoo.com,1988-12-19
William,Hamilton,US,william.hamilton@hotmail.com,1976-08-18
Savannah,Forbes,US,savannah.forbes@gmail.com,1977-08-15
Amy,Jones,DE,ZkqDMjamy.jones@gmail.com,1977-11-21
Jason,Pacheco,US,jason.pacheco@yahoo.com,1986-08-02
Christina,Lee,CA,christina.lee@yahoo.com,1999-12-22
Emily,Dixon,US,emily.dixon@gmail.com,1961-03-23
Jaclyn,Garcia,US,jaclyn.garcia@hotmail.com,2005-02-13
Shawn,Thompson,GB,shawn.thompson@gmail.com,1965-11-04
Rhonda,Jones,US,rhonda.jones@yahoo.com,1984-09-12
Thomas,Alexander,CA,thomas.alexander@hotmail.com,1994-04-11
Sandra,Newton,AU,sandra.newton@gmail.com,2008-01-15
Kimberly,Franco,US,kimberly.franco@gmail.com,1961-04-05
Andrea,Medina,US,andrea.medina@gmail.com,1985-11-23
Erin,Joseph,FR,erin.joseph@hotmail.com,2002-06-26
Susan,Foster,AU,susan.foster@hotmail.com,1956-07-06
Todd,Brown,FR,todd.brown@gmail.com,1989-01-09
Colin,Jackson,US,colin.jackson@hotmail.com,1974-08-25
Johnathan,Gamble,US,johnathan.gamble@yahoo.com,1954-08-26
Michael,Powell,US,michael.powell@hotmail.com,1989-01-28
Robert,Howe,GB,robert.howe@yahoo.com,2007-12-27
Steven,Cowan,AU,steven.cowan@yahoo.com,1977-08-17
Katherine,Armstrong,GB,katherine.armstrong@hotmail.com,2006-02-19
Shannon,Johnson,US,shannon.johnson@yahoo.com,1954-11-02
Andrew,Stout,CA,andrew.stout@gmail.com,1975-12-20
Brittany,Taylor,NL,brittany.taylor@gmail.com,1959-08-13
Kayla,Carney,AU,kayla.carney@gmail.com,1954-08-09
Eduardo,Jones,AU,eduardo.jones@gmail.com,2004-09-15
Rachael,Garrett,AU,rachael.garrett@gmail.com,1991-04-01
Jason,Cunningham,US,jason.cunningham@yahoo.com,1991-02-27
Erica,Torres,AU,erica.torres@yahoo.com,1997-01-04
Amanda,Brennan,US,amanda.brennan@yahoo.com,1970-07-16
Robert,Davis,CA,robert.davis@hotmail.com,1974-03-12
Andrea,Lester,US,andrea.lester@yahoo.com,2007-12-01
Kyle,Wu,AU,kyle.wu@gmail.com,1959-04-02
Jeremiah,Sherman,US,jeremiah.sherman@gmail.com,1968-11-17
Joseph,Henderson,CA,joseph.henderson@hotmail.com,1979-05-24
Michelle,Kline,DE,michelle.kline@hotmail.com,1985-12-21
Jennifer,Bright,CA,nlpxohjennifer.bright@hotmail.com,1970-01-19
Krista,Shields,CA,krista.shields@hotmail.com,2002-09-21
Bonnie,Rodriguez,CA,bonnie.rodriguez@hotmail.com,2003-03-13
Peter,Scott,AU,peter.scott@yahoo.com,1959-06-21
Adam,Lowe,US,adam.lowe@hotmail.com,1980-03-02
Shannon,Fitzpatrick,US,shannon.fitzpatrick@hotmail.com,1998-02-22
Ronald,Barrett,US,ronald.barrett@hotmail.com,1991-12-15
Jacqueline,Nichols,GB,jacqueline.nichols@hotmail.com,1960-09-22
Jeff,Velez,US,jeff.velez@gmail.com,1999-01-29
Maria,Martinez,US,maria.martinez@hotmail.com,2006-01-14
Patricia,Delgado,US,patricia.delgado@gmail.com,2001-12-08
Sarah,Dougherty,FR,sarah.dougherty@yahoo.com,1981-07-27
Mario,Patrick,US,mario.patrick@hotmail.com,1994-02-15
James,Mercado,GB,james.mercado@gmail.com,2000-04-29
Taylor,Mendoza,US,taylor.mendoza@hotmail.com,1962-09-06
Samantha,Carr,US,samantha.carr@gmail.com,1980-09-22
Pamela,Dennis,GB,pamela.dennis@gmail.com,2003-08-14
Joseph,Aguilar,DE,joseph.aguilar@gmail.com,2004-07-06
Abigail,Kim,GB,abigail.kim@gmail.com,1961-07-15
April,Hunter,FR,april.hunter@gmail.com,1972-09-08
